islem_tipi,tarih,saat,islem_hacmi
EFT,2024-01-02,1,1
EFT,2024-01-02,6,4
EFT,2024-01-02,7,19
EFT,2024-01-02,8,22
EFT,2024-01-02,9,50
EFT,2024-01-02,10,18
EFT,2024-01-02,11,29
EFT,2024-01-02,12,19
EFT,2024-01-02,13,11
EFT,2024-01-02,14,32
EFT,2024-01-02,15,16
EFT,2024-01-02,16,7
EFT,2024-01-02,17,21
EFT,2024-01-02,18,12
EFT,2024-01-02,19,11
EFT,2024-01-02,21,1
EFT,2024-01-02,23,1
EFT,2024-01-03,6,24
EFT,2024-01-03,7,5
EFT,2024-01-03,8,15
EFT,2024-01-03,9,10
EFT,2024-01-03,10,10
EFT,2024-01-03,11,26
EFT,2024-01-03,12,25
EFT,2024-01-03,13,6
EFT,2024-01-03,14,19
EFT,2024-01-03,15,14
EFT,2024-01-03,16,41
EFT,2024-01-03,17,3
EFT,2024-01-03,19,1
EFT,2024-01-04,3,4
EFT,2024-01-04,5,4
EFT,2024-01-04,7,1
EFT,2024-01-04,8,44
EFT,2024-01-04,9,13
EFT,2024-01-04,10,46
EFT,2024-01-04,11,12
EFT,2024-01-04,12,25
EFT,2024-01-04,13,16
EFT,2024-01-04,14,7
EFT,2024-01-04,15,35
EFT,2024-01-04,16,7
EFT,2024-01-04,17,2
EFT,2024-01-04,18,10
EFT,2024-01-05,1,4
EFT,2024-01-05,4,4
EFT,2024-01-05,6,8
EFT,2024-01-05,7,64
EFT,2024-01-05,8,13
EFT,2024-01-05,9,41
EFT,2024-01-05,10,18
EFT,2024-01-05,11,19
EFT,2024-01-05,12,7
EFT,2024-01-05,13,11
EFT,2024-01-05,14,18
EFT,2024-01-05,15,18
EFT,2024-01-05,16,12
EFT,2024-01-05,17,8
EFT,2024-01-05,18,18
EFT,2024-01-08,0,7
EFT,2024-01-08,2,1
EFT,2024-01-08,3,1
EFT,2024-01-08,6,4
EFT,2024-01-08,7,14
EFT,2024-01-08,8,30
EFT,2024-01-08,9,54
EFT,2024-01-08,10,23
EFT,2024-01-08,11,13
EFT,2024-01-08,12,34
EFT,2024-01-08,13,7
EFT,2024-01-08,14,9
EFT,2024-01-08,15,13
EFT,2024-01-08,16,22
EFT,2024-01-08,17,10
EFT,2024-01-08,18,12
EFT,2024-01-08,19,1
EFT,2024-01-09,2,2
EFT,2024-01-09,6,8
EFT,2024-01-09,7,4
EFT,2024-01-09,8,12
EFT,2024-01-09,9,51
EFT,2024-01-09,10,8
EFT,2024-01-09,11,2
EFT,2024-01-09,12,22
EFT,2024-01-09,13,20
EFT,2024-01-09,14,35
EFT,2024-01-09,15,5
EFT,2024-01-09,16,6
EFT,2024-01-09,17,5
EFT,2024-01-09,23,3
EFT,2024-01-10,7,16
EFT,2024-01-10,8,25
EFT,2024-01-10,9,39
EFT,2024-01-10,10,22
EFT,2024-01-10,11,20
EFT,2024-01-10,12,11
EFT,2024-01-10,13,3
EFT,2024-01-10,14,21
EFT,2024-01-10,15,25
EFT,2024-01-10,16,4
EFT,2024-01-10,17,6
EFT,2024-01-10,18,9
EFT,2024-01-10,19,10
EFT,2024-01-11,7,24
EFT,2024-01-11,8,38
EFT,2024-01-11,9,26
EFT,2024-01-11,10,23
EFT,2024-01-11,11,12
EFT,2024-01-11,12,2
EFT,2024-01-11,13,6
EFT,2024-01-11,14,10
EFT,2024-01-11,15,20
EFT,2024-01-11,16,24
EFT,2024-01-11,17,3
EFT,2024-01-11,18,6
EFT,2024-01-11,19,3
EFT,2024-01-12,4,1
EFT,2024-01-12,7,2
EFT,2024-01-12,8,15
EFT,2024-01-12,9,43
EFT,2024-01-12,10,1
EFT,2024-01-12,11,53
EFT,2024-01-12,13,10
EFT,2024-01-12,14,7
EFT,2024-01-12,15,20
EFT,2024-01-12,16,9
EFT,2024-01-12,17,4
EFT,2024-01-12,18,9
EFT,2024-01-12,19,10
EFT,2024-01-15,7,9
EFT,2024-01-15,8,9
EFT,2024-01-15,9,39
EFT,2024-01-15,10,50
EFT,2024-01-15,11,43
EFT,2024-01-15,12,12
EFT,2024-01-15,13,5
EFT,2024-01-15,14,36
EFT,2024-01-15,15,2
EFT,2024-01-15,16,33
EFT,2024-01-15,19,3
EFT,2024-01-16,5,4
EFT,2024-01-16,6,7
EFT,2024-01-16,7,5
EFT,2024-01-16,8,48
EFT,2024-01-16,9,5
EFT,2024-01-16,10,66
EFT,2024-01-16,11,47
EFT,2024-01-16,12,3
EFT,2024-01-16,13,38
EFT,2024-01-16,14,51
EFT,2024-01-16,15,22
EFT,2024-01-16,16,9
EFT,2024-01-16,17,6
EFT,2024-01-16,18,6
EFT,2024-01-16,23,3
EFT,2024-01-17,1,1
EFT,2024-01-17,2,5
EFT,2024-01-17,4,1
EFT,2024-01-17,6,4
EFT,2024-01-17,7,5
EFT,2024-01-17,8,9
EFT,2024-01-17,9,27
EFT,2024-01-17,10,3
EFT,2024-01-17,11,20
EFT,2024-01-17,12,17
EFT,2024-01-17,13,29
EFT,2024-01-17,14,5
EFT,2024-01-17,15,24
EFT,2024-01-17,16,10
EFT,2024-01-17,17,1
EFT,2024-01-17,18,1
EFT,2024-01-17,20,2
EFT,2024-01-17,23,1
EFT,2024-01-18,3,5
EFT,2024-01-18,8,26
EFT,2024-01-18,9,15
EFT,2024-01-18,10,18
EFT,2024-01-18,11,18
EFT,2024-01-18,12,48
EFT,2024-01-18,13,5
EFT,2024-01-18,14,12
EFT,2024-01-18,15,9
EFT,2024-01-18,16,20
EFT,2024-01-18,17,6
EFT,2024-01-18,18,1
EFT,2024-01-19,8,26
EFT,2024-01-19,9,44
EFT,2024-01-19,10,12
EFT,2024-01-19,11,13
EFT,2024-01-19,12,30
EFT,2024-01-19,13,31
EFT,2024-01-19,14,12
EFT,2024-01-19,15,33
EFT,2024-01-19,16,1
EFT,2024-01-19,17,1
EFT,2024-01-19,18,12
EFT,2024-01-19,19,9
EFT,2024-01-22,6,4
EFT,2024-01-22,7,15
EFT,2024-01-22,8,13
EFT,2024-01-22,9,54
EFT,2024-01-22,10,28
EFT,2024-01-22,11,35
EFT,2024-01-22,12,15
EFT,2024-01-22,13,18
EFT,2024-01-22,14,10
EFT,2024-01-22,15,21
EFT,2024-01-22,16,17
EFT,2024-01-22,17,12
EFT,2024-01-22,18,2
EFT,2024-01-22,19,12
EFT,2024-01-23,1,2
EFT,2024-01-23,7,9
EFT,2024-01-23,8,5
EFT,2024-01-23,9,11
EFT,2024-01-23,10,13
EFT,2024-01-23,11,17
EFT,2024-01-23,12,6
EFT,2024-01-23,13,22
EFT,2024-01-23,14,6
EFT,2024-01-23,15,24
EFT,2024-01-23,16,2
EFT,2024-01-23,17,20
EFT,2024-01-23,19,2
EFT,2024-01-23,20,2
EFT,2024-01-24,5,3
EFT,2024-01-24,7,28
EFT,2024-01-24,8,21
EFT,2024-01-24,9,13
EFT,2024-01-24,10,26
EFT,2024-01-24,11,16
EFT,2024-01-24,12,13
EFT,2024-01-24,13,5
EFT,2024-01-24,14,12
EFT,2024-01-24,15,22
EFT,2024-01-24,16,11
EFT,2024-01-24,17,22
EFT,2024-01-24,18,11
EFT,2024-01-24,22,2
EFT,2024-01-25,0,1
EFT,2024-01-25,6,5
EFT,2024-01-25,8,35
EFT,2024-01-25,9,12
EFT,2024-01-25,10,27
EFT,2024-01-25,11,40
EFT,2024-01-25,12,18
EFT,2024-01-25,13,10
EFT,2024-01-25,14,19
EFT,2024-01-25,15,5
EFT,2024-01-25,16,58
EFT,2024-01-25,17,2
EFT,2024-01-25,18,22
EFT,2024-01-25,19,15
EFT,2024-01-25,21,1
EFT,2024-01-26,0,1
EFT,2024-01-26,4,2
EFT,2024-01-26,6,3
EFT,2024-01-26,7,11
EFT,2024-01-26,8,22
EFT,2024-01-26,9,11
EFT,2024-01-26,10,7
EFT,2024-01-26,11,8
EFT,2024-01-26,12,8
EFT,2024-01-26,13,5
EFT,2024-01-26,14,6
EFT,2024-01-26,15,4
EFT,2024-01-26,16,1
EFT,2024-01-26,17,1
EFT,2024-01-26,18,1
EFT,2024-01-26,19,1
EFT,2024-01-29,0,2
EFT,2024-01-29,2,8
EFT,2024-01-29,8,24
EFT,2024-01-29,9,25
EFT,2024-01-29,10,13
EFT,2024-01-29,11,4
EFT,2024-01-29,12,2
EFT,2024-01-29,13,7
EFT,2024-01-29,14,13
EFT,2024-01-29,15,27
EFT,2024-01-29,16,9
EFT,2024-01-29,17,4
EFT,2024-01-29,18,1
EFT,2024-01-29,19,2
EFT,2024-01-29,21,1
EFT,2024-01-29,23,3
EFT,2024-01-30,1,1
EFT,2024-01-30,2,1
EFT,2024-01-30,5,2
EFT,2024-01-30,6,2
EFT,2024-01-30,7,2
EFT,2024-01-30,8,8
EFT,2024-01-30,9,24
EFT,2024-01-30,10,10
EFT,2024-01-30,11,11
EFT,2024-01-30,12,1
EFT,2024-01-30,13,6
EFT,2024-01-30,14,2
EFT,2024-01-30,15,18
EFT,2024-01-30,16,9
EFT,2024-01-30,17,6
EFT,2024-01-30,18,1
EFT,2024-01-30,22,12
EFT,2024-01-31,1,4
EFT,2024-01-31,4,6
EFT,2024-01-31,6,4
EFT,2024-01-31,7,19
EFT,2024-01-31,8,16
EFT,2024-01-31,9,11
EFT,2024-01-31,10,28
EFT,2024-01-31,11,24
EFT,2024-01-31,12,18
EFT,2024-01-31,13,36
EFT,2024-01-31,14,26
EFT,2024-01-31,15,35
EFT,2024-01-31,16,25
EFT,2024-01-31,17,83
EFT,2024-01-31,18,12
EFT,2024-01-31,19,4
EFT,2024-01-31,22,5
EFT,2024-01-31,23,1
EFT,2024-02-01,2,2
EFT,2024-02-01,7,4
EFT,2024-02-01,8,31
EFT,2024-02-01,9,29
EFT,2024-02-01,10,10
EFT,2024-02-01,11,49
EFT,2024-02-01,12,14
EFT,2024-02-01,13,21
EFT,2024-02-01,14,49
EFT,2024-02-01,15,5
EFT,2024-02-01,16,6
EFT,2024-02-01,17,18
EFT,2024-02-01,18,1
EFT,2024-02-01,19,21
EFT,2024-02-02,4,7
EFT,2024-02-02,6,1
EFT,2024-02-02,7,7
EFT,2024-02-02,8,24
EFT,2024-02-02,9,28
EFT,2024-02-02,10,3
EFT,2024-02-02,11,17
EFT,2024-02-02,12,10
EFT,2024-02-02,13,28
EFT,2024-02-02,14,18
EFT,2024-02-02,15,30
EFT,2024-02-02,16,7
EFT,2024-02-02,17,28
EFT,2024-02-02,18,19
EFT,2024-02-02,19,2
EFT,2024-02-05,1,1
EFT,2024-02-05,6,3
EFT,2024-02-05,7,14
EFT,2024-02-05,8,49
EFT,2024-02-05,9,58
EFT,2024-02-05,10,70
EFT,2024-02-05,11,22
EFT,2024-02-05,13,17
EFT,2024-02-05,14,54
EFT,2024-02-05,15,10
EFT,2024-02-05,16,36
EFT,2024-02-05,17,9
EFT,2024-02-05,18,12
EFT,2024-02-05,19,33
EFT,2024-02-05,23,1
EFT,2024-02-06,0,5
EFT,2024-02-06,6,4
EFT,2024-02-06,7,3
EFT,2024-02-06,8,41
EFT,2024-02-06,9,35
EFT,2024-02-06,10,28
EFT,2024-02-06,11,22
EFT,2024-02-06,12,5
EFT,2024-02-06,13,14
EFT,2024-02-06,14,10
EFT,2024-02-06,15,6
EFT,2024-02-06,16,5
EFT,2024-02-06,17,10
EFT,2024-02-06,18,3
EFT,2024-02-07,4,3
EFT,2024-02-07,7,12
EFT,2024-02-07,8,10
EFT,2024-02-07,9,27
EFT,2024-02-07,10,9
EFT,2024-02-07,11,16
EFT,2024-02-07,12,11
EFT,2024-02-07,13,21
EFT,2024-02-07,14,25
EFT,2024-02-07,15,16
EFT,2024-02-07,16,1
EFT,2024-02-07,17,7
EFT,2024-02-07,18,5
EFT,2024-02-08,1,1
EFT,2024-02-08,7,1
EFT,2024-02-08,8,30
EFT,2024-02-08,9,58
EFT,2024-02-08,10,12
EFT,2024-02-08,11,7
EFT,2024-02-08,12,12
EFT,2024-02-08,13,15
EFT,2024-02-08,14,10
EFT,2024-02-08,15,8
EFT,2024-02-08,16,4
EFT,2024-02-08,17,12
EFT,2024-02-08,19,2
EFT,2024-02-08,20,2
EFT,2024-02-09,5,1
EFT,2024-02-09,6,1
EFT,2024-02-09,7,6
EFT,2024-02-09,8,26
EFT,2024-02-09,9,17
EFT,2024-02-09,10,20
EFT,2024-02-09,11,16
EFT,2024-02-09,12,20
EFT,2024-02-09,13,46
EFT,2024-02-09,14,26
EFT,2024-02-09,15,16
EFT,2024-02-09,16,1
EFT,2024-02-09,17,2
EFT,2024-02-09,18,15
EFT,2024-02-12,0,1
EFT,2024-02-12,7,1
EFT,2024-02-12,8,34
EFT,2024-02-12,9,30
EFT,2024-02-12,10,15
EFT,2024-02-12,11,22
EFT,2024-02-12,12,21
EFT,2024-02-12,13,11
EFT,2024-02-12,14,20
EFT,2024-02-12,15,30
EFT,2024-02-12,17,2
EFT,2024-02-12,18,2
EFT,2024-02-13,5,3
EFT,2024-02-13,7,10
EFT,2024-02-13,8,51
EFT,2024-02-13,9,10
EFT,2024-02-13,10,27
EFT,2024-02-13,11,38
EFT,2024-02-13,12,8
EFT,2024-02-13,13,27
EFT,2024-02-13,14,12
EFT,2024-02-13,15,37
EFT,2024-02-13,17,1
EFT,2024-02-13,18,7
EFT,2024-02-13,19,5
EFT,2024-02-13,21,3
EFT,2024-02-14,3,7
EFT,2024-02-14,6,1
EFT,2024-02-14,7,1
EFT,2024-02-14,8,19
EFT,2024-02-14,9,17
EFT,2024-02-14,10,13
EFT,2024-02-14,11,30
EFT,2024-02-14,12,40
EFT,2024-02-14,13,8
EFT,2024-02-14,14,23
EFT,2024-02-14,15,8
EFT,2024-02-14,16,3
EFT,2024-02-14,17,8
EFT,2024-02-14,18,2
EFT,2024-02-14,20,1
EFT,2024-02-15,1,1
EFT,2024-02-15,7,14
EFT,2024-02-15,8,10
EFT,2024-02-15,9,33
EFT,2024-02-15,10,2
EFT,2024-02-15,11,24
EFT,2024-02-15,12,17
EFT,2024-02-15,13,3
EFT,2024-02-15,14,21
EFT,2024-02-15,15,4
EFT,2024-02-15,16,6
EFT,2024-02-15,17,6
EFT,2024-02-15,18,8
EFT,2024-02-15,20,1
EFT,2024-02-15,22,3
EFT,2024-02-16,6,4
EFT,2024-02-16,7,12
EFT,2024-02-16,8,75
EFT,2024-02-16,9,35
EFT,2024-02-16,10,17
EFT,2024-02-16,11,20
EFT,2024-02-16,12,15
EFT,2024-02-16,13,32
EFT,2024-02-16,14,8
EFT,2024-02-16,15,5
EFT,2024-02-16,16,10
EFT,2024-02-16,17,1
EFT,2024-02-16,18,3
EFT,2024-02-16,19,1
EFT,2024-02-16,23,1
EFT,2024-02-19,0,18
EFT,2024-02-19,4,3
EFT,2024-02-19,6,8
EFT,2024-02-19,7,11
EFT,2024-02-19,8,27
EFT,2024-02-19,9,11
EFT,2024-02-19,10,43
EFT,2024-02-19,11,25
EFT,2024-02-19,12,19
EFT,2024-02-19,13,22
EFT,2024-02-19,14,21
EFT,2024-02-19,15,10
EFT,2024-02-19,16,4
EFT,2024-02-19,17,15
EFT,2024-02-19,19,7
EFT,2024-02-19,21,1
EFT,2024-02-20,0,1
EFT,2024-02-20,6,2
EFT,2024-02-20,7,22
EFT,2024-02-20,8,20
EFT,2024-02-20,9,13
EFT,2024-02-20,10,24
EFT,2024-02-20,11,22
EFT,2024-02-20,12,6
EFT,2024-02-20,13,29
EFT,2024-02-20,14,38
EFT,2024-02-20,15,2
EFT,2024-02-20,16,24
EFT,2024-02-20,17,1
EFT,2024-02-20,18,1
EFT,2024-02-20,23,2
EFT,2024-02-21,6,2
EFT,2024-02-21,8,26
EFT,2024-02-21,9,16
EFT,2024-02-21,10,39
EFT,2024-02-21,11,29
EFT,2024-02-21,12,6
EFT,2024-02-21,13,17
EFT,2024-02-21,14,8
EFT,2024-02-21,15,7
EFT,2024-02-21,16,22
EFT,2024-02-21,17,9
EFT,2024-02-21,18,8
EFT,2024-02-21,19,6
EFT,2024-02-22,2,6
EFT,2024-02-22,3,14
EFT,2024-02-22,6,1
EFT,2024-02-22,7,19
EFT,2024-02-22,8,22
EFT,2024-02-22,9,50
EFT,2024-02-22,10,15
EFT,2024-02-22,11,9
EFT,2024-02-22,12,13
EFT,2024-02-22,13,19
EFT,2024-02-22,14,51
EFT,2024-02-22,15,7
EFT,2024-02-22,16,7
EFT,2024-02-22,17,1
EFT,2024-02-22,18,18
EFT,2024-02-22,19,2
EFT,2024-02-23,4,5
EFT,2024-02-23,6,5
EFT,2024-02-23,7,30
EFT,2024-02-23,8,17
EFT,2024-02-23,9,7
EFT,2024-02-23,10,38
EFT,2024-02-23,11,36
EFT,2024-02-23,12,38
EFT,2024-02-23,13,40
EFT,2024-02-23,14,8
EFT,2024-02-23,15,43
EFT,2024-02-23,16,7
EFT,2024-02-23,17,10
EFT,2024-02-23,18,12
EFT,2024-02-23,19,2
EFT,2024-02-26,6,1
EFT,2024-02-26,7,19
EFT,2024-02-26,8,15
EFT,2024-02-26,9,32
EFT,2024-02-26,10,41
EFT,2024-02-26,11,36
EFT,2024-02-26,12,27
EFT,2024-02-26,13,20
EFT,2024-02-26,14,30
EFT,2024-02-26,15,16
EFT,2024-02-26,16,17
EFT,2024-02-26,17,24
EFT,2024-02-26,18,6
EFT,2024-02-26,23,17
EFT,2024-02-27,5,4
EFT,2024-02-27,6,17
EFT,2024-02-27,7,9
EFT,2024-02-27,8,17
EFT,2024-02-27,9,40
EFT,2024-02-27,10,29
EFT,2024-02-27,11,9
EFT,2024-02-27,12,8
EFT,2024-02-27,13,13
EFT,2024-02-27,14,21
EFT,2024-02-27,15,16
EFT,2024-02-27,16,10
EFT,2024-02-27,17,1
EFT,2024-02-27,18,11
EFT,2024-02-27,19,1
EFT,2024-02-27,22,12
EFT,2024-02-28,0,5
EFT,2024-02-28,7,5
EFT,2024-02-28,8,18
EFT,2024-02-28,9,38
EFT,2024-02-28,10,4
EFT,2024-02-28,11,41
EFT,2024-02-28,12,23
EFT,2024-02-28,13,1
EFT,2024-02-28,14,14
EFT,2024-02-28,15,7
EFT,2024-02-28,16,10
EFT,2024-02-28,17,3
EFT,2024-02-28,19,16
EFT,2024-02-29,6,5
EFT,2024-02-29,7,31
EFT,2024-02-29,8,33
EFT,2024-02-29,9,38
EFT,2024-02-29,10,12
EFT,2024-02-29,11,18
EFT,2024-02-29,12,21
EFT,2024-02-29,13,18
EFT,2024-02-29,14,16
EFT,2024-02-29,15,17
EFT,2024-02-29,16,31
EFT,2024-02-29,17,17
EFT,2024-02-29,19,5
EFT,2024-02-29,22,13
EFT,2024-02-29,23,1
EFT,2024-03-01,0,6
EFT,2024-03-01,1,4
EFT,2024-03-01,7,2
EFT,2024-03-01,8,26
EFT,2024-03-01,9,35
EFT,2024-03-01,10,10
EFT,2024-03-01,11,6
EFT,2024-03-01,12,14
EFT,2024-03-01,13,18
EFT,2024-03-01,14,14
EFT,2024-03-01,15,32
EFT,2024-03-01,16,9
EFT,2024-03-01,17,17
EFT,2024-03-01,18,15
EFT,2024-03-01,19,2
EFT,2024-03-01,20,12
EFT,2024-03-04,1,2
EFT,2024-03-04,4,19
EFT,2024-03-04,5,1
EFT,2024-03-04,7,18
EFT,2024-03-04,8,86
EFT,2024-03-04,9,31
EFT,2024-03-04,10,29
EFT,2024-03-04,11,29
EFT,2024-03-04,12,44
EFT,2024-03-04,13,19
EFT,2024-03-04,14,49
EFT,2024-03-04,15,44
EFT,2024-03-04,16,6
EFT,2024-03-04,17,5
EFT,2024-03-04,18,8
EFT,2024-03-04,19,1
EFT,2024-03-04,21,1
EFT,2024-03-05,5,2
EFT,2024-03-05,7,11
EFT,2024-03-05,8,43
EFT,2024-03-05,9,37
EFT,2024-03-05,10,7
EFT,2024-03-05,11,56
EFT,2024-03-05,12,3
EFT,2024-03-05,13,14
EFT,2024-03-05,14,18
EFT,2024-03-05,15,23
EFT,2024-03-05,16,2
EFT,2024-03-05,17,4
EFT,2024-03-05,18,27
EFT,2024-03-05,19,4
EFT,2024-03-05,20,1
EFT,2024-03-05,22,13
EFT,2024-03-06,4,1
EFT,2024-03-06,6,1
EFT,2024-03-06,7,38
EFT,2024-03-06,8,12
EFT,2024-03-06,9,47
EFT,2024-03-06,10,31
EFT,2024-03-06,11,20
EFT,2024-03-06,12,30
EFT,2024-03-06,13,12
EFT,2024-03-06,14,5
EFT,2024-03-06,15,5
EFT,2024-03-06,16,7
EFT,2024-03-06,17,12
EFT,2024-03-06,21,3
EFT,2024-03-06,22,2
EFT,2024-03-06,23,2
EFT,2024-03-07,3,3
EFT,2024-03-07,6,5
EFT,2024-03-07,7,17
EFT,2024-03-07,8,17
EFT,2024-03-07,9,30
EFT,2024-03-07,10,30
EFT,2024-03-07,11,52
EFT,2024-03-07,12,11
EFT,2024-03-07,13,5
EFT,2024-03-07,14,12
EFT,2024-03-07,15,10
EFT,2024-03-07,16,4
EFT,2024-03-07,17,2
EFT,2024-03-07,18,1
EFT,2024-03-08,0,5
EFT,2024-03-08,5,3
EFT,2024-03-08,6,2
EFT,2024-03-08,7,10
EFT,2024-03-08,8,25
EFT,2024-03-08,9,47
EFT,2024-03-08,10,13
EFT,2024-03-08,11,26
EFT,2024-03-08,12,13
EFT,2024-03-08,13,25
EFT,2024-03-08,14,37
EFT,2024-03-08,15,13
EFT,2024-03-08,16,18
EFT,2024-03-08,17,19
EFT,2024-03-08,18,1
EFT,2024-03-08,19,1
EFT,2024-03-08,23,8
EFT,2024-03-11,4,2
EFT,2024-03-11,5,8
EFT,2024-03-11,6,3
EFT,2024-03-11,7,25
EFT,2024-03-11,8,28
EFT,2024-03-11,9,13
EFT,2024-03-11,10,46
EFT,2024-03-11,11,41
EFT,2024-03-11,12,18
EFT,2024-03-11,13,57
EFT,2024-03-11,14,54
EFT,2024-03-11,15,8
EFT,2024-03-11,16,28
EFT,2024-03-11,17,2
EFT,2024-03-11,18,3
EFT,2024-03-11,19,70
EFT,2024-03-11,22,10
EFT,2024-03-12,7,7
EFT,2024-03-12,8,22
EFT,2024-03-12,9,59
EFT,2024-03-12,10,27
EFT,2024-03-12,11,29
EFT,2024-03-12,12,44
EFT,2024-03-12,13,6
EFT,2024-03-12,14,10
EFT,2024-03-12,15,48
EFT,2024-03-12,16,40
EFT,2024-03-12,17,15
EFT,2024-03-12,18,29
EFT,2024-03-12,19,1
EFT,2024-03-12,22,2
EFT,2024-03-12,23,3
EFT,2024-03-13,2,1
EFT,2024-03-13,7,10
EFT,2024-03-13,8,30
EFT,2024-03-13,9,10
EFT,2024-03-13,10,10
EFT,2024-03-13,11,15
EFT,2024-03-13,12,2
EFT,2024-03-13,13,17
EFT,2024-03-13,14,6
EFT,2024-03-13,15,11
EFT,2024-03-13,16,2
EFT,2024-03-13,17,7
EFT,2024-03-13,18,8
EFT,2024-03-13,19,1
EFT,2024-03-13,23,1
EFT,2024-03-14,6,5
EFT,2024-03-14,7,2
EFT,2024-03-14,8,37
EFT,2024-03-14,9,30
EFT,2024-03-14,10,34
EFT,2024-03-14,11,2
EFT,2024-03-14,12,6
EFT,2024-03-14,13,50
EFT,2024-03-14,14,10
EFT,2024-03-14,15,17
EFT,2024-03-14,16,15
EFT,2024-03-14,17,6
EFT,2024-03-14,19,1
EFT,2024-03-15,1,4
EFT,2024-03-15,3,4
EFT,2024-03-15,7,4
EFT,2024-03-15,8,10
EFT,2024-03-15,9,28
EFT,2024-03-15,10,34
EFT,2024-03-15,11,5
EFT,2024-03-15,12,25
EFT,2024-03-15,13,6
EFT,2024-03-15,15,6
EFT,2024-03-15,16,20
EFT,2024-03-15,17,5
EFT,2024-03-15,18,5
EFT,2024-03-15,19,8
EFT,2024-03-15,21,1
EFT,2024-03-18,0,2
EFT,2024-03-18,1,2
EFT,2024-03-18,5,1
EFT,2024-03-18,7,1
EFT,2024-03-18,8,54
EFT,2024-03-18,9,43
EFT,2024-03-18,10,35
EFT,2024-03-18,11,16
EFT,2024-03-18,12,6
EFT,2024-03-18,13,6
EFT,2024-03-18,14,24
EFT,2024-03-18,15,25
EFT,2024-03-18,16,11
EFT,2024-03-18,17,11
EFT,2024-03-18,18,23
EFT,2024-03-18,19,38
EFT,2024-03-19,4,1
EFT,2024-03-19,6,3
EFT,2024-03-19,7,1
EFT,2024-03-19,8,31
EFT,2024-03-19,9,104
EFT,2024-03-19,10,4
EFT,2024-03-19,11,27
EFT,2024-03-19,12,33
EFT,2024-03-19,13,28
EFT,2024-03-19,14,45
EFT,2024-03-19,15,11
EFT,2024-03-19,16,10
EFT,2024-03-19,17,1
EFT,2024-03-19,18,2
EFT,2024-03-19,19,16
EFT,2024-03-19,20,1
EFT,2024-03-19,21,3
EFT,2024-03-20,3,3
EFT,2024-03-20,6,5
EFT,2024-03-20,7,2
EFT,2024-03-20,8,15
EFT,2024-03-20,9,19
EFT,2024-03-20,10,10
EFT,2024-03-20,11,12
EFT,2024-03-20,12,12
EFT,2024-03-20,13,9
EFT,2024-03-20,14,38
EFT,2024-03-20,15,14
EFT,2024-03-20,16,9
EFT,2024-03-20,17,27
EFT,2024-03-20,18,4
EFT,2024-03-20,19,3
EFT,2024-03-21,6,1
EFT,2024-03-21,7,5
EFT,2024-03-21,8,28
EFT,2024-03-21,9,13
EFT,2024-03-21,10,15
EFT,2024-03-21,11,21
EFT,2024-03-21,12,5
EFT,2024-03-21,13,12
EFT,2024-03-21,14,12
EFT,2024-03-21,15,21
EFT,2024-03-21,16,6
EFT,2024-03-21,17,21
EFT,2024-03-21,20,2
EFT,2024-03-21,23,7
EFT,2024-03-22,7,18
EFT,2024-03-22,8,11
EFT,2024-03-22,9,19
EFT,2024-03-22,10,19
EFT,2024-03-22,11,39
EFT,2024-03-22,12,9
EFT,2024-03-22,13,2
EFT,2024-03-22,14,6
EFT,2024-03-22,15,6
EFT,2024-03-22,16,5
EFT,2024-03-22,17,7
EFT,2024-03-22,18,1
EFT,2024-03-22,19,15
EFT,2024-03-25,5,2
EFT,2024-03-25,6,6
EFT,2024-03-25,7,4
EFT,2024-03-25,8,76
EFT,2024-03-25,9,9
EFT,2024-03-25,10,49
EFT,2024-03-25,11,30
EFT,2024-03-25,12,47
EFT,2024-03-25,13,30
EFT,2024-03-25,14,49
EFT,2024-03-25,15,9
EFT,2024-03-25,16,4
EFT,2024-03-25,17,3
EFT,2024-03-25,18,3
EFT,2024-03-25,19,31
EFT,2024-03-25,23,4
EFT,2024-03-26,2,3
EFT,2024-03-26,6,1
EFT,2024-03-26,7,10
EFT,2024-03-26,8,7
EFT,2024-03-26,9,20
EFT,2024-03-26,10,8
EFT,2024-03-26,11,6
EFT,2024-03-26,12,31
EFT,2024-03-26,13,7
EFT,2024-03-26,14,11
EFT,2024-03-26,15,6
EFT,2024-03-26,16,6
EFT,2024-03-26,17,15
EFT,2024-03-26,18,1
EFT,2024-03-26,19,2
EFT,2024-03-26,20,1
EFT,2024-03-26,23,6
EFT,2024-03-27,0,3
EFT,2024-03-27,6,25
EFT,2024-03-27,7,24
EFT,2024-03-27,8,30
EFT,2024-03-27,9,8
EFT,2024-03-27,10,26
EFT,2024-03-27,11,28
EFT,2024-03-27,12,13
EFT,2024-03-27,13,4
EFT,2024-03-27,14,30
EFT,2024-03-27,15,7
EFT,2024-03-27,16,10
EFT,2024-03-27,17,11
EFT,2024-03-27,18,2
EFT,2024-03-27,19,3
EFT,2024-03-28,6,9
EFT,2024-03-28,7,4
EFT,2024-03-28,8,4
EFT,2024-03-28,9,16
EFT,2024-03-28,10,6
EFT,2024-03-28,11,22
EFT,2024-03-28,12,4
EFT,2024-03-28,13,4
EFT,2024-03-28,14,34
EFT,2024-03-28,15,2
EFT,2024-03-28,16,1
EFT,2024-03-28,17,1
EFT,2024-03-28,18,6
EFT,2024-03-28,19,1
EFT,2024-03-29,4,1
EFT,2024-03-29,5,8
EFT,2024-03-29,7,30
EFT,2024-03-29,8,8
EFT,2024-03-29,9,16
EFT,2024-03-29,10,18
EFT,2024-03-29,11,15
EFT,2024-03-29,12,7
EFT,2024-03-29,13,6
EFT,2024-03-29,14,16
EFT,2024-03-29,15,3
EFT,2024-03-29,16,16
EFT,2024-03-29,17,3
EFT,2024-03-29,18,1
EFT,2024-03-29,20,1
EFT,2024-04-01,6,18
EFT,2024-04-01,7,11
EFT,2024-04-01,8,3
EFT,2024-04-01,9,96
EFT,2024-04-01,10,27
EFT,2024-04-01,11,17
EFT,2024-04-01,12,31
EFT,2024-04-01,13,43
EFT,2024-04-01,14,6
EFT,2024-04-01,15,25
EFT,2024-04-01,16,3
EFT,2024-04-01,17,29
EFT,2024-04-01,19,6
EFT,2024-04-01,22,2
EFT,2024-04-02,4,4
EFT,2024-04-02,6,2
EFT,2024-04-02,7,20
EFT,2024-04-02,8,16
EFT,2024-04-02,9,62
EFT,2024-04-02,10,61
EFT,2024-04-02,11,13
EFT,2024-04-02,12,5
EFT,2024-04-02,13,51
EFT,2024-04-02,14,40
EFT,2024-04-02,15,51
EFT,2024-04-02,16,10
EFT,2024-04-02,17,9
EFT,2024-04-02,18,7
EFT,2024-04-03,7,15
EFT,2024-04-03,8,13
EFT,2024-04-03,9,23
EFT,2024-04-03,10,82
EFT,2024-04-03,11,24
EFT,2024-04-03,12,12
EFT,2024-04-03,13,5
EFT,2024-04-03,14,20
EFT,2024-04-03,15,22
EFT,2024-04-03,16,12
EFT,2024-04-03,17,1
EFT,2024-04-03,18,6
EFT,2024-04-03,19,2
EFT,2024-04-04,0,1
EFT,2024-04-04,1,6
EFT,2024-04-04,6,3
EFT,2024-04-04,7,18
EFT,2024-04-04,8,5
EFT,2024-04-04,9,9
EFT,2024-04-04,10,9
EFT,2024-04-04,11,33
EFT,2024-04-04,12,15
EFT,2024-04-04,13,14
EFT,2024-04-04,14,2
EFT,2024-04-04,15,8
EFT,2024-04-04,16,14
EFT,2024-04-04,17,8
EFT,2024-04-04,22,1
EFT,2024-04-05,2,5
EFT,2024-04-05,3,2
EFT,2024-04-05,6,3
EFT,2024-04-05,7,3
EFT,2024-04-05,8,16
EFT,2024-04-05,9,17
EFT,2024-04-05,10,28
EFT,2024-04-05,11,25
EFT,2024-04-05,12,16
EFT,2024-04-05,13,11
EFT,2024-04-05,14,10
EFT,2024-04-05,15,11
EFT,2024-04-05,16,3
EFT,2024-04-05,17,9
EFT,2024-04-05,21,5
EFT,2024-04-08,5,7
EFT,2024-04-08,6,2
EFT,2024-04-08,7,12
EFT,2024-04-08,8,11
EFT,2024-04-08,9,43
EFT,2024-04-08,10,13
EFT,2024-04-08,11,18
EFT,2024-04-08,12,48
EFT,2024-04-08,13,18
EFT,2024-04-08,14,63
EFT,2024-04-08,15,41
EFT,2024-04-08,16,17
EFT,2024-04-08,17,39
EFT,2024-04-08,18,14
EFT,2024-04-08,19,1
EFT,2024-04-08,21,4
EFT,2024-04-08,23,9
EFT,2024-04-09,6,7
EFT,2024-04-09,7,5
EFT,2024-04-09,8,34
EFT,2024-04-09,9,16
EFT,2024-04-09,10,13
EFT,2024-04-09,11,14
EFT,2024-04-09,12,8
EFT,2024-04-09,13,18
EFT,2024-04-09,14,19
EFT,2024-04-09,15,5
EFT,2024-04-09,16,5
EFT,2024-04-09,17,5
EFT,2024-04-09,18,6
EFT,2024-04-09,19,1
EFT,2024-04-09,20,4
EFT,2024-04-15,1,4
EFT,2024-04-15,3,7
EFT,2024-04-15,6,6
EFT,2024-04-15,7,21
EFT,2024-04-15,8,13
EFT,2024-04-15,9,81
EFT,2024-04-15,10,38
EFT,2024-04-15,11,16
EFT,2024-04-15,12,28
EFT,2024-04-15,13,52
EFT,2024-04-15,14,12
EFT,2024-04-15,15,14
EFT,2024-04-15,16,12
EFT,2024-04-15,17,8
EFT,2024-04-15,18,1
EFT,2024-04-15,19,4
EFT,2024-04-15,20,7
EFT,2024-04-15,21,8
EFT,2024-04-15,22,10
EFT,2024-04-16,0,1
EFT,2024-04-16,1,4
EFT,2024-04-16,6,14
EFT,2024-04-16,7,15
EFT,2024-04-16,8,48
EFT,2024-04-16,9,24
EFT,2024-04-16,10,6
EFT,2024-04-16,11,19
EFT,2024-04-16,12,29
EFT,2024-04-16,13,16
EFT,2024-04-16,14,36
EFT,2024-04-16,15,27
EFT,2024-04-16,16,7
EFT,2024-04-16,17,4
EFT,2024-04-16,18,18
EFT,2024-04-16,20,1
EFT,2024-04-16,21,1
EFT,2024-04-17,7,7
EFT,2024-04-17,8,41
EFT,2024-04-17,9,9
EFT,2024-04-17,10,38
EFT,2024-04-17,11,43
EFT,2024-04-17,12,27
EFT,2024-04-17,13,1
EFT,2024-04-17,14,15
EFT,2024-04-17,15,30
EFT,2024-04-17,16,37
EFT,2024-04-17,17,1
EFT,2024-04-17,18,17
EFT,2024-04-17,19,10
EFT,2024-04-17,20,2
EFT,2024-04-18,6,2
EFT,2024-04-18,7,15
EFT,2024-04-18,8,20
EFT,2024-04-18,9,30
EFT,2024-04-18,10,4
EFT,2024-04-18,11,30
EFT,2024-04-18,12,6
EFT,2024-04-18,13,2
EFT,2024-04-18,14,20
EFT,2024-04-18,15,14
EFT,2024-04-18,16,20
EFT,2024-04-18,17,10
EFT,2024-04-18,18,2
EFT,2024-04-18,19,3
EFT,2024-04-18,20,2
EFT,2024-04-18,23,5
EFT,2024-04-19,1,4
EFT,2024-04-19,7,10
EFT,2024-04-19,8,9
EFT,2024-04-19,9,26
EFT,2024-04-19,10,9
EFT,2024-04-19,11,10
EFT,2024-04-19,12,2
EFT,2024-04-19,13,4
EFT,2024-04-19,14,8
EFT,2024-04-19,15,1
EFT,2024-04-19,16,23
EFT,2024-04-19,17,5
EFT,2024-04-19,19,3
EFT,2024-04-22,1,4
EFT,2024-04-22,5,2
EFT,2024-04-22,7,22
EFT,2024-04-22,8,35
EFT,2024-04-22,9,5
EFT,2024-04-22,10,11
EFT,2024-04-22,11,9
EFT,2024-04-22,12,6
EFT,2024-04-22,13,15
EFT,2024-04-22,14,3
EFT,2024-04-22,15,12
EFT,2024-04-22,16,4
EFT,2024-04-22,17,4
EFT,2024-04-22,19,3
EFT,2024-04-24,6,9
EFT,2024-04-24,7,2
EFT,2024-04-24,8,72
EFT,2024-04-24,9,13
EFT,2024-04-24,10,35
EFT,2024-04-24,11,29
EFT,2024-04-24,12,25
EFT,2024-04-24,13,9
EFT,2024-04-24,14,14
EFT,2024-04-24,15,19
EFT,2024-04-24,16,7
EFT,2024-04-24,17,4
EFT,2024-04-25,6,9
EFT,2024-04-25,8,14
EFT,2024-04-25,9,33
EFT,2024-04-25,10,17
EFT,2024-04-25,11,1
EFT,2024-04-25,12,14
EFT,2024-04-25,13,11
EFT,2024-04-25,14,14
EFT,2024-04-25,15,21
EFT,2024-04-25,16,13
EFT,2024-04-25,18,13
EFT,2024-04-25,19,11
EFT,2024-04-25,20,1
EFT,2024-04-25,22,12
EFT,2024-04-26,3,1
EFT,2024-04-26,5,3
EFT,2024-04-26,6,2
EFT,2024-04-26,8,26
EFT,2024-04-26,9,7
EFT,2024-04-26,10,14
EFT,2024-04-26,11,26
EFT,2024-04-26,12,22
EFT,2024-04-26,13,10
EFT,2024-04-26,14,18
EFT,2024-04-26,15,19
EFT,2024-04-26,16,5
EFT,2024-04-26,17,7
EFT,2024-04-26,18,13
EFT,2024-04-26,19,8
EFT,2024-04-26,20,1
EFT,2024-04-26,23,1
EFT,2024-04-29,7,87
EFT,2024-04-29,8,22
EFT,2024-04-29,9,67
EFT,2024-04-29,10,87
EFT,2024-04-29,11,7
EFT,2024-04-29,12,5
EFT,2024-04-29,13,11
EFT,2024-04-29,14,8
EFT,2024-04-29,15,61
EFT,2024-04-29,16,6
EFT,2024-04-29,17,10
EFT,2024-04-29,18,3
EFT,2024-04-29,19,5
EFT,2024-04-29,22,9
EFT,2024-04-30,7,28
EFT,2024-04-30,8,14
EFT,2024-04-30,9,12
EFT,2024-04-30,10,7
EFT,2024-04-30,11,30
EFT,2024-04-30,12,27
EFT,2024-04-30,13,10
EFT,2024-04-30,14,14
EFT,2024-04-30,15,20
EFT,2024-04-30,16,8
EFT,2024-04-30,17,1
EFT,2024-04-30,18,3
EFT,2024-04-30,19,3
EFT,2024-04-30,21,1
EFT,2024-04-30,22,1
EFT,2024-05-02,6,10
EFT,2024-05-02,7,13
EFT,2024-05-02,8,31
EFT,2024-05-02,9,49
EFT,2024-05-02,10,29
EFT,2024-05-02,11,51
EFT,2024-05-02,12,6
EFT,2024-05-02,13,27
EFT,2024-05-02,14,7
EFT,2024-05-02,15,15
EFT,2024-05-02,16,8
EFT,2024-05-02,17,5
EFT,2024-05-02,18,1
EFT,2024-05-02,19,10
EFT,2024-05-02,22,1
EFT,2024-05-03,2,3
EFT,2024-05-03,3,2
EFT,2024-05-03,5,5
EFT,2024-05-03,6,3
EFT,2024-05-03,7,9
EFT,2024-05-03,8,42
EFT,2024-05-03,9,37
EFT,2024-05-03,11,10
EFT,2024-05-03,12,33
EFT,2024-05-03,13,5
EFT,2024-05-03,14,13
EFT,2024-05-03,15,27
EFT,2024-05-03,16,18
EFT,2024-05-03,17,7
EFT,2024-05-03,18,17
EFT,2024-05-03,19,16
EFT,2024-05-06,1,3
EFT,2024-05-06,3,1
EFT,2024-05-06,6,1
EFT,2024-05-06,7,10
EFT,2024-05-06,8,47
EFT,2024-05-06,9,8
EFT,2024-05-06,10,27
EFT,2024-05-06,11,63
EFT,2024-05-06,12,22
EFT,2024-05-06,13,51
EFT,2024-05-06,14,23
EFT,2024-05-06,15,57
EFT,2024-05-06,16,6
EFT,2024-05-06,17,19
EFT,2024-05-06,19,2
EFT,2024-05-06,20,2
EFT,2024-05-06,22,1
EFT,2024-05-06,23,8
EFT,2024-05-07,6,4
EFT,2024-05-07,7,29
EFT,2024-05-07,8,22
EFT,2024-05-07,9,14
EFT,2024-05-07,10,38
EFT,2024-05-07,11,9
EFT,2024-05-07,12,4
EFT,2024-05-07,13,8
EFT,2024-05-07,14,16
EFT,2024-05-07,15,19
EFT,2024-05-07,16,22
EFT,2024-05-07,17,1
EFT,2024-05-07,20,3
EFT,2024-05-07,23,1
EFT,2024-05-08,3,1
EFT,2024-05-08,4,3
EFT,2024-05-08,5,13
EFT,2024-05-08,6,6
EFT,2024-05-08,7,31
EFT,2024-05-08,8,7
EFT,2024-05-08,9,19
EFT,2024-05-08,10,15
EFT,2024-05-08,11,14
EFT,2024-05-08,12,8
EFT,2024-05-08,13,8
EFT,2024-05-08,14,10
EFT,2024-05-08,15,4
EFT,2024-05-08,16,5
EFT,2024-05-08,17,6
EFT,2024-05-08,20,10
EFT,2024-05-08,21,1
EFT,2024-05-09,0,17
EFT,2024-05-09,7,55
EFT,2024-05-09,8,17
EFT,2024-05-09,9,67
EFT,2024-05-09,10,21
EFT,2024-05-09,11,13
EFT,2024-05-09,12,16
EFT,2024-05-09,13,31
EFT,2024-05-09,14,36
EFT,2024-05-09,15,10
EFT,2024-05-09,16,18
EFT,2024-05-09,17,3
EFT,2024-05-09,18,2
EFT,2024-05-09,19,1
EFT,2024-05-09,23,1
EFT,2024-05-10,6,14
EFT,2024-05-10,7,2
EFT,2024-05-10,8,15
EFT,2024-05-10,9,31
EFT,2024-05-10,10,59
EFT,2024-05-10,11,38
EFT,2024-05-10,12,34
EFT,2024-05-10,13,27
EFT,2024-05-10,14,15
EFT,2024-05-10,15,10
EFT,2024-05-10,16,4
EFT,2024-05-10,17,1
EFT,2024-05-10,18,12
EFT,2024-05-13,6,3
EFT,2024-05-13,7,1
EFT,2024-05-13,8,20
EFT,2024-05-13,9,13
EFT,2024-05-13,10,8
EFT,2024-05-13,11,36
EFT,2024-05-13,12,15
EFT,2024-05-13,13,21
EFT,2024-05-13,14,38
EFT,2024-05-13,15,13
EFT,2024-05-13,16,2
EFT,2024-05-13,18,4
EFT,2024-05-14,2,5
EFT,2024-05-14,4,2
EFT,2024-05-14,7,6
EFT,2024-05-14,8,6
EFT,2024-05-14,9,21
EFT,2024-05-14,10,64
EFT,2024-05-14,11,26
EFT,2024-05-14,12,21
EFT,2024-05-14,13,3
EFT,2024-05-14,14,36
EFT,2024-05-14,15,20
EFT,2024-05-14,16,22
EFT,2024-05-14,17,15
EFT,2024-05-14,19,1
EFT,2024-05-14,21,41
EFT,2024-05-15,1,1
EFT,2024-05-15,4,1
EFT,2024-05-15,6,1
EFT,2024-05-15,7,5
EFT,2024-05-15,8,7
EFT,2024-05-15,9,50
EFT,2024-05-15,10,26
EFT,2024-05-15,11,25
EFT,2024-05-15,12,15
EFT,2024-05-15,13,16
EFT,2024-05-15,14,42
EFT,2024-05-15,15,21
EFT,2024-05-15,16,4
EFT,2024-05-15,18,9
EFT,2024-05-15,19,8
EFT,2024-05-15,21,6
EFT,2024-05-16,6,2
EFT,2024-05-16,8,3
EFT,2024-05-16,9,20
EFT,2024-05-16,10,9
EFT,2024-05-16,11,6
EFT,2024-05-16,12,6
EFT,2024-05-16,13,31
EFT,2024-05-16,14,22
EFT,2024-05-16,15,9
EFT,2024-05-16,16,16
EFT,2024-05-16,17,8
EFT,2024-05-16,18,4
EFT,2024-05-16,19,1
EFT,2024-05-16,22,6
EFT,2024-05-17,2,2
EFT,2024-05-17,3,1
EFT,2024-05-17,6,2
EFT,2024-05-17,7,7
EFT,2024-05-17,8,9
EFT,2024-05-17,9,5
EFT,2024-05-17,10,20
EFT,2024-05-17,11,17
EFT,2024-05-17,12,2
EFT,2024-05-17,13,10
EFT,2024-05-17,14,51
EFT,2024-05-17,15,31
EFT,2024-05-17,16,17
EFT,2024-05-17,17,1
EFT,2024-05-17,19,9
EFT,2024-05-20,2,21
EFT,2024-05-20,3,5
EFT,2024-05-20,5,21
EFT,2024-05-20,7,3
EFT,2024-05-20,8,4
EFT,2024-05-20,9,42
EFT,2024-05-20,10,29
EFT,2024-05-20,11,54
EFT,2024-05-20,12,1
EFT,2024-05-20,13,18
EFT,2024-05-20,14,21
EFT,2024-05-20,15,23
EFT,2024-05-20,16,5
EFT,2024-05-20,18,6
EFT,2024-05-20,20,2
EFT,2024-05-20,22,3
EFT,2024-05-21,3,1
EFT,2024-05-21,6,5
EFT,2024-05-21,7,12
EFT,2024-05-21,8,14
EFT,2024-05-21,9,26
EFT,2024-05-21,10,2
EFT,2024-05-21,11,26
EFT,2024-05-21,12,43
EFT,2024-05-21,13,18
EFT,2024-05-21,14,23
EFT,2024-05-21,15,4
EFT,2024-05-21,16,45
EFT,2024-05-21,17,13
EFT,2024-05-21,18,3
EFT,2024-05-21,19,2
EFT,2024-05-22,6,1
EFT,2024-05-22,7,13
EFT,2024-05-22,8,31
EFT,2024-05-22,9,47
EFT,2024-05-22,10,32
EFT,2024-05-22,11,11
EFT,2024-05-22,12,7
EFT,2024-05-22,13,3
EFT,2024-05-22,14,22
EFT,2024-05-22,15,25
EFT,2024-05-22,16,16
EFT,2024-05-22,17,9
EFT,2024-05-22,18,2
EFT,2024-05-22,22,10
EFT,2024-05-23,7,1
EFT,2024-05-23,8,16
EFT,2024-05-23,9,33
EFT,2024-05-23,10,20
EFT,2024-05-23,11,17
EFT,2024-05-23,12,3
EFT,2024-05-23,13,32
EFT,2024-05-23,14,39
EFT,2024-05-23,16,1
EFT,2024-05-23,17,4
EFT,2024-05-23,18,6
EFT,2024-05-23,19,2
EFT,2024-05-23,21,1
EFT,2024-05-23,22,1
EFT,2024-05-24,3,3
EFT,2024-05-24,7,4
EFT,2024-05-24,8,27
EFT,2024-05-24,9,9
EFT,2024-05-24,10,11
EFT,2024-05-24,11,30
EFT,2024-05-24,12,12
EFT,2024-05-24,13,23
EFT,2024-05-24,14,37
EFT,2024-05-24,15,3
EFT,2024-05-24,16,11
EFT,2024-05-24,17,2
EFT,2024-05-24,19,2
EFT,2024-05-27,5,1
EFT,2024-05-27,6,34
EFT,2024-05-27,7,7
EFT,2024-05-27,8,19
EFT,2024-05-27,9,30
EFT,2024-05-27,10,70
EFT,2024-05-27,11,16
EFT,2024-05-27,12,26
EFT,2024-05-27,13,67
EFT,2024-05-27,14,34
EFT,2024-05-27,15,18
EFT,2024-05-27,16,3
EFT,2024-05-27,17,3
EFT,2024-05-27,18,19
EFT,2024-05-27,19,8
EFT,2024-05-27,20,1
EFT,2024-05-27,21,18
EFT,2024-05-28,4,2
EFT,2024-05-28,6,3
EFT,2024-05-28,7,7
EFT,2024-05-28,8,11
EFT,2024-05-28,9,20
EFT,2024-05-28,10,29
EFT,2024-05-28,11,21
EFT,2024-05-28,12,14
EFT,2024-05-28,13,2
EFT,2024-05-28,14,4
EFT,2024-05-28,15,16
EFT,2024-05-28,16,5
EFT,2024-05-28,17,2
EFT,2024-05-28,21,3
EFT,2024-05-29,0,3
EFT,2024-05-29,1,1
EFT,2024-05-29,7,23
EFT,2024-05-29,8,20
EFT,2024-05-29,9,5
EFT,2024-05-29,10,22
EFT,2024-05-29,11,7
EFT,2024-05-29,12,3
EFT,2024-05-29,13,6
EFT,2024-05-29,14,5
EFT,2024-05-29,15,16
EFT,2024-05-29,16,19
EFT,2024-05-29,17,8
EFT,2024-05-29,18,27
EFT,2024-05-30,5,1
EFT,2024-05-30,6,2
EFT,2024-05-30,7,1
EFT,2024-05-30,8,30
EFT,2024-05-30,9,35
EFT,2024-05-30,10,29
EFT,2024-05-30,11,20
EFT,2024-05-30,12,20
EFT,2024-05-30,13,11
EFT,2024-05-30,14,21
EFT,2024-05-30,15,12
EFT,2024-05-30,16,16
EFT,2024-05-30,17,2
EFT,2024-05-30,18,2
EFT,2024-05-30,19,4
EFT,2024-05-30,21,1
EFT,2024-05-31,1,9
EFT,2024-05-31,6,2
EFT,2024-05-31,7,27
EFT,2024-05-31,8,8
EFT,2024-05-31,9,72
EFT,2024-05-31,10,13
EFT,2024-05-31,11,57
EFT,2024-05-31,12,9
EFT,2024-05-31,13,18
EFT,2024-05-31,14,10
EFT,2024-05-31,15,33
EFT,2024-05-31,16,41
EFT,2024-05-31,17,2
EFT,2024-05-31,18,3
EFT,2024-05-31,19,3
EFT,2024-06-03,4,1
EFT,2024-06-03,7,9
EFT,2024-06-03,8,39
EFT,2024-06-03,9,17
EFT,2024-06-03,10,31
EFT,2024-06-03,11,22
EFT,2024-06-03,12,24
EFT,2024-06-03,13,14
EFT,2024-06-03,14,4
EFT,2024-06-03,15,16
EFT,2024-06-03,16,15
EFT,2024-06-03,17,15
EFT,2024-06-03,18,3
EFT,2024-06-03,19,3
EFT,2024-06-04,2,2
EFT,2024-06-04,5,1
EFT,2024-06-04,7,3
EFT,2024-06-04,8,16
EFT,2024-06-04,9,25
EFT,2024-06-04,10,22
EFT,2024-06-04,11,16
EFT,2024-06-04,12,3
EFT,2024-06-04,13,17
EFT,2024-06-04,14,27
EFT,2024-06-04,15,22
EFT,2024-06-04,16,4
EFT,2024-06-04,17,4
EFT,2024-06-04,18,10
EFT,2024-06-04,19,2
EFT,2024-06-04,20,7
EFT,2024-06-04,21,1
EFT,2024-06-05,1,7
EFT,2024-06-05,3,1
EFT,2024-06-05,8,30
EFT,2024-06-05,9,24
EFT,2024-06-05,10,35
EFT,2024-06-05,11,5
EFT,2024-06-05,12,1
EFT,2024-06-05,13,2
EFT,2024-06-05,14,3
EFT,2024-06-05,15,21
EFT,2024-06-05,16,19
EFT,2024-06-05,18,2
EFT,2024-06-05,19,11
EFT,2024-06-05,21,4
EFT,2024-06-06,0,17
EFT,2024-06-06,6,3
EFT,2024-06-06,7,10
EFT,2024-06-06,8,7
EFT,2024-06-06,9,27
EFT,2024-06-06,10,21
EFT,2024-06-06,11,13
EFT,2024-06-06,12,8
EFT,2024-06-06,13,27
EFT,2024-06-06,14,22
EFT,2024-06-06,15,13
EFT,2024-06-06,16,18
EFT,2024-06-06,17,12
EFT,2024-06-06,19,3
EFT,2024-06-06,23,2
EFT,2024-06-07,1,1
EFT,2024-06-07,7,4
EFT,2024-06-07,8,16
EFT,2024-06-07,9,39
EFT,2024-06-07,10,22
EFT,2024-06-07,11,45
EFT,2024-06-07,12,44
EFT,2024-06-07,13,18
EFT,2024-06-07,14,11
EFT,2024-06-07,15,2
EFT,2024-06-07,16,6
EFT,2024-06-07,17,6
EFT,2024-06-07,19,12
EFT,2024-06-10,0,2
EFT,2024-06-10,2,31
EFT,2024-06-10,4,19
EFT,2024-06-10,5,2
EFT,2024-06-10,7,15
EFT,2024-06-10,8,15
EFT,2024-06-10,9,41
EFT,2024-06-10,10,30
EFT,2024-06-10,11,77
EFT,2024-06-10,12,26
EFT,2024-06-10,13,4
EFT,2024-06-10,14,58
EFT,2024-06-10,15,7
EFT,2024-06-10,17,5
EFT,2024-06-10,18,4
EFT,2024-06-10,19,2
EFT,2024-06-10,22,2
EFT,2024-06-10,23,1
EFT,2024-06-11,1,6
EFT,2024-06-11,4,3
EFT,2024-06-11,7,8
EFT,2024-06-11,8,25
EFT,2024-06-11,9,22
EFT,2024-06-11,10,32
EFT,2024-06-11,11,26
EFT,2024-06-11,12,17
EFT,2024-06-11,13,32
EFT,2024-06-11,14,15
EFT,2024-06-11,15,26
EFT,2024-06-11,16,3
EFT,2024-06-11,17,13
EFT,2024-06-11,18,7
EFT,2024-06-11,23,2
EFT,2024-06-12,1,9
EFT,2024-06-12,5,2
EFT,2024-06-12,7,12
EFT,2024-06-12,8,15
EFT,2024-06-12,9,9
EFT,2024-06-12,10,76
EFT,2024-06-12,11,4
EFT,2024-06-12,12,37
EFT,2024-06-12,13,17
EFT,2024-06-12,14,28
EFT,2024-06-12,15,65
EFT,2024-06-12,16,6
EFT,2024-06-12,17,24
EFT,2024-06-12,20,5
EFT,2024-06-12,23,2
EFT,2024-06-13,0,21
EFT,2024-06-13,7,25
EFT,2024-06-13,8,28
EFT,2024-06-13,9,61
EFT,2024-06-13,10,35
EFT,2024-06-13,11,5
EFT,2024-06-13,12,2
EFT,2024-06-13,13,4
EFT,2024-06-13,14,7
EFT,2024-06-13,15,18
EFT,2024-06-13,16,1
EFT,2024-06-13,18,49
EFT,2024-06-13,19,15
EFT,2024-06-13,21,2
EFT,2024-06-13,22,6
EFT,2024-06-14,1,5
EFT,2024-06-14,6,3
EFT,2024-06-14,7,20
EFT,2024-06-14,8,6
EFT,2024-06-14,9,27
EFT,2024-06-14,10,15
EFT,2024-06-14,11,5
EFT,2024-06-14,12,12
EFT,2024-06-14,13,1
EFT,2024-06-14,14,22
EFT,2024-06-14,15,12
EFT,2024-06-14,16,4
EFT,2024-06-14,17,6
EFT,2024-06-14,18,2
EFT,2024-06-14,19,2
EFT,2024-06-14,21,3
EFT,2024-06-20,4,26
EFT,2024-06-20,5,32
EFT,2024-06-20,6,7
EFT,2024-06-20,7,19
EFT,2024-06-20,8,15
EFT,2024-06-20,9,31
EFT,2024-06-20,10,37
EFT,2024-06-20,11,52
EFT,2024-06-20,13,8
EFT,2024-06-20,14,2
EFT,2024-06-20,15,56
EFT,2024-06-20,16,28
EFT,2024-06-20,17,14
EFT,2024-06-20,18,10
EFT,2024-06-20,21,1
EFT,2024-06-20,22,3
EFT,2024-06-21,0,5
EFT,2024-06-21,1,1
EFT,2024-06-21,2,2
EFT,2024-06-21,3,1
EFT,2024-06-21,7,20
EFT,2024-06-21,8,8
EFT,2024-06-21,9,48
EFT,2024-06-21,10,42
EFT,2024-06-21,11,14
EFT,2024-06-21,12,8
EFT,2024-06-21,13,18
EFT,2024-06-21,14,10
EFT,2024-06-21,15,22
EFT,2024-06-21,16,16
EFT,2024-06-21,17,7
EFT,2024-06-21,18,6
EFT,2024-06-21,19,3
EFT,2024-06-21,20,8
EFT,2024-06-24,0,2
EFT,2024-06-24,4,1
EFT,2024-06-24,6,5
EFT,2024-06-24,7,1
EFT,2024-06-24,8,31
EFT,2024-06-24,9,19
EFT,2024-06-24,10,23
EFT,2024-06-24,11,17
EFT,2024-06-24,12,3
EFT,2024-06-24,13,17
EFT,2024-06-24,14,24
EFT,2024-06-24,15,10
EFT,2024-06-24,16,4
EFT,2024-06-24,17,18
EFT,2024-06-24,18,2
EFT,2024-06-24,19,1
EFT,2024-06-24,22,2
EFT,2024-06-25,4,4
EFT,2024-06-25,6,3
EFT,2024-06-25,7,3
EFT,2024-06-25,8,7
EFT,2024-06-25,9,9
EFT,2024-06-25,10,32
EFT,2024-06-25,11,55
EFT,2024-06-25,12,14
EFT,2024-06-25,13,13
EFT,2024-06-25,14,9
EFT,2024-06-25,15,4
EFT,2024-06-25,16,14
EFT,2024-06-25,17,1
EFT,2024-06-25,18,1
EFT,2024-06-25,19,5
EFT,2024-06-26,4,2
EFT,2024-06-26,5,8
EFT,2024-06-26,7,4
EFT,2024-06-26,8,29
EFT,2024-06-26,9,31
EFT,2024-06-26,10,11
EFT,2024-06-26,11,10
EFT,2024-06-26,12,17
EFT,2024-06-26,13,16
EFT,2024-06-26,14,15
EFT,2024-06-26,15,1
EFT,2024-06-26,16,10
EFT,2024-06-26,17,44
EFT,2024-06-26,18,5
EFT,2024-06-26,19,2
EFT,2024-06-27,6,4
EFT,2024-06-27,7,7
EFT,2024-06-27,8,17
EFT,2024-06-27,9,20
EFT,2024-06-27,10,19
EFT,2024-06-27,11,11
EFT,2024-06-27,12,5
EFT,2024-06-27,13,41
EFT,2024-06-27,14,26
EFT,2024-06-27,15,14
EFT,2024-06-27,16,2
EFT,2024-06-27,17,6
EFT,2024-06-27,18,7
EFT,2024-06-27,19,7
EFT,2024-06-27,20,2
EFT,2024-06-28,0,1
EFT,2024-06-28,2,2
EFT,2024-06-28,3,7
EFT,2024-06-28,7,5
EFT,2024-06-28,8,22
EFT,2024-06-28,9,23
EFT,2024-06-28,10,17
EFT,2024-06-28,11,5
EFT,2024-06-28,12,11
EFT,2024-06-28,13,4
EFT,2024-06-28,14,18
EFT,2024-06-28,15,14
EFT,2024-06-28,16,8
EFT,2024-06-28,19,2
EFT,2024-06-28,21,1
EFT,2024-07-01,2,1
EFT,2024-07-01,3,1
EFT,2024-07-01,4,4
EFT,2024-07-01,6,31
EFT,2024-07-01,7,21
EFT,2024-07-01,8,11
EFT,2024-07-01,9,52
EFT,2024-07-01,10,131
EFT,2024-07-01,11,62
EFT,2024-07-01,12,33
EFT,2024-07-01,13,21
EFT,2024-07-01,14,18
EFT,2024-07-01,15,64
EFT,2024-07-01,16,3
EFT,2024-07-01,17,4
EFT,2024-07-01,18,3
EFT,2024-07-01,19,11
EFT,2024-07-01,20,2
EFT,2024-07-02,0,2
EFT,2024-07-02,6,3
EFT,2024-07-02,7,3
EFT,2024-07-02,8,18
EFT,2024-07-02,9,40
EFT,2024-07-02,10,41
EFT,2024-07-02,11,19
EFT,2024-07-02,12,13
EFT,2024-07-02,13,7
EFT,2024-07-02,14,26
EFT,2024-07-02,15,24
EFT,2024-07-02,16,13
EFT,2024-07-02,17,27
EFT,2024-07-02,18,4
EFT,2024-07-02,19,2
EFT,2024-07-02,23,3
EFT,2024-07-03,7,9
EFT,2024-07-03,8,9
EFT,2024-07-03,9,19
EFT,2024-07-03,10,28
EFT,2024-07-03,11,14
EFT,2024-07-03,12,11
EFT,2024-07-03,13,6
EFT,2024-07-03,14,7
EFT,2024-07-03,15,2
EFT,2024-07-03,16,12
EFT,2024-07-03,17,4
EFT,2024-07-03,18,6
EFT,2024-07-04,0,9
EFT,2024-07-04,1,1
EFT,2024-07-04,7,9
EFT,2024-07-04,8,42
EFT,2024-07-04,9,9
EFT,2024-07-04,10,21
EFT,2024-07-04,11,6
EFT,2024-07-04,12,3
EFT,2024-07-04,13,10
EFT,2024-07-04,14,11
EFT,2024-07-04,15,52
EFT,2024-07-04,16,21
EFT,2024-07-04,17,15
EFT,2024-07-04,18,3
EFT,2024-07-04,19,1
EFT,2024-07-05,0,7
EFT,2024-07-05,2,2
EFT,2024-07-05,6,4
EFT,2024-07-05,8,33
EFT,2024-07-05,9,12
EFT,2024-07-05,10,28
EFT,2024-07-05,11,6
EFT,2024-07-05,12,3
EFT,2024-07-05,13,16
EFT,2024-07-05,14,22
EFT,2024-07-05,15,23
EFT,2024-07-05,16,12
EFT,2024-07-05,17,3
EFT,2024-07-05,18,2
EFT,2024-07-05,19,25
EFT,2024-07-08,5,1
EFT,2024-07-08,6,7
EFT,2024-07-08,7,24
EFT,2024-07-08,8,19
EFT,2024-07-08,9,39
EFT,2024-07-08,10,28
EFT,2024-07-08,11,12
EFT,2024-07-08,12,31
EFT,2024-07-08,13,5
EFT,2024-07-08,14,11
EFT,2024-07-08,15,8
EFT,2024-07-08,16,16
EFT,2024-07-09,1,2
EFT,2024-07-09,2,1
EFT,2024-07-09,6,14
EFT,2024-07-09,7,2
EFT,2024-07-09,8,4
EFT,2024-07-09,9,71
EFT,2024-07-09,10,94
EFT,2024-07-09,11,3
EFT,2024-07-09,12,29
EFT,2024-07-09,13,24
EFT,2024-07-09,14,14
EFT,2024-07-09,15,26
EFT,2024-07-09,16,3
EFT,2024-07-09,17,3
EFT,2024-07-09,18,4
EFT,2024-07-09,19,14
EFT,2024-07-09,23,2
EFT,2024-07-10,4,4
EFT,2024-07-10,6,2
EFT,2024-07-10,7,10
EFT,2024-07-10,8,8
EFT,2024-07-10,9,35
EFT,2024-07-10,10,20
EFT,2024-07-10,11,24
EFT,2024-07-10,12,12
EFT,2024-07-10,13,34
EFT,2024-07-10,14,14
EFT,2024-07-10,15,6
EFT,2024-07-10,16,3
EFT,2024-07-10,18,44
EFT,2024-07-10,19,17
EFT,2024-07-10,21,4
EFT,2024-07-10,23,1
EFT,2024-07-11,0,2
EFT,2024-07-11,4,11
EFT,2024-07-11,7,32
EFT,2024-07-11,8,23
EFT,2024-07-11,9,17
EFT,2024-07-11,10,24
EFT,2024-07-11,11,25
EFT,2024-07-11,12,17
EFT,2024-07-11,13,31
EFT,2024-07-11,14,16
EFT,2024-07-11,15,1
EFT,2024-07-11,16,13
EFT,2024-07-11,17,1
EFT,2024-07-11,18,6
EFT,2024-07-11,19,4
EFT,2024-07-11,23,7
EFT,2024-07-12,2,3
EFT,2024-07-12,7,4
EFT,2024-07-12,8,10
EFT,2024-07-12,9,35
EFT,2024-07-12,10,13
EFT,2024-07-12,11,1
EFT,2024-07-12,12,3
EFT,2024-07-12,13,28
EFT,2024-07-12,14,9
EFT,2024-07-12,15,7
EFT,2024-07-12,16,12
EFT,2024-07-12,18,8
EFT,2024-07-12,20,1
EFT,2024-07-16,4,2
EFT,2024-07-16,5,2
EFT,2024-07-16,6,12
EFT,2024-07-16,7,29
EFT,2024-07-16,8,28
EFT,2024-07-16,9,25
EFT,2024-07-16,10,50
EFT,2024-07-16,11,44
EFT,2024-07-16,12,30
EFT,2024-07-16,13,5
EFT,2024-07-16,14,33
EFT,2024-07-16,15,18
EFT,2024-07-16,16,8
EFT,2024-07-16,17,3
EFT,2024-07-16,18,4
EFT,2024-07-16,19,1
EFT,2024-07-16,20,1
EFT,2024-07-17,2,28
EFT,2024-07-17,4,14
EFT,2024-07-17,6,9
EFT,2024-07-17,7,14
EFT,2024-07-17,8,36
EFT,2024-07-17,9,12
EFT,2024-07-17,10,20
EFT,2024-07-17,11,10
EFT,2024-07-17,12,36
EFT,2024-07-17,13,35
EFT,2024-07-17,14,14
EFT,2024-07-17,15,25
EFT,2024-07-17,16,11
EFT,2024-07-17,17,1
EFT,2024-07-17,18,1
EFT,2024-07-17,22,12
EFT,2024-07-18,0,1
EFT,2024-07-18,7,4
EFT,2024-07-18,8,22
EFT,2024-07-18,9,20
EFT,2024-07-18,10,13
EFT,2024-07-18,11,26
EFT,2024-07-18,12,46
EFT,2024-07-18,13,26
EFT,2024-07-18,14,12
EFT,2024-07-18,15,29
EFT,2024-07-18,16,15
EFT,2024-07-18,17,55
EFT,2024-07-18,18,3
EFT,2024-07-18,21,1
EFT,2024-07-18,22,5
EFT,2024-07-18,23,8
EFT,2024-07-19,1,10
EFT,2024-07-19,7,9
EFT,2024-07-19,8,16
EFT,2024-07-19,9,19
EFT,2024-07-19,10,5
EFT,2024-07-19,11,15
EFT,2024-07-19,12,5
EFT,2024-07-19,13,38
EFT,2024-07-19,14,10
EFT,2024-07-19,15,3
EFT,2024-07-19,16,33
EFT,2024-07-19,17,7
EFT,2024-07-19,18,1
EFT,2024-07-22,0,1
EFT,2024-07-22,4,2
EFT,2024-07-22,5,2
EFT,2024-07-22,6,1
EFT,2024-07-22,7,10
EFT,2024-07-22,8,11
EFT,2024-07-22,9,35
EFT,2024-07-22,10,22
EFT,2024-07-22,11,13
EFT,2024-07-22,12,18
EFT,2024-07-22,13,18
EFT,2024-07-22,14,24
EFT,2024-07-22,15,1
EFT,2024-07-22,16,11
EFT,2024-07-22,17,14
EFT,2024-07-22,18,7
EFT,2024-07-22,19,6
EFT,2024-07-22,20,1
EFT,2024-07-22,23,1
EFT,2024-07-23,1,2
EFT,2024-07-23,2,9
EFT,2024-07-23,4,8
EFT,2024-07-23,6,3
EFT,2024-07-23,7,24
EFT,2024-07-23,8,31
EFT,2024-07-23,9,30
EFT,2024-07-23,10,12
EFT,2024-07-23,11,28
EFT,2024-07-23,12,17
EFT,2024-07-23,13,11
EFT,2024-07-23,14,25
EFT,2024-07-23,15,6
EFT,2024-07-23,16,6
EFT,2024-07-23,17,41
EFT,2024-07-23,18,1
EFT,2024-07-23,19,12
EFT,2024-07-23,22,1
EFT,2024-07-23,23,5
EFT,2024-07-24,0,6
EFT,2024-07-24,2,8
EFT,2024-07-24,5,2
EFT,2024-07-24,6,2
EFT,2024-07-24,7,9
EFT,2024-07-24,8,66
EFT,2024-07-24,9,21
EFT,2024-07-24,10,7
EFT,2024-07-24,11,28
EFT,2024-07-24,12,5
EFT,2024-07-24,13,14
EFT,2024-07-24,14,14
EFT,2024-07-24,15,10
EFT,2024-07-24,16,16
EFT,2024-07-24,17,12
EFT,2024-07-24,18,1
EFT,2024-07-24,23,1
EFT,2024-07-25,4,1
EFT,2024-07-25,7,15
EFT,2024-07-25,8,43
EFT,2024-07-25,9,38
EFT,2024-07-25,10,44
EFT,2024-07-25,11,5
EFT,2024-07-25,12,13
EFT,2024-07-25,13,31
EFT,2024-07-25,14,25
EFT,2024-07-25,15,43
EFT,2024-07-25,16,18
EFT,2024-07-25,17,4
EFT,2024-07-25,19,8
EFT,2024-07-25,23,3
EFT,2024-07-26,7,1
EFT,2024-07-26,8,14
EFT,2024-07-26,9,25
EFT,2024-07-26,10,6
EFT,2024-07-26,11,7
EFT,2024-07-26,12,4
EFT,2024-07-26,13,22
EFT,2024-07-26,14,13
EFT,2024-07-26,15,3
EFT,2024-07-26,16,21
EFT,2024-07-26,18,10
EFT,2024-07-26,19,2
EFT,2024-07-29,6,15
EFT,2024-07-29,7,1
EFT,2024-07-29,8,19
EFT,2024-07-29,9,72
EFT,2024-07-29,10,26
EFT,2024-07-29,11,82
EFT,2024-07-29,12,34
EFT,2024-07-29,13,3
EFT,2024-07-29,14,21
EFT,2024-07-29,15,19
EFT,2024-07-29,16,19
EFT,2024-07-29,17,8
EFT,2024-07-29,19,1
EFT,2024-07-30,5,1
EFT,2024-07-30,6,23
EFT,2024-07-30,7,11
EFT,2024-07-30,8,46
EFT,2024-07-30,9,38
EFT,2024-07-30,10,87
EFT,2024-07-30,11,29
EFT,2024-07-30,12,8
EFT,2024-07-30,13,28
EFT,2024-07-30,14,10
EFT,2024-07-30,15,23
EFT,2024-07-30,16,21
EFT,2024-07-30,17,3
EFT,2024-07-30,21,1
EFT,2024-07-30,22,2
EFT,2024-07-31,6,2
EFT,2024-07-31,7,4
EFT,2024-07-31,8,36
EFT,2024-07-31,9,8
EFT,2024-07-31,11,5
EFT,2024-07-31,12,11
EFT,2024-07-31,13,15
EFT,2024-07-31,14,7
EFT,2024-07-31,15,21
EFT,2024-07-31,16,29
EFT,2024-07-31,17,1
EFT,2024-07-31,18,12
EFT,2024-07-31,19,1
EFT,2024-07-31,22,1
EFT,2024-07-31,23,4
EFT,2024-08-01,4,4
EFT,2024-08-01,6,15
EFT,2024-08-01,7,5
EFT,2024-08-01,8,7
EFT,2024-08-01,9,5
EFT,2024-08-01,10,10
EFT,2024-08-01,11,37
EFT,2024-08-01,12,8
EFT,2024-08-01,13,43
EFT,2024-08-01,14,24
EFT,2024-08-01,15,29
EFT,2024-08-01,16,12
EFT,2024-08-01,17,2
EFT,2024-08-01,20,8
EFT,2024-08-02,7,8
EFT,2024-08-02,8,25
EFT,2024-08-02,9,16
EFT,2024-08-02,10,20
EFT,2024-08-02,11,57
EFT,2024-08-02,12,23
EFT,2024-08-02,13,35
EFT,2024-08-02,14,11
EFT,2024-08-02,15,1
EFT,2024-08-02,16,13
EFT,2024-08-02,17,6
EFT,2024-08-02,18,1
EFT,2024-08-02,19,3
EFT,2024-08-02,21,10
EFT,2024-08-05,5,2
EFT,2024-08-05,6,6
EFT,2024-08-05,7,3
EFT,2024-08-05,8,42
EFT,2024-08-05,9,8
EFT,2024-08-05,10,9
EFT,2024-08-05,11,28
EFT,2024-08-05,12,22
EFT,2024-08-05,13,23
EFT,2024-08-05,14,14
EFT,2024-08-05,15,27
EFT,2024-08-05,16,20
EFT,2024-08-05,17,5
EFT,2024-08-05,20,4
EFT,2024-08-06,7,17
EFT,2024-08-06,8,20
EFT,2024-08-06,9,53
EFT,2024-08-06,10,32
EFT,2024-08-06,11,16
EFT,2024-08-06,12,23
EFT,2024-08-06,13,40
EFT,2024-08-06,14,10
EFT,2024-08-06,15,16
EFT,2024-08-06,16,6
EFT,2024-08-06,17,7
EFT,2024-08-06,18,3
EFT,2024-08-06,19,1
EFT,2024-08-06,22,1
EFT,2024-08-07,1,3
EFT,2024-08-07,7,2
EFT,2024-08-07,8,13
EFT,2024-08-07,9,9
EFT,2024-08-07,10,31
EFT,2024-08-07,11,12
EFT,2024-08-07,12,2
EFT,2024-08-07,13,66
EFT,2024-08-07,14,26
EFT,2024-08-07,15,3
EFT,2024-08-07,16,1
EFT,2024-08-07,19,1
EFT,2024-08-07,22,1
EFT,2024-08-07,23,4
EFT,2024-08-08,3,2
EFT,2024-08-08,6,6
EFT,2024-08-08,8,15
EFT,2024-08-08,9,18
EFT,2024-08-08,10,12
EFT,2024-08-08,11,10
EFT,2024-08-08,12,1
EFT,2024-08-08,13,12
EFT,2024-08-08,14,23
EFT,2024-08-08,15,7
EFT,2024-08-08,16,38
EFT,2024-08-08,17,5
EFT,2024-08-09,6,14
EFT,2024-08-09,7,1
EFT,2024-08-09,8,7
EFT,2024-08-09,9,16
EFT,2024-08-09,10,41
EFT,2024-08-09,11,26
EFT,2024-08-09,12,6
EFT,2024-08-09,13,4
EFT,2024-08-09,14,7
EFT,2024-08-09,15,10
EFT,2024-08-09,16,9
EFT,2024-08-09,17,12
EFT,2024-08-09,18,1
EFT,2024-08-09,19,5
EFT,2024-08-12,1,5
EFT,2024-08-12,3,1
EFT,2024-08-12,6,4
EFT,2024-08-12,7,4
EFT,2024-08-12,8,78
EFT,2024-08-12,9,23
EFT,2024-08-12,10,48
EFT,2024-08-12,11,20
EFT,2024-08-12,12,11
EFT,2024-08-12,13,22
EFT,2024-08-12,14,4
EFT,2024-08-12,15,4
EFT,2024-08-12,16,21
EFT,2024-08-12,18,7
EFT,2024-08-13,4,1
EFT,2024-08-13,6,2
EFT,2024-08-13,7,4
EFT,2024-08-13,8,49
EFT,2024-08-13,9,28
EFT,2024-08-13,10,32
EFT,2024-08-13,11,12
EFT,2024-08-13,12,19
EFT,2024-08-13,13,24
EFT,2024-08-13,14,22
EFT,2024-08-13,15,2
EFT,2024-08-13,16,6
EFT,2024-08-13,17,11
EFT,2024-08-13,18,4
EFT,2024-08-13,19,10
EFT,2024-08-13,20,1
EFT,2024-08-13,21,5
EFT,2024-08-13,22,1
EFT,2024-08-14,1,2
EFT,2024-08-14,3,2
EFT,2024-08-14,7,11
EFT,2024-08-14,8,32
EFT,2024-08-14,9,45
EFT,2024-08-14,10,11
EFT,2024-08-14,11,2
EFT,2024-08-14,12,21
EFT,2024-08-14,13,2
EFT,2024-08-14,14,13
EFT,2024-08-14,15,24
EFT,2024-08-14,16,3
EFT,2024-08-14,17,6
EFT,2024-08-14,18,2
EFT,2024-08-14,19,4
EFT,2024-08-14,21,7
EFT,2024-08-15,3,5
EFT,2024-08-15,7,18
EFT,2024-08-15,8,9
EFT,2024-08-15,9,24
EFT,2024-08-15,10,53
EFT,2024-08-15,11,3
EFT,2024-08-15,12,14
EFT,2024-08-15,13,61
EFT,2024-08-15,14,33
EFT,2024-08-15,15,22
EFT,2024-08-15,16,16
EFT,2024-08-15,17,6
EFT,2024-08-15,18,2
EFT,2024-08-15,19,3
EFT,2024-08-16,5,4
EFT,2024-08-16,6,2
EFT,2024-08-16,7,10
EFT,2024-08-16,8,24
EFT,2024-08-16,9,21
EFT,2024-08-16,10,18
EFT,2024-08-16,11,18
EFT,2024-08-16,12,4
EFT,2024-08-16,13,6
EFT,2024-08-16,14,8
EFT,2024-08-16,15,18
EFT,2024-08-16,16,1
EFT,2024-08-16,17,4
EFT,2024-08-16,19,3
EFT,2024-08-19,5,8
EFT,2024-08-19,6,14
EFT,2024-08-19,7,1
EFT,2024-08-19,8,56
EFT,2024-08-19,9,27
EFT,2024-08-19,10,14
EFT,2024-08-19,11,11
EFT,2024-08-19,12,34
EFT,2024-08-19,13,10
EFT,2024-08-19,14,10
EFT,2024-08-19,15,10
EFT,2024-08-19,17,1
EFT,2024-08-19,18,5
EFT,2024-08-19,19,3
EFT,2024-08-19,20,1
EFT,2024-08-20,7,6
EFT,2024-08-20,8,32
EFT,2024-08-20,9,33
EFT,2024-08-20,10,10
EFT,2024-08-20,11,3
EFT,2024-08-20,12,27
EFT,2024-08-20,13,11
EFT,2024-08-20,14,30
EFT,2024-08-20,15,7
EFT,2024-08-20,17,15
EFT,2024-08-20,19,5
EFT,2024-08-20,22,1
EFT,2024-08-21,1,9
EFT,2024-08-21,5,11
EFT,2024-08-21,7,12
EFT,2024-08-21,8,30
EFT,2024-08-21,9,12
EFT,2024-08-21,10,6
EFT,2024-08-21,11,14
EFT,2024-08-21,12,16
EFT,2024-08-21,13,36
EFT,2024-08-21,14,28
EFT,2024-08-21,15,21
EFT,2024-08-21,16,4
EFT,2024-08-21,17,4
EFT,2024-08-21,18,41
EFT,2024-08-21,19,3
EFT,2024-08-22,6,8
EFT,2024-08-22,7,4
EFT,2024-08-22,8,19
EFT,2024-08-22,9,26
EFT,2024-08-22,10,18
EFT,2024-08-22,11,16
EFT,2024-08-22,12,5
EFT,2024-08-22,13,50
EFT,2024-08-22,14,8
EFT,2024-08-22,15,10
EFT,2024-08-22,16,39
EFT,2024-08-22,17,9
EFT,2024-08-22,18,1
EFT,2024-08-22,19,1
EFT,2024-08-22,22,1
EFT,2024-08-22,23,5
EFT,2024-08-23,4,2
EFT,2024-08-23,7,32
EFT,2024-08-23,8,19
EFT,2024-08-23,9,17
EFT,2024-08-23,10,23
EFT,2024-08-23,11,64
EFT,2024-08-23,12,3
EFT,2024-08-23,13,17
EFT,2024-08-23,14,19
EFT,2024-08-23,15,22
EFT,2024-08-23,16,1
EFT,2024-08-23,17,4
EFT,2024-08-23,18,10
EFT,2024-08-23,19,9
EFT,2024-08-26,2,1
EFT,2024-08-26,6,2
EFT,2024-08-26,7,19
EFT,2024-08-26,8,33
EFT,2024-08-26,9,70
EFT,2024-08-26,10,38
EFT,2024-08-26,11,17
EFT,2024-08-26,12,37
EFT,2024-08-26,13,14
EFT,2024-08-26,14,56
EFT,2024-08-26,15,22
EFT,2024-08-26,16,13
EFT,2024-08-26,17,9
EFT,2024-08-26,18,3
EFT,2024-08-26,19,11
EFT,2024-08-26,20,4
EFT,2024-08-27,2,4
EFT,2024-08-27,4,8
EFT,2024-08-27,6,7
EFT,2024-08-27,7,25
EFT,2024-08-27,8,42
EFT,2024-08-27,9,14
EFT,2024-08-27,10,24
EFT,2024-08-27,11,5
EFT,2024-08-27,12,10
EFT,2024-08-27,13,5
EFT,2024-08-27,14,12
EFT,2024-08-27,15,23
EFT,2024-08-27,16,2
EFT,2024-08-27,17,19
EFT,2024-08-28,6,13
EFT,2024-08-28,7,16
EFT,2024-08-28,8,51
EFT,2024-08-28,9,32
EFT,2024-08-28,10,4
EFT,2024-08-28,11,38
EFT,2024-08-28,12,7
EFT,2024-08-28,13,5
EFT,2024-08-28,14,7
EFT,2024-08-28,15,10
EFT,2024-08-28,16,6
EFT,2024-08-28,18,4
EFT,2024-08-28,19,9
EFT,2024-08-29,5,1
EFT,2024-08-29,6,2
EFT,2024-08-29,7,11
EFT,2024-08-29,8,7
EFT,2024-08-29,9,7
EFT,2024-08-29,10,18
EFT,2024-08-29,11,3
EFT,2024-08-29,12,17
EFT,2024-08-29,13,9
EFT,2024-08-29,14,18
EFT,2024-08-29,15,30
EFT,2024-08-29,16,15
EFT,2024-08-29,17,5
EFT,2024-08-29,18,3
EFT,2024-09-02,6,1
EFT,2024-09-02,7,2
EFT,2024-09-02,8,51
EFT,2024-09-02,9,34
EFT,2024-09-02,10,13
EFT,2024-09-02,11,13
EFT,2024-09-02,12,33
EFT,2024-09-02,13,11
EFT,2024-09-02,14,13
EFT,2024-09-02,15,37
EFT,2024-09-02,16,44
EFT,2024-09-02,17,12
EFT,2024-09-02,18,25
EFT,2024-09-02,19,3
EFT,2024-09-03,0,4
EFT,2024-09-03,6,3
EFT,2024-09-03,7,4
EFT,2024-09-03,8,32
EFT,2024-09-03,9,3
EFT,2024-09-03,10,43
EFT,2024-09-03,11,19
EFT,2024-09-03,12,21
EFT,2024-09-03,13,7
EFT,2024-09-03,14,22
EFT,2024-09-03,15,60
EFT,2024-09-03,16,9
EFT,2024-09-03,17,8
EFT,2024-09-03,18,9
EFT,2024-09-03,19,18
EFT,2024-09-03,20,1
EFT,2024-09-04,0,3
EFT,2024-09-04,3,3
EFT,2024-09-04,7,24
EFT,2024-09-04,8,19
EFT,2024-09-04,9,3
EFT,2024-09-04,10,9
EFT,2024-09-04,11,8
EFT,2024-09-04,12,16
EFT,2024-09-04,13,8
EFT,2024-09-04,14,6
EFT,2024-09-04,15,16
EFT,2024-09-04,16,3
EFT,2024-09-04,17,35
EFT,2024-09-04,18,3
EFT,2024-09-04,21,4
EFT,2024-09-04,22,2
EFT,2024-09-05,1,4
EFT,2024-09-05,3,5
EFT,2024-09-05,5,1
EFT,2024-09-05,6,1
EFT,2024-09-05,7,10
EFT,2024-09-05,8,7
EFT,2024-09-05,9,10
EFT,2024-09-05,10,13
EFT,2024-09-05,11,2
EFT,2024-09-05,12,7
EFT,2024-09-05,13,18
EFT,2024-09-05,14,19
EFT,2024-09-05,16,7
EFT,2024-09-05,17,2
EFT,2024-09-06,3,4
EFT,2024-09-06,4,1
EFT,2024-09-06,7,7
EFT,2024-09-06,8,10
EFT,2024-09-06,9,54
EFT,2024-09-06,10,34
EFT,2024-09-06,11,11
EFT,2024-09-06,12,33
EFT,2024-09-06,13,11
EFT,2024-09-06,14,25
EFT,2024-09-06,15,23
EFT,2024-09-06,16,52
EFT,2024-09-06,18,10
EFT,2024-09-06,19,1
EFT,2024-09-06,21,1
EFT,2024-09-09,1,14
EFT,2024-09-09,6,2
EFT,2024-09-09,7,2
EFT,2024-09-09,8,37
EFT,2024-09-09,9,26
EFT,2024-09-09,10,21
EFT,2024-09-09,11,88
EFT,2024-09-09,12,13
EFT,2024-09-09,13,27
EFT,2024-09-09,14,3
EFT,2024-09-09,15,20
EFT,2024-09-09,16,27
EFT,2024-09-09,17,19
EFT,2024-09-09,18,5
EFT,2024-09-09,19,6
EFT,2024-09-10,8,53
EFT,2024-09-10,9,13
EFT,2024-09-10,10,47
EFT,2024-09-10,11,9
EFT,2024-09-10,12,2
EFT,2024-09-10,13,17
EFT,2024-09-10,14,27
EFT,2024-09-10,15,67
EFT,2024-09-10,16,11
EFT,2024-09-10,17,3
EFT,2024-09-10,18,17
EFT,2024-09-10,19,1
EFT,2024-09-11,6,10
EFT,2024-09-11,7,12
EFT,2024-09-11,8,23
EFT,2024-09-11,9,7
EFT,2024-09-11,10,45
EFT,2024-09-11,11,8
EFT,2024-09-11,12,9
EFT,2024-09-11,13,14
EFT,2024-09-11,14,9
EFT,2024-09-11,15,27
EFT,2024-09-11,16,8
EFT,2024-09-11,17,2
EFT,2024-09-11,18,1
EFT,2024-09-11,21,20
EFT,2024-09-11,23,1
EFT,2024-09-12,0,8
EFT,2024-09-12,1,1
EFT,2024-09-12,2,1
EFT,2024-09-12,3,1
EFT,2024-09-12,6,7
EFT,2024-09-12,7,2
EFT,2024-09-12,8,15
EFT,2024-09-12,9,7
EFT,2024-09-12,10,28
EFT,2024-09-12,11,24
EFT,2024-09-12,12,10
EFT,2024-09-12,13,12
EFT,2024-09-12,14,11
EFT,2024-09-12,15,13
EFT,2024-09-12,16,9
EFT,2024-09-12,17,11
EFT,2024-09-12,18,7
EFT,2024-09-12,19,4
EFT,2024-09-13,4,1
EFT,2024-09-13,6,5
EFT,2024-09-13,7,3
EFT,2024-09-13,8,10
EFT,2024-09-13,9,25
EFT,2024-09-13,10,15
EFT,2024-09-13,11,26
EFT,2024-09-13,12,11
EFT,2024-09-13,13,13
EFT,2024-09-13,14,24
EFT,2024-09-13,15,45
EFT,2024-09-13,16,7
EFT,2024-09-13,17,23
EFT,2024-09-13,18,19
EFT,2024-09-13,19,12
EFT,2024-09-13,21,1
EFT,2024-09-16,1,1
EFT,2024-09-16,2,5
EFT,2024-09-16,3,3
EFT,2024-09-16,7,3
EFT,2024-09-16,8,36
EFT,2024-09-16,9,25
EFT,2024-09-16,10,12
EFT,2024-09-16,11,23
EFT,2024-09-16,12,29
EFT,2024-09-16,13,6
EFT,2024-09-16,14,38
EFT,2024-09-16,15,10
EFT,2024-09-16,16,7
EFT,2024-09-16,17,9
EFT,2024-09-16,18,25
EFT,2024-09-16,21,1
EFT,2024-09-17,4,3
EFT,2024-09-17,6,4
EFT,2024-09-17,7,32
EFT,2024-09-17,8,35
EFT,2024-09-17,9,18
EFT,2024-09-17,10,19
EFT,2024-09-17,11,29
EFT,2024-09-17,12,33
EFT,2024-09-17,13,11
EFT,2024-09-17,14,31
EFT,2024-09-17,15,15
EFT,2024-09-17,16,8
EFT,2024-09-17,17,4
EFT,2024-09-17,18,6
EFT,2024-09-18,0,2
EFT,2024-09-18,1,2
EFT,2024-09-18,2,2
EFT,2024-09-18,6,7
EFT,2024-09-18,7,27
EFT,2024-09-18,8,14
EFT,2024-09-18,9,3
EFT,2024-09-18,10,13
EFT,2024-09-18,11,4
EFT,2024-09-18,12,6
EFT,2024-09-18,13,36
EFT,2024-09-18,14,42
EFT,2024-09-18,15,37
EFT,2024-09-18,16,6
EFT,2024-09-18,17,21
EFT,2024-09-18,18,5
EFT,2024-09-18,19,3
EFT,2024-09-18,21,1
EFT,2024-09-19,7,12
EFT,2024-09-19,8,51
EFT,2024-09-19,9,7
EFT,2024-09-19,10,30
EFT,2024-09-19,11,11
EFT,2024-09-19,12,42
EFT,2024-09-19,13,20
EFT,2024-09-19,14,38
EFT,2024-09-19,15,87
EFT,2024-09-19,16,4
EFT,2024-09-19,17,48
EFT,2024-09-19,18,1
EFT,2024-09-19,19,4
EFT,2024-09-19,20,1
EFT,2024-09-19,22,1
EFT,2024-09-20,7,1
EFT,2024-09-20,8,14
EFT,2024-09-20,9,7
EFT,2024-09-20,10,22
EFT,2024-09-20,11,15
EFT,2024-09-20,12,7
EFT,2024-09-20,13,7
EFT,2024-09-20,14,47
EFT,2024-09-20,15,8
EFT,2024-09-20,16,3
EFT,2024-09-20,17,10
EFT,2024-09-20,19,5
EFT,2024-09-20,20,1
EFT,2024-09-20,21,1
EFT,2024-09-23,0,2
EFT,2024-09-23,1,7
EFT,2024-09-23,7,12
EFT,2024-09-23,8,36
EFT,2024-09-23,9,29
EFT,2024-09-23,10,11
EFT,2024-09-23,11,3
EFT,2024-09-23,12,10
EFT,2024-09-23,13,6
EFT,2024-09-23,14,54
EFT,2024-09-23,15,7
EFT,2024-09-23,16,6
EFT,2024-09-23,17,51
EFT,2024-09-23,21,1
EFT,2024-09-24,0,2
EFT,2024-09-24,4,1
EFT,2024-09-24,5,4
EFT,2024-09-24,6,3
EFT,2024-09-24,8,14
EFT,2024-09-24,9,2
EFT,2024-09-24,10,69
EFT,2024-09-24,11,11
EFT,2024-09-24,12,13
EFT,2024-09-24,13,32
EFT,2024-09-24,14,29
EFT,2024-09-24,15,13
EFT,2024-09-24,16,9
EFT,2024-09-24,18,3
EFT,2024-09-24,19,9
EFT,2024-09-25,2,22
EFT,2024-09-25,7,8
EFT,2024-09-25,8,12
EFT,2024-09-25,9,25
EFT,2024-09-25,10,22
EFT,2024-09-25,11,15
EFT,2024-09-25,12,6
EFT,2024-09-25,13,38
EFT,2024-09-25,14,8
EFT,2024-09-25,15,11
EFT,2024-09-25,16,18
EFT,2024-09-25,18,11
EFT,2024-09-25,19,20
EFT,2024-09-25,20,2
EFT,2024-09-26,0,1
EFT,2024-09-26,1,5
EFT,2024-09-26,6,1
EFT,2024-09-26,7,30
EFT,2024-09-26,8,17
EFT,2024-09-26,9,18
EFT,2024-09-26,10,15
EFT,2024-09-26,11,10
EFT,2024-09-26,12,1
EFT,2024-09-26,13,10
EFT,2024-09-26,14,31
EFT,2024-09-26,15,35
EFT,2024-09-26,16,3
EFT,2024-09-26,17,9
EFT,2024-09-26,18,11
EFT,2024-09-26,19,27
EFT,2024-09-26,22,1
EFT,2024-09-27,2,4
EFT,2024-09-27,3,1
EFT,2024-09-27,5,1
EFT,2024-09-27,6,2
EFT,2024-09-27,7,25
EFT,2024-09-27,8,8
EFT,2024-09-27,9,23
EFT,2024-09-27,10,13
EFT,2024-09-27,11,30
EFT,2024-09-27,12,8
EFT,2024-09-27,13,10
EFT,2024-09-27,14,51
EFT,2024-09-27,15,6
EFT,2024-09-27,16,8
EFT,2024-09-27,17,13
EFT,2024-09-27,18,1
EFT,2024-09-27,19,1
EFT,2024-09-30,5,6
EFT,2024-09-30,6,2
EFT,2024-09-30,7,1
EFT,2024-09-30,8,17
EFT,2024-09-30,9,37
EFT,2024-09-30,10,32
EFT,2024-09-30,11,22
EFT,2024-09-30,12,44
EFT,2024-09-30,13,38
EFT,2024-09-30,14,20
EFT,2024-09-30,15,37
EFT,2024-09-30,16,5
EFT,2024-09-30,17,27
EFT,2024-09-30,18,14
EFT,2024-10-01,3,2
EFT,2024-10-01,7,17
EFT,2024-10-01,8,28
EFT,2024-10-01,9,23
EFT,2024-10-01,10,25
EFT,2024-10-01,11,72
EFT,2024-10-01,12,7
EFT,2024-10-01,13,9
EFT,2024-10-01,14,9
EFT,2024-10-01,15,4
EFT,2024-10-01,16,10
EFT,2024-10-01,17,19
EFT,2024-10-01,18,5
EFT,2024-10-01,19,1
EFT,2024-10-02,1,9
EFT,2024-10-02,6,4
EFT,2024-10-02,7,9
EFT,2024-10-02,8,9
EFT,2024-10-02,9,2
EFT,2024-10-02,10,37
EFT,2024-10-02,11,8
EFT,2024-10-02,12,20
EFT,2024-10-02,13,1
EFT,2024-10-02,14,19
EFT,2024-10-02,15,31
EFT,2024-10-02,16,4
EFT,2024-10-02,18,27
EFT,2024-10-02,19,1
EFT,2024-10-02,20,2
EFT,2024-10-02,21,1
EFT,2024-10-02,23,4
EFT,2024-10-03,1,3
EFT,2024-10-03,2,1
EFT,2024-10-03,6,9
EFT,2024-10-03,7,10
EFT,2024-10-03,8,31
EFT,2024-10-03,9,25
EFT,2024-10-03,10,37
EFT,2024-10-03,11,1
EFT,2024-10-03,12,21
EFT,2024-10-03,14,27
EFT,2024-10-03,15,34
EFT,2024-10-03,16,14
EFT,2024-10-03,17,6
EFT,2024-10-03,18,1
EFT,2024-10-03,21,1
EFT,2024-10-04,5,3
EFT,2024-10-04,8,25
EFT,2024-10-04,9,60
EFT,2024-10-04,10,37
EFT,2024-10-04,11,7
EFT,2024-10-04,12,23
EFT,2024-10-04,13,11
EFT,2024-10-04,14,2
EFT,2024-10-04,15,4
EFT,2024-10-04,16,14
EFT,2024-10-04,17,14
EFT,2024-10-04,18,7
EFT,2024-10-04,19,7
EFT,2024-10-04,20,1
EFT,2024-10-04,23,1
EFT,2024-10-07,7,21
EFT,2024-10-07,8,57
EFT,2024-10-07,9,48
EFT,2024-10-07,10,123
EFT,2024-10-07,11,45
EFT,2024-10-07,12,2
EFT,2024-10-07,13,7
EFT,2024-10-07,14,84
EFT,2024-10-07,15,23
EFT,2024-10-07,16,54
EFT,2024-10-07,17,13
EFT,2024-10-07,18,45
EFT,2024-10-07,19,1
EFT,2024-10-07,20,1
EFT,2024-10-08,0,27
EFT,2024-10-08,4,5
EFT,2024-10-08,6,18
EFT,2024-10-08,8,13
EFT,2024-10-08,9,66
EFT,2024-10-08,10,16
EFT,2024-10-08,11,19
EFT,2024-10-08,12,15
EFT,2024-10-08,13,13
EFT,2024-10-08,14,27
EFT,2024-10-08,15,27
EFT,2024-10-08,16,8
EFT,2024-10-08,17,8
EFT,2024-10-08,21,25
EFT,2024-10-08,23,18
EFT,2024-10-09,0,9
EFT,2024-10-09,3,4
EFT,2024-10-09,6,4
EFT,2024-10-09,7,18
EFT,2024-10-09,8,36
EFT,2024-10-09,9,5
EFT,2024-10-09,10,23
EFT,2024-10-09,11,28
EFT,2024-10-09,12,5
EFT,2024-10-09,13,6
EFT,2024-10-09,14,3
EFT,2024-10-09,15,1
EFT,2024-10-09,16,19
EFT,2024-10-09,17,7
EFT,2024-10-09,18,1
EFT,2024-10-09,19,2
EFT,2024-10-10,2,8
EFT,2024-10-10,7,4
EFT,2024-10-10,8,23
EFT,2024-10-10,9,5
EFT,2024-10-10,10,14
EFT,2024-10-10,11,7
EFT,2024-10-10,12,6
EFT,2024-10-10,13,25
EFT,2024-10-10,14,14
EFT,2024-10-10,15,2
EFT,2024-10-10,16,5
EFT,2024-10-10,17,9
EFT,2024-10-10,18,4
EFT,2024-10-10,19,9
EFT,2024-10-11,4,2
EFT,2024-10-11,5,6
EFT,2024-10-11,7,6
EFT,2024-10-11,8,7
EFT,2024-10-11,9,27
EFT,2024-10-11,10,11
EFT,2024-10-11,11,5
EFT,2024-10-11,12,48
EFT,2024-10-11,13,5
EFT,2024-10-11,14,13
EFT,2024-10-11,15,17
EFT,2024-10-11,16,9
EFT,2024-10-11,18,21
EFT,2024-10-11,19,20
EFT,2024-10-11,20,2
EFT,2024-10-11,23,7
EFT,2024-10-14,7,24
EFT,2024-10-14,8,84
EFT,2024-10-14,9,69
EFT,2024-10-14,10,68
EFT,2024-10-14,11,2
EFT,2024-10-14,12,58
EFT,2024-10-14,13,20
EFT,2024-10-14,14,37
EFT,2024-10-14,15,30
EFT,2024-10-14,16,39
EFT,2024-10-14,17,52
EFT,2024-10-14,18,3
EFT,2024-10-14,23,4
EFT,2024-10-15,0,4
EFT,2024-10-15,3,12
EFT,2024-10-15,6,3
EFT,2024-10-15,7,50
EFT,2024-10-15,8,5
EFT,2024-10-15,9,6
EFT,2024-10-15,10,17
EFT,2024-10-15,11,29
EFT,2024-10-15,12,13
EFT,2024-10-15,13,13
EFT,2024-10-15,14,56
EFT,2024-10-15,16,23
EFT,2024-10-15,17,4
EFT,2024-10-15,19,3
EFT,2024-10-15,20,1
EFT,2024-10-16,2,2
EFT,2024-10-16,3,5
EFT,2024-10-16,6,14
EFT,2024-10-16,7,1
EFT,2024-10-16,8,25
EFT,2024-10-16,9,8
EFT,2024-10-16,10,20
EFT,2024-10-16,11,6
EFT,2024-10-16,12,36
EFT,2024-10-16,13,21
EFT,2024-10-16,14,26
EFT,2024-10-16,15,18
EFT,2024-10-16,16,15
EFT,2024-10-16,17,10
EFT,2024-10-16,18,3
EFT,2024-10-16,20,2
EFT,2024-10-17,1,3
EFT,2024-10-17,2,2
EFT,2024-10-17,5,8
EFT,2024-10-17,6,6
EFT,2024-10-17,7,3
EFT,2024-10-17,8,19
EFT,2024-10-17,9,26
EFT,2024-10-17,10,27
EFT,2024-10-17,11,50
EFT,2024-10-17,12,6
EFT,2024-10-17,13,6
EFT,2024-10-17,14,7
EFT,2024-10-17,15,14
EFT,2024-10-17,18,21
EFT,2024-10-17,23,1
EFT,2024-10-18,5,3
EFT,2024-10-18,6,3
EFT,2024-10-18,7,24
EFT,2024-10-18,8,35
EFT,2024-10-18,9,38
EFT,2024-10-18,10,44
EFT,2024-10-18,11,7
EFT,2024-10-18,12,6
EFT,2024-10-18,13,20
EFT,2024-10-18,14,11
EFT,2024-10-18,15,12
EFT,2024-10-18,16,1
EFT,2024-10-18,17,13
EFT,2024-10-18,22,7
EFT,2024-10-18,23,1
EFT,2024-10-21,0,4
EFT,2024-10-21,1,3
EFT,2024-10-21,6,29
EFT,2024-10-21,7,20
EFT,2024-10-21,8,37
EFT,2024-10-21,9,15
EFT,2024-10-21,10,13
EFT,2024-10-21,11,32
EFT,2024-10-21,12,16
EFT,2024-10-21,13,25
EFT,2024-10-21,14,17
EFT,2024-10-21,15,23
EFT,2024-10-21,16,4
EFT,2024-10-21,17,1
EFT,2024-10-21,18,3
EFT,2024-10-22,7,20
EFT,2024-10-22,8,20
EFT,2024-10-22,9,13
EFT,2024-10-22,10,23
EFT,2024-10-22,11,37
EFT,2024-10-22,12,47
EFT,2024-10-22,13,47
EFT,2024-10-22,14,29
EFT,2024-10-22,15,21
EFT,2024-10-22,16,2
EFT,2024-10-22,22,4
EFT,2024-10-22,23,2
EFT,2024-10-23,6,1
EFT,2024-10-23,7,5
EFT,2024-10-23,8,23
EFT,2024-10-23,9,31
EFT,2024-10-23,10,36
EFT,2024-10-23,11,21
EFT,2024-10-23,12,22
EFT,2024-10-23,13,25
EFT,2024-10-23,14,12
EFT,2024-10-23,15,27
EFT,2024-10-23,16,16
EFT,2024-10-23,17,21
EFT,2024-10-23,18,24
EFT,2024-10-23,19,1
EFT,2024-10-23,20,2
EFT,2024-10-24,2,11
EFT,2024-10-24,7,8
EFT,2024-10-24,8,13
EFT,2024-10-24,9,21
EFT,2024-10-24,10,17
EFT,2024-10-24,11,13
EFT,2024-10-24,12,19
EFT,2024-10-24,13,20
EFT,2024-10-24,14,14
EFT,2024-10-24,15,13
EFT,2024-10-24,16,2
EFT,2024-10-24,17,1
EFT,2024-10-24,18,68
EFT,2024-10-24,19,1
EFT,2024-10-25,1,4
EFT,2024-10-25,4,5
EFT,2024-10-25,6,4
EFT,2024-10-25,7,8
EFT,2024-10-25,8,18
EFT,2024-10-25,9,14
EFT,2024-10-25,10,17
EFT,2024-10-25,11,19
EFT,2024-10-25,12,13
EFT,2024-10-25,13,27
EFT,2024-10-25,14,3
EFT,2024-10-25,15,1
EFT,2024-10-25,16,3
EFT,2024-10-25,17,18
EFT,2024-10-25,18,16
EFT,2024-10-28,0,2
EFT,2024-10-28,1,2
EFT,2024-10-28,6,3
EFT,2024-10-28,7,6
EFT,2024-10-28,8,38
EFT,2024-10-28,9,34
EFT,2024-10-28,10,48
EFT,2024-10-28,11,14
EFT,2024-10-28,12,15
EFT,2024-10-28,13,58
EFT,2024-10-28,14,25
EFT,2024-10-28,15,30
EFT,2024-10-28,16,13
EFT,2024-10-28,17,6
EFT,2024-10-28,18,13
EFT,2024-10-28,19,1
EFT,2024-10-28,23,2
EFT,2024-10-30,2,1
EFT,2024-10-30,8,33
EFT,2024-10-30,9,32
EFT,2024-10-30,10,38
EFT,2024-10-30,11,22
EFT,2024-10-30,12,11
EFT,2024-10-30,13,9
EFT,2024-10-30,14,36
EFT,2024-10-30,15,44
EFT,2024-10-30,16,13
EFT,2024-10-30,19,10
EFT,2024-10-30,21,15
EFT,2024-10-31,4,2
EFT,2024-10-31,5,2
EFT,2024-10-31,6,22
EFT,2024-10-31,7,1
EFT,2024-10-31,8,26
EFT,2024-10-31,9,88
EFT,2024-10-31,10,27
EFT,2024-10-31,11,24
EFT,2024-10-31,12,16
EFT,2024-10-31,13,27
EFT,2024-10-31,14,46
EFT,2024-10-31,15,47
EFT,2024-10-31,16,25
EFT,2024-10-31,17,4
EFT,2024-10-31,18,13
EFT,2024-10-31,19,1
EFT,2024-10-31,21,13
EFT,2024-10-31,22,1
EFT,2024-11-01,2,1
EFT,2024-11-01,3,1
EFT,2024-11-01,6,1
EFT,2024-11-01,7,12
EFT,2024-11-01,8,25
EFT,2024-11-01,9,17
EFT,2024-11-01,10,11
EFT,2024-11-01,11,18
EFT,2024-11-01,12,19
EFT,2024-11-01,13,1
EFT,2024-11-01,14,19
EFT,2024-11-01,15,13
EFT,2024-11-01,16,5
EFT,2024-11-01,17,25
EFT,2024-11-01,18,3
EFT,2024-11-04,2,10
EFT,2024-11-04,4,9
EFT,2024-11-04,5,1
EFT,2024-11-04,7,15
EFT,2024-11-04,8,56
EFT,2024-11-04,9,30
EFT,2024-11-04,10,64
EFT,2024-11-04,11,29
EFT,2024-11-04,12,36
EFT,2024-11-04,13,43
EFT,2024-11-04,14,3
EFT,2024-11-04,15,46
EFT,2024-11-04,16,44
EFT,2024-11-04,17,4
EFT,2024-11-04,18,8
EFT,2024-11-04,19,6
EFT,2024-11-04,21,2
EFT,2024-11-04,22,9
EFT,2024-11-05,6,3
EFT,2024-11-05,7,2
EFT,2024-11-05,8,34
EFT,2024-11-05,9,16
EFT,2024-11-05,10,5
EFT,2024-11-05,11,8
EFT,2024-11-05,12,18
EFT,2024-11-05,13,27
EFT,2024-11-05,14,40
EFT,2024-11-05,15,4
EFT,2024-11-05,16,19
EFT,2024-11-05,17,39
EFT,2024-11-05,19,1
EFT,2024-11-05,21,2
EFT,2024-11-06,0,2
EFT,2024-11-06,5,1
EFT,2024-11-06,6,6
EFT,2024-11-06,8,9
EFT,2024-11-06,9,20
EFT,2024-11-06,10,9
EFT,2024-11-06,11,49
EFT,2024-11-06,12,41
EFT,2024-11-06,13,6
EFT,2024-11-06,14,27
EFT,2024-11-06,15,16
EFT,2024-11-06,16,5
EFT,2024-11-06,17,2
EFT,2024-11-06,18,5
EFT,2024-11-06,21,3
EFT,2024-11-06,23,3
EFT,2024-11-07,7,2
EFT,2024-11-07,8,26
EFT,2024-11-07,9,14
EFT,2024-11-07,10,42
EFT,2024-11-07,11,27
EFT,2024-11-07,12,7
EFT,2024-11-07,13,8
EFT,2024-11-07,14,15
EFT,2024-11-07,15,2
EFT,2024-11-07,16,4
EFT,2024-11-07,17,5
EFT,2024-11-07,18,13
EFT,2024-11-08,3,2
EFT,2024-11-08,5,3
EFT,2024-11-08,6,2
EFT,2024-11-08,7,36
EFT,2024-11-08,8,19
EFT,2024-11-08,9,11
EFT,2024-11-08,10,31
EFT,2024-11-08,11,24
EFT,2024-11-08,12,14
EFT,2024-11-08,13,13
EFT,2024-11-08,14,18
EFT,2024-11-08,15,11
EFT,2024-11-08,16,8
EFT,2024-11-08,18,11
EFT,2024-11-11,0,1
EFT,2024-11-11,6,6
EFT,2024-11-11,7,13
EFT,2024-11-11,8,36
EFT,2024-11-11,9,50
EFT,2024-11-11,10,14
EFT,2024-11-11,11,23
EFT,2024-11-11,12,14
EFT,2024-11-11,13,17
EFT,2024-11-11,14,41
EFT,2024-11-11,15,23
EFT,2024-11-11,16,2
EFT,2024-11-11,17,13
EFT,2024-11-11,20,3
EFT,2024-11-11,23,3
EFT,2024-11-12,3,1
EFT,2024-11-12,4,2
EFT,2024-11-12,6,3
EFT,2024-11-12,7,30
EFT,2024-11-12,8,6
EFT,2024-11-12,9,53
EFT,2024-11-12,10,50
EFT,2024-11-12,11,9
EFT,2024-11-12,12,10
EFT,2024-11-12,13,13
EFT,2024-11-12,14,27
EFT,2024-11-12,15,9
EFT,2024-11-12,16,1
EFT,2024-11-12,17,7
EFT,2024-11-12,18,13
EFT,2024-11-12,19,1
EFT,2024-11-12,21,1
EFT,2024-11-13,0,2
EFT,2024-11-13,6,2
EFT,2024-11-13,7,10
EFT,2024-11-13,8,23
EFT,2024-11-13,9,14
EFT,2024-11-13,10,10
EFT,2024-11-13,11,5
EFT,2024-11-13,12,6
EFT,2024-11-13,13,2
EFT,2024-11-13,14,17
EFT,2024-11-13,15,14
EFT,2024-11-13,16,14
EFT,2024-11-13,17,2
EFT,2024-11-14,3,2
EFT,2024-11-14,4,1
EFT,2024-11-14,6,3
EFT,2024-11-14,7,22
EFT,2024-11-14,8,4
EFT,2024-11-14,9,29
EFT,2024-11-14,10,23
EFT,2024-11-14,11,19
EFT,2024-11-14,12,8
EFT,2024-11-14,13,13
EFT,2024-11-14,14,15
EFT,2024-11-14,15,13
EFT,2024-11-14,16,1
EFT,2024-11-14,17,14
EFT,2024-11-14,18,15
EFT,2024-11-15,6,1
EFT,2024-11-15,7,4
EFT,2024-11-15,8,19
EFT,2024-11-15,9,7
EFT,2024-11-15,10,47
EFT,2024-11-15,11,26
EFT,2024-11-15,13,16
EFT,2024-11-15,14,11
EFT,2024-11-15,15,20
EFT,2024-11-15,16,2
EFT,2024-11-15,17,18
EFT,2024-11-15,18,2
EFT,2024-11-15,19,1
EFT,2024-11-15,23,8
EFT,2024-11-18,6,6
EFT,2024-11-18,7,13
EFT,2024-11-18,8,80
EFT,2024-11-18,9,38
EFT,2024-11-18,10,27
EFT,2024-11-18,11,10
EFT,2024-11-18,12,30
EFT,2024-11-18,13,25
EFT,2024-11-18,14,25
EFT,2024-11-18,15,1
EFT,2024-11-18,16,8
EFT,2024-11-18,17,5
EFT,2024-11-18,19,1
EFT,2024-11-18,23,3
EFT,2024-11-19,0,2
EFT,2024-11-19,1,7
EFT,2024-11-19,4,1
EFT,2024-11-19,5,1
EFT,2024-11-19,6,8
EFT,2024-11-19,7,7
EFT,2024-11-19,8,33
EFT,2024-11-19,9,49
EFT,2024-11-19,10,6
EFT,2024-11-19,11,25
EFT,2024-11-19,12,11
EFT,2024-11-19,13,10
EFT,2024-11-19,14,29
EFT,2024-11-19,15,17
EFT,2024-11-19,16,3
EFT,2024-11-19,17,3
EFT,2024-11-19,18,5
EFT,2024-11-19,19,3
EFT,2024-11-19,20,4
EFT,2024-11-20,1,17
EFT,2024-11-20,3,3
EFT,2024-11-20,4,7
EFT,2024-11-20,7,13
EFT,2024-11-20,8,43
EFT,2024-11-20,9,55
EFT,2024-11-20,10,29
EFT,2024-11-20,11,60
EFT,2024-11-20,12,5
EFT,2024-11-20,13,22
EFT,2024-11-20,14,48
EFT,2024-11-20,15,1
EFT,2024-11-20,16,15
EFT,2024-11-20,17,11
EFT,2024-11-20,18,2
EFT,2024-11-20,19,2
EFT,2024-11-21,3,4
EFT,2024-11-21,4,6
EFT,2024-11-21,6,2
EFT,2024-11-21,7,2
EFT,2024-11-21,8,14
EFT,2024-11-21,9,33
EFT,2024-11-21,10,51
EFT,2024-11-21,11,70
EFT,2024-11-21,12,10
EFT,2024-11-21,13,8
EFT,2024-11-21,14,9
EFT,2024-11-21,15,39
EFT,2024-11-21,16,17
EFT,2024-11-21,17,8
EFT,2024-11-21,18,3
EFT,2024-11-21,19,1
EFT,2024-11-22,1,5
EFT,2024-11-22,2,2
EFT,2024-11-22,4,14
EFT,2024-11-22,6,7
EFT,2024-11-22,7,14
EFT,2024-11-22,8,19
EFT,2024-11-22,9,38
EFT,2024-11-22,10,23
EFT,2024-11-22,11,3
EFT,2024-11-22,12,54
EFT,2024-11-22,13,25
EFT,2024-11-22,14,3
EFT,2024-11-22,15,17
EFT,2024-11-22,16,11
EFT,2024-11-22,17,2
EFT,2024-11-22,18,5
EFT,2024-11-22,19,1
EFT,2024-11-22,20,2
EFT,2024-11-22,23,1
EFT,2024-11-25,0,2
EFT,2024-11-25,6,5
EFT,2024-11-25,7,18
EFT,2024-11-25,8,17
EFT,2024-11-25,9,72
EFT,2024-11-25,10,50
EFT,2024-11-25,11,30
EFT,2024-11-25,12,58
EFT,2024-11-25,13,74
EFT,2024-11-25,14,10
EFT,2024-11-25,15,36
EFT,2024-11-25,16,9
EFT,2024-11-25,17,17
EFT,2024-11-25,18,20
EFT,2024-11-25,19,4
EFT,2024-11-25,20,7
EFT,2024-11-25,23,18
EFT,2024-11-26,3,4
EFT,2024-11-26,4,10
EFT,2024-11-26,5,9
EFT,2024-11-26,6,3
EFT,2024-11-26,7,15
EFT,2024-11-26,8,29
EFT,2024-11-26,9,7
EFT,2024-11-26,10,41
EFT,2024-11-26,11,13
EFT,2024-11-26,12,8
EFT,2024-11-26,13,19
EFT,2024-11-26,14,25
EFT,2024-11-26,15,44
EFT,2024-11-26,16,31
EFT,2024-11-26,17,36
EFT,2024-11-26,18,16
EFT,2024-11-26,19,5
EFT,2024-11-27,2,22
EFT,2024-11-27,4,8
EFT,2024-11-27,6,9
EFT,2024-11-27,7,22
EFT,2024-11-27,8,21
EFT,2024-11-27,9,31
EFT,2024-11-27,10,37
EFT,2024-11-27,11,15
EFT,2024-11-27,12,7
EFT,2024-11-27,13,20
EFT,2024-11-27,14,39
EFT,2024-11-27,15,14
EFT,2024-11-27,16,2
EFT,2024-11-27,17,2
EFT,2024-11-27,20,1
EFT,2024-11-27,23,6
EFT,2024-11-28,0,1
EFT,2024-11-28,4,1
EFT,2024-11-28,6,1
EFT,2024-11-28,7,37
EFT,2024-11-28,8,22
EFT,2024-11-28,9,32
EFT,2024-11-28,10,33
EFT,2024-11-28,11,68
EFT,2024-11-28,12,33
EFT,2024-11-28,13,10
EFT,2024-11-28,14,76
EFT,2024-11-28,15,10
EFT,2024-11-28,16,18
EFT,2024-11-28,17,1
EFT,2024-11-28,18,8
EFT,2024-11-28,19,11
EFT,2024-11-29,4,1
EFT,2024-11-29,5,20
EFT,2024-11-29,6,8
EFT,2024-11-29,8,4
EFT,2024-11-29,9,34
EFT,2024-11-29,10,27
EFT,2024-11-29,11,51
EFT,2024-11-29,12,19
EFT,2024-11-29,13,12
EFT,2024-11-29,14,11
EFT,2024-11-29,15,19
EFT,2024-11-29,18,3
EFT,2024-11-29,19,4
EFT,2024-12-02,6,6
EFT,2024-12-02,7,18
EFT,2024-12-02,8,45
EFT,2024-12-02,9,41
EFT,2024-12-02,10,57
EFT,2024-12-02,11,26
EFT,2024-12-02,12,16
EFT,2024-12-02,13,22
EFT,2024-12-02,14,33
EFT,2024-12-02,15,29
EFT,2024-12-02,16,27
EFT,2024-12-02,17,38
EFT,2024-12-02,18,1
EFT,2024-12-02,19,1
EFT,2024-12-03,1,9
EFT,2024-12-03,5,1
EFT,2024-12-03,7,18
EFT,2024-12-03,8,55
EFT,2024-12-03,9,90
EFT,2024-12-03,10,45
EFT,2024-12-03,11,8
EFT,2024-12-03,12,21
EFT,2024-12-03,14,45
EFT,2024-12-03,15,48
EFT,2024-12-03,16,20
EFT,2024-12-03,17,9
EFT,2024-12-03,18,3
EFT,2024-12-03,21,3
EFT,2024-12-04,7,22
EFT,2024-12-04,8,33
EFT,2024-12-04,9,21
EFT,2024-12-04,10,78
EFT,2024-12-04,11,19
EFT,2024-12-04,12,4
EFT,2024-12-04,13,12
EFT,2024-12-04,14,8
EFT,2024-12-04,15,30
EFT,2024-12-04,16,10
EFT,2024-12-04,17,7
EFT,2024-12-04,18,1
EFT,2024-12-05,3,1
EFT,2024-12-05,5,3
EFT,2024-12-05,6,3
EFT,2024-12-05,7,2
EFT,2024-12-05,8,23
EFT,2024-12-05,9,31
EFT,2024-12-05,10,18
EFT,2024-12-05,11,27
EFT,2024-12-05,12,12
EFT,2024-12-05,13,27
EFT,2024-12-05,14,6
EFT,2024-12-05,15,2
EFT,2024-12-05,16,6
EFT,2024-12-05,17,2
EFT,2024-12-05,18,3
EFT,2024-12-05,19,13
EFT,2024-12-06,0,6
EFT,2024-12-06,5,5
EFT,2024-12-06,6,4
EFT,2024-12-06,7,25
EFT,2024-12-06,8,7
EFT,2024-12-06,9,30
EFT,2024-12-06,10,9
EFT,2024-12-06,11,9
EFT,2024-12-06,12,15
EFT,2024-12-06,13,1
EFT,2024-12-06,14,9
EFT,2024-12-06,15,11
EFT,2024-12-06,16,3
EFT,2024-12-06,17,5
EFT,2024-12-06,18,17
EFT,2024-12-06,19,1
EFT,2024-12-09,0,3
EFT,2024-12-09,2,1
EFT,2024-12-09,5,5
EFT,2024-12-09,7,47
EFT,2024-12-09,8,11
EFT,2024-12-09,9,56
EFT,2024-12-09,10,20
EFT,2024-12-09,11,15
EFT,2024-12-09,12,11
EFT,2024-12-09,13,16
EFT,2024-12-09,14,71
EFT,2024-12-09,15,21
EFT,2024-12-09,16,18
EFT,2024-12-09,17,49
EFT,2024-12-09,18,5
EFT,2024-12-09,19,10
EFT,2024-12-09,20,3
EFT,2024-12-10,0,1
EFT,2024-12-10,7,19
EFT,2024-12-10,9,21
EFT,2024-12-10,10,6
EFT,2024-12-10,11,13
EFT,2024-12-10,12,5
EFT,2024-12-10,13,15
EFT,2024-12-10,14,24
EFT,2024-12-10,15,13
EFT,2024-12-10,16,6
EFT,2024-12-10,17,20
EFT,2024-12-10,18,4
EFT,2024-12-10,19,10
EFT,2024-12-11,7,35
EFT,2024-12-11,8,9
EFT,2024-12-11,9,27
EFT,2024-12-11,10,28
EFT,2024-12-11,11,27
EFT,2024-12-11,12,16
EFT,2024-12-11,13,4
EFT,2024-12-11,14,17
EFT,2024-12-11,15,6
EFT,2024-12-11,16,8
EFT,2024-12-11,17,2
EFT,2024-12-11,18,6
EFT,2024-12-11,19,4
EFT,2024-12-12,7,1
EFT,2024-12-12,8,14
EFT,2024-12-12,9,30
EFT,2024-12-12,10,13
EFT,2024-12-12,11,4
EFT,2024-12-12,12,4
EFT,2024-12-12,13,13
EFT,2024-12-12,14,19
EFT,2024-12-12,15,30
EFT,2024-12-12,16,1
EFT,2024-12-12,17,11
EFT,2024-12-12,18,4
EFT,2024-12-12,19,1
EFT,2024-12-13,2,1
EFT,2024-12-13,6,1
EFT,2024-12-13,7,11
EFT,2024-12-13,8,31
EFT,2024-12-13,9,26
EFT,2024-12-13,10,25
EFT,2024-12-13,11,9
EFT,2024-12-13,12,29
EFT,2024-12-13,13,11
EFT,2024-12-13,14,1
EFT,2024-12-13,15,11
EFT,2024-12-13,16,10
EFT,2024-12-13,18,3
EFT,2024-12-13,19,4
EFT,2024-12-13,20,1
EFT,2024-12-13,22,1
EFT,2024-12-16,1,13
EFT,2024-12-16,4,5
EFT,2024-12-16,6,2
EFT,2024-12-16,7,26
EFT,2024-12-16,8,12
EFT,2024-12-16,9,63
EFT,2024-12-16,10,12
EFT,2024-12-16,11,20
EFT,2024-12-16,12,22
EFT,2024-12-16,13,21
EFT,2024-12-16,14,46
EFT,2024-12-16,15,15
EFT,2024-12-16,16,79
EFT,2024-12-16,17,1
EFT,2024-12-16,18,19
EFT,2024-12-17,3,1
EFT,2024-12-17,7,8
EFT,2024-12-17,8,21
EFT,2024-12-17,9,13
EFT,2024-12-17,10,35
EFT,2024-12-17,11,61
EFT,2024-12-17,12,26
EFT,2024-12-17,13,16
EFT,2024-12-17,14,42
EFT,2024-12-17,15,8
EFT,2024-12-17,16,11
EFT,2024-12-17,17,11
EFT,2024-12-17,21,8
EFT,2024-12-17,23,1
EFT,2024-12-18,2,5
EFT,2024-12-18,4,1
EFT,2024-12-18,6,4
EFT,2024-12-18,7,5
EFT,2024-12-18,8,31
EFT,2024-12-18,9,41
EFT,2024-12-18,10,17
EFT,2024-12-18,11,29
EFT,2024-12-18,12,26
EFT,2024-12-18,13,2
EFT,2024-12-18,14,36
EFT,2024-12-18,15,18
EFT,2024-12-18,16,43
EFT,2024-12-18,17,16
EFT,2024-12-18,18,18
EFT,2024-12-18,19,2
EFT,2024-12-18,20,2
EFT,2024-12-19,1,1
EFT,2024-12-19,2,2
EFT,2024-12-19,4,2
EFT,2024-12-19,7,1
EFT,2024-12-19,8,21
EFT,2024-12-19,9,38
EFT,2024-12-19,10,9
EFT,2024-12-19,11,38
EFT,2024-12-19,12,2
EFT,2024-12-19,13,28
EFT,2024-12-19,14,8
EFT,2024-12-19,15,6
EFT,2024-12-19,16,4
EFT,2024-12-19,17,7
EFT,2024-12-19,18,3
EFT,2024-12-19,19,10
EFT,2024-12-19,21,9
EFT,2024-12-20,2,3
EFT,2024-12-20,8,28
EFT,2024-12-20,9,53
EFT,2024-12-20,10,17
EFT,2024-12-20,11,5
EFT,2024-12-20,12,18
EFT,2024-12-20,13,17
EFT,2024-12-20,14,37
EFT,2024-12-20,15,22
EFT,2024-12-20,16,13
EFT,2024-12-20,17,10
EFT,2024-12-20,18,2
EFT,2024-12-20,19,6
EFT,2024-12-20,23,2
EFT,2024-12-23,2,1
EFT,2024-12-23,6,1
EFT,2024-12-23,7,5
EFT,2024-12-23,8,23
EFT,2024-12-23,9,17
EFT,2024-12-23,10,44
EFT,2024-12-23,11,67
EFT,2024-12-23,12,19
EFT,2024-12-23,13,1
EFT,2024-12-23,14,45
EFT,2024-12-23,15,32
EFT,2024-12-23,16,70
EFT,2024-12-23,17,3
EFT,2024-12-23,18,36
EFT,2024-12-23,19,10
EFT,2024-12-23,21,1
EFT,2024-12-24,1,5
EFT,2024-12-24,7,14
EFT,2024-12-24,8,20
EFT,2024-12-24,9,21
EFT,2024-12-24,10,8
EFT,2024-12-24,11,22
EFT,2024-12-24,12,9
EFT,2024-12-24,13,45
EFT,2024-12-24,14,2
EFT,2024-12-24,15,15
EFT,2024-12-24,16,16
EFT,2024-12-24,17,13
EFT,2024-12-24,19,3
EFT,2024-12-25,6,4
EFT,2024-12-25,7,5
EFT,2024-12-25,8,49
EFT,2024-12-25,9,36
EFT,2024-12-25,10,55
EFT,2024-12-25,11,105
EFT,2024-12-25,12,33
EFT,2024-12-25,13,4
EFT,2024-12-25,14,18
EFT,2024-12-25,15,6
EFT,2024-12-25,16,3
EFT,2024-12-25,17,14
EFT,2024-12-25,18,7
EFT,2024-12-25,20,3
EFT,2024-12-25,21,7
EFT,2024-12-25,23,1
EFT,2024-12-26,6,1
EFT,2024-12-26,7,13
EFT,2024-12-26,8,32
EFT,2024-12-26,9,12
EFT,2024-12-26,10,14
EFT,2024-12-26,11,13
EFT,2024-12-26,12,2
EFT,2024-12-26,13,10
EFT,2024-12-26,14,20
EFT,2024-12-26,15,27
EFT,2024-12-26,16,7
EFT,2024-12-26,17,4
EFT,2024-12-26,18,7
EFT,2024-12-26,19,7
EFT,2024-12-26,20,1
EFT,2024-12-26,23,4
EFT,2024-12-27,0,12
EFT,2024-12-27,3,3
EFT,2024-12-27,4,3
EFT,2024-12-27,6,6
EFT,2024-12-27,7,19
EFT,2024-12-27,8,13
EFT,2024-12-27,9,10
EFT,2024-12-27,10,14
EFT,2024-12-27,11,27
EFT,2024-12-27,12,3
EFT,2024-12-27,13,19
EFT,2024-12-27,14,6
EFT,2024-12-27,15,5
EFT,2024-12-27,16,7
EFT,2024-12-27,17,4
EFT,2024-12-27,18,13
EFT,2024-12-27,19,1
EFT,2024-12-27,23,2
EFT,2024-12-30,1,12
EFT,2024-12-30,5,3
EFT,2024-12-30,6,3
EFT,2024-12-30,7,15
EFT,2024-12-30,8,18
EFT,2024-12-30,9,31
EFT,2024-12-30,10,5
EFT,2024-12-30,11,18
EFT,2024-12-30,12,44
EFT,2024-12-30,13,14
EFT,2024-12-30,14,2
EFT,2024-12-30,15,11
EFT,2024-12-30,16,26
EFT,2024-12-30,17,6
EFT,2024-12-30,18,41
EFT,2024-12-30,19,4
EFT,2024-12-30,22,3
EFT,2024-12-31,1,3
EFT,2024-12-31,6,2
EFT,2024-12-31,7,6
EFT,2024-12-31,8,23
EFT,2024-12-31,9,28
EFT,2024-12-31,10,8
EFT,2024-12-31,11,123
EFT,2024-12-31,12,34
EFT,2024-12-31,13,49
EFT,2024-12-31,14,45
EFT,2024-12-31,15,4
EFT,2024-12-31,16,22
EFT,2024-12-31,17,13
EFT,2024-12-31,19,8
EFT,2024-12-31,20,2
EFT,2025-01-02,1,6
EFT,2025-01-02,3,2
EFT,2025-01-02,6,12
EFT,2025-01-02,7,5
EFT,2025-01-02,8,2
EFT,2025-01-02,9,41
EFT,2025-01-02,10,10
EFT,2025-01-02,11,3
EFT,2025-01-02,12,18
EFT,2025-01-02,13,27
EFT,2025-01-02,14,6
EFT,2025-01-02,15,36
EFT,2025-01-02,16,4
EFT,2025-01-02,17,17
EFT,2025-01-02,18,1
EFT,2025-01-02,19,1
EFT,2025-01-03,0,3
EFT,2025-01-03,4,19
EFT,2025-01-03,6,15
EFT,2025-01-03,7,39
EFT,2025-01-03,8,44
EFT,2025-01-03,9,34
EFT,2025-01-03,10,8
EFT,2025-01-03,11,13
EFT,2025-01-03,12,20
EFT,2025-01-03,13,32
EFT,2025-01-03,14,46
EFT,2025-01-03,15,31
EFT,2025-01-03,16,45
EFT,2025-01-03,17,3
EFT,2025-01-03,18,30
EFT,2025-01-06,3,2
EFT,2025-01-06,6,12
EFT,2025-01-06,7,4
EFT,2025-01-06,8,31
EFT,2025-01-06,9,42
EFT,2025-01-06,10,37
EFT,2025-01-06,11,18
EFT,2025-01-06,12,42
EFT,2025-01-06,13,16
EFT,2025-01-06,14,30
EFT,2025-01-06,15,7
EFT,2025-01-06,16,5
EFT,2025-01-06,17,15
EFT,2025-01-06,18,3
EFT,2025-01-06,19,1
EFT,2025-01-06,20,2
EFT,2025-01-06,23,2
EFT,2025-01-07,1,3
EFT,2025-01-07,7,1
EFT,2025-01-07,8,9
EFT,2025-01-07,9,6
EFT,2025-01-07,10,30
EFT,2025-01-07,11,25
EFT,2025-01-07,12,16
EFT,2025-01-07,13,13
EFT,2025-01-07,14,3
EFT,2025-01-07,15,28
EFT,2025-01-07,16,9
EFT,2025-01-07,17,14
EFT,2025-01-07,18,11
EFT,2025-01-07,19,5
EFT,2025-01-07,22,6
EFT,2025-01-07,23,2
EFT,2025-01-08,4,2
EFT,2025-01-08,6,4
EFT,2025-01-08,7,3
EFT,2025-01-08,8,21
EFT,2025-01-08,9,28
EFT,2025-01-08,10,21
EFT,2025-01-08,11,23
EFT,2025-01-08,12,3
EFT,2025-01-08,13,19
EFT,2025-01-08,14,7
EFT,2025-01-08,15,7
EFT,2025-01-08,16,13
EFT,2025-01-09,1,5
EFT,2025-01-09,2,2
EFT,2025-01-09,5,8
EFT,2025-01-09,6,7
EFT,2025-01-09,7,36
EFT,2025-01-09,8,3
EFT,2025-01-09,9,41
EFT,2025-01-09,10,6
EFT,2025-01-09,11,35
EFT,2025-01-09,12,11
EFT,2025-01-09,13,7
EFT,2025-01-09,14,8
EFT,2025-01-09,15,7
EFT,2025-01-09,16,46
EFT,2025-01-09,17,9
EFT,2025-01-09,18,13
EFT,2025-01-09,20,6
EFT,2025-01-09,22,2
EFT,2025-01-10,2,18
EFT,2025-01-10,4,1
EFT,2025-01-10,6,6
EFT,2025-01-10,7,3
EFT,2025-01-10,8,35
EFT,2025-01-10,9,53
EFT,2025-01-10,10,17
EFT,2025-01-10,11,21
EFT,2025-01-10,12,4
EFT,2025-01-10,13,40
EFT,2025-01-10,14,40
EFT,2025-01-10,15,7
EFT,2025-01-10,16,14
EFT,2025-01-10,17,2
EFT,2025-01-10,18,5
EFT,2025-01-10,19,5
EFT,2025-01-10,23,2
EFT,2025-01-13,4,2
EFT,2025-01-13,5,41
EFT,2025-01-13,7,2
EFT,2025-01-13,8,22
EFT,2025-01-13,9,27
EFT,2025-01-13,10,34
EFT,2025-01-13,11,1
EFT,2025-01-13,12,8
EFT,2025-01-13,13,21
EFT,2025-01-13,14,1
EFT,2025-01-13,15,39
EFT,2025-01-13,16,73
EFT,2025-01-13,17,38
EFT,2025-01-13,18,11
EFT,2025-01-13,19,5
EFT,2025-01-13,20,13
EFT,2025-01-14,1,1
EFT,2025-01-14,6,4
EFT,2025-01-14,7,23
EFT,2025-01-14,8,21
EFT,2025-01-14,9,45
EFT,2025-01-14,10,84
EFT,2025-01-14,11,48
EFT,2025-01-14,12,14
EFT,2025-01-14,13,5
EFT,2025-01-14,14,24
EFT,2025-01-14,16,10
EFT,2025-01-14,17,3
EFT,2025-01-14,19,2
EFT,2025-01-14,23,1
EFT,2025-01-15,6,6
EFT,2025-01-15,7,4
EFT,2025-01-15,8,15
EFT,2025-01-15,9,26
EFT,2025-01-15,10,30
EFT,2025-01-15,11,7
EFT,2025-01-15,12,10
EFT,2025-01-15,13,14
EFT,2025-01-15,14,9
EFT,2025-01-15,15,9
EFT,2025-01-15,16,25
EFT,2025-01-15,17,2
EFT,2025-01-15,18,2
EFT,2025-01-15,19,16
EFT,2025-01-15,21,2
EFT,2025-01-16,1,1
EFT,2025-01-16,5,1
EFT,2025-01-16,6,5
EFT,2025-01-16,8,16
EFT,2025-01-16,9,26
EFT,2025-01-16,10,14
EFT,2025-01-16,11,4
EFT,2025-01-16,12,3
EFT,2025-01-16,13,2
EFT,2025-01-16,14,14
EFT,2025-01-16,15,16
EFT,2025-01-16,16,5
EFT,2025-01-16,17,4
EFT,2025-01-16,18,3
EFT,2025-01-16,19,15
EFT,2025-01-16,22,10
EFT,2025-01-16,23,4
EFT,2025-01-17,5,9
EFT,2025-01-17,6,21
EFT,2025-01-17,7,8
EFT,2025-01-17,8,10
EFT,2025-01-17,9,49
EFT,2025-01-17,10,13
EFT,2025-01-17,11,18
EFT,2025-01-17,13,9
EFT,2025-01-17,14,19
EFT,2025-01-17,15,3
EFT,2025-01-17,16,5
EFT,2025-01-17,17,28
EFT,2025-01-17,18,1
EFT,2025-01-17,19,3
EFT,2025-01-17,22,2
EFT,2025-01-20,3,2
EFT,2025-01-20,7,9
EFT,2025-01-20,8,66
EFT,2025-01-20,9,48
EFT,2025-01-20,10,17
EFT,2025-01-20,11,14
EFT,2025-01-20,13,23
EFT,2025-01-20,14,8
EFT,2025-01-20,15,15
EFT,2025-01-20,16,9
EFT,2025-01-20,17,15
EFT,2025-01-20,18,17
EFT,2025-01-20,19,1
EFT,2025-01-21,3,1
EFT,2025-01-21,6,2
EFT,2025-01-21,7,4
EFT,2025-01-21,8,15
EFT,2025-01-21,9,27
EFT,2025-01-21,10,23
EFT,2025-01-21,11,23
EFT,2025-01-21,12,11
EFT,2025-01-21,13,43
EFT,2025-01-21,14,5
EFT,2025-01-21,15,13
EFT,2025-01-21,16,37
EFT,2025-01-21,17,5
EFT,2025-01-21,18,17
EFT,2025-01-21,19,7
EFT,2025-01-21,22,9
EFT,2025-01-21,23,6
EFT,2025-01-22,6,5
EFT,2025-01-22,7,3
EFT,2025-01-22,8,11
EFT,2025-01-22,9,36
EFT,2025-01-22,10,24
EFT,2025-01-22,11,24
EFT,2025-01-22,12,15
EFT,2025-01-22,13,17
EFT,2025-01-22,14,7
EFT,2025-01-22,15,2
EFT,2025-01-22,16,30
EFT,2025-01-22,17,4
EFT,2025-01-22,19,1
EFT,2025-01-22,20,1
EFT,2025-01-23,3,3
EFT,2025-01-23,4,40
EFT,2025-01-23,6,15
EFT,2025-01-23,7,6
EFT,2025-01-23,8,13
EFT,2025-01-23,9,56
EFT,2025-01-23,10,32
EFT,2025-01-23,11,5
EFT,2025-01-23,12,21
EFT,2025-01-23,13,31
EFT,2025-01-23,14,68
EFT,2025-01-23,15,28
EFT,2025-01-23,16,26
EFT,2025-01-23,17,11
EFT,2025-01-23,18,14
EFT,2025-01-23,19,24
EFT,2025-01-23,21,6
EFT,2025-01-24,7,15
EFT,2025-01-24,8,27
EFT,2025-01-24,9,16
EFT,2025-01-24,10,17
EFT,2025-01-24,11,19
EFT,2025-01-24,12,13
EFT,2025-01-24,13,19
EFT,2025-01-24,14,57
EFT,2025-01-24,15,44
EFT,2025-01-24,16,1
EFT,2025-01-24,17,7
EFT,2025-01-24,18,8
EFT,2025-01-24,19,8
EFT,2025-01-24,22,1
EFT,2025-01-27,3,2
EFT,2025-01-27,5,8
EFT,2025-01-27,6,2
EFT,2025-01-27,7,16
EFT,2025-01-27,8,15
EFT,2025-01-27,9,56
EFT,2025-01-27,10,25
EFT,2025-01-27,11,74
EFT,2025-01-27,12,21
EFT,2025-01-27,13,23
EFT,2025-01-27,14,8
EFT,2025-01-27,15,69
EFT,2025-01-27,16,46
EFT,2025-01-27,17,16
EFT,2025-01-27,23,1
EFT,2025-01-28,6,1
EFT,2025-01-28,7,5
EFT,2025-01-28,8,39
EFT,2025-01-28,9,41
EFT,2025-01-28,10,36
EFT,2025-01-28,11,41
EFT,2025-01-28,12,16
EFT,2025-01-28,13,23
EFT,2025-01-28,14,7
EFT,2025-01-28,15,4
EFT,2025-01-28,16,17
EFT,2025-01-28,17,1
EFT,2025-01-28,18,17
EFT,2025-01-28,19,12
EFT,2025-01-29,2,1
EFT,2025-01-29,4,3
EFT,2025-01-29,6,13
EFT,2025-01-29,7,17
EFT,2025-01-29,8,19
EFT,2025-01-29,9,8
EFT,2025-01-29,10,43
EFT,2025-01-29,11,5
EFT,2025-01-29,12,18
EFT,2025-01-29,13,41
EFT,2025-01-29,14,7
EFT,2025-01-29,15,9
EFT,2025-01-29,16,14
EFT,2025-01-29,17,22
EFT,2025-01-29,18,9
EFT,2025-01-29,19,3
EFT,2025-01-29,23,5
EFT,2025-01-30,1,3
EFT,2025-01-30,6,3
EFT,2025-01-30,7,26
EFT,2025-01-30,8,3
EFT,2025-01-30,9,60
EFT,2025-01-30,10,12
EFT,2025-01-30,11,20
EFT,2025-01-30,12,3
EFT,2025-01-30,13,12
EFT,2025-01-30,14,50
EFT,2025-01-30,15,6
EFT,2025-01-30,16,36
EFT,2025-01-30,17,15
EFT,2025-01-30,18,1
EFT,2025-01-30,19,6
EFT,2025-01-31,4,10
EFT,2025-01-31,7,9
EFT,2025-01-31,8,17
EFT,2025-01-31,9,43
EFT,2025-01-31,10,23
EFT,2025-01-31,11,11
EFT,2025-01-31,12,69
EFT,2025-01-31,13,3
EFT,2025-01-31,14,15
EFT,2025-01-31,15,2
EFT,2025-01-31,16,18
EFT,2025-01-31,17,3
EFT,2025-01-31,18,12
EFT,2025-01-31,19,1
EFT,2025-01-31,22,13
EFT,2025-02-03,4,12
EFT,2025-02-03,7,2
EFT,2025-02-03,8,6
EFT,2025-02-03,9,31
EFT,2025-02-03,10,65
EFT,2025-02-03,11,26
EFT,2025-02-03,12,6
EFT,2025-02-03,13,5
EFT,2025-02-03,14,16
EFT,2025-02-03,15,26
EFT,2025-02-03,16,13
EFT,2025-02-03,17,5
EFT,2025-02-03,18,1
EFT,2025-02-03,22,1
EFT,2025-02-04,1,2
EFT,2025-02-04,7,2
EFT,2025-02-04,8,23
EFT,2025-02-04,9,6
EFT,2025-02-04,10,36
EFT,2025-02-04,11,51
EFT,2025-02-04,12,19
EFT,2025-02-04,13,12
EFT,2025-02-04,14,33
EFT,2025-02-04,15,9
EFT,2025-02-04,16,3
EFT,2025-02-04,17,19
EFT,2025-02-04,18,5
EFT,2025-02-04,19,4
EFT,2025-02-04,20,2
EFT,2025-02-05,7,6
EFT,2025-02-05,8,9
EFT,2025-02-05,9,11
EFT,2025-02-05,10,45
EFT,2025-02-05,11,7
EFT,2025-02-05,12,5
EFT,2025-02-05,13,25
EFT,2025-02-05,14,15
EFT,2025-02-05,15,20
EFT,2025-02-05,16,4
EFT,2025-02-05,17,10
EFT,2025-02-05,19,1
EFT,2025-02-05,23,3
EFT,2025-02-06,0,2
EFT,2025-02-06,2,1
EFT,2025-02-06,6,1
EFT,2025-02-06,7,27
EFT,2025-02-06,8,19
EFT,2025-02-06,9,29
EFT,2025-02-06,10,19
EFT,2025-02-06,11,49
EFT,2025-02-06,12,16
EFT,2025-02-06,13,35
EFT,2025-02-06,14,11
EFT,2025-02-06,15,7
EFT,2025-02-06,16,12
EFT,2025-02-06,17,26
EFT,2025-02-06,18,1
EFT,2025-02-06,19,9
EFT,2025-02-07,5,1
EFT,2025-02-07,6,8
EFT,2025-02-07,7,11
EFT,2025-02-07,8,12
EFT,2025-02-07,9,5
EFT,2025-02-07,10,25
EFT,2025-02-07,11,25
EFT,2025-02-07,12,13
EFT,2025-02-07,13,4
EFT,2025-02-07,14,7
EFT,2025-02-07,15,20
EFT,2025-02-07,16,24
EFT,2025-02-07,17,1
EFT,2025-02-07,18,3
EFT,2025-02-07,19,1
EFT,2025-02-10,2,2
EFT,2025-02-10,7,8
EFT,2025-02-10,8,31
EFT,2025-02-10,9,70
EFT,2025-02-10,10,22
EFT,2025-02-10,11,34
EFT,2025-02-10,12,21
EFT,2025-02-10,13,81
EFT,2025-02-10,14,14
EFT,2025-02-10,15,19
EFT,2025-02-10,16,24
EFT,2025-02-10,17,7
EFT,2025-02-10,18,5
EFT,2025-02-11,6,3
EFT,2025-02-11,7,12
EFT,2025-02-11,8,57
EFT,2025-02-11,9,12
EFT,2025-02-11,10,27
EFT,2025-02-11,11,11
EFT,2025-02-11,12,33
EFT,2025-02-11,13,13
EFT,2025-02-11,14,7
EFT,2025-02-11,15,33
EFT,2025-02-11,16,8
EFT,2025-02-11,17,11
EFT,2025-02-11,18,3
EFT,2025-02-11,19,3
EFT,2025-02-11,20,27
EFT,2025-02-11,21,1
EFT,2025-02-12,1,1
EFT,2025-02-12,3,3
EFT,2025-02-12,7,5
EFT,2025-02-12,8,26
EFT,2025-02-12,9,18
EFT,2025-02-12,10,39
EFT,2025-02-12,11,17
EFT,2025-02-12,12,11
EFT,2025-02-12,13,47
EFT,2025-02-12,14,22
EFT,2025-02-12,15,13
EFT,2025-02-12,16,6
EFT,2025-02-12,17,8
EFT,2025-02-12,18,4
EFT,2025-02-13,2,1
EFT,2025-02-13,3,1
EFT,2025-02-13,6,4
EFT,2025-02-13,7,2
EFT,2025-02-13,8,9
EFT,2025-02-13,9,38
EFT,2025-02-13,10,11
EFT,2025-02-13,11,15
EFT,2025-02-13,12,15
EFT,2025-02-13,13,26
EFT,2025-02-13,14,19
EFT,2025-02-13,15,22
EFT,2025-02-13,16,3
EFT,2025-02-13,17,5
EFT,2025-02-13,18,15
EFT,2025-02-13,19,1
EFT,2025-02-13,21,1
EFT,2025-02-14,2,5
EFT,2025-02-14,3,8
EFT,2025-02-14,6,10
EFT,2025-02-14,7,1
EFT,2025-02-14,8,13
EFT,2025-02-14,9,46
EFT,2025-02-14,10,28
EFT,2025-02-14,11,42
EFT,2025-02-14,12,2
EFT,2025-02-14,13,26
EFT,2025-02-14,14,43
EFT,2025-02-14,15,34
EFT,2025-02-14,16,11
EFT,2025-02-14,17,7
EFT,2025-02-14,18,11
EFT,2025-02-14,21,11
EFT,2025-02-17,6,12
EFT,2025-02-17,7,7
EFT,2025-02-17,8,34
EFT,2025-02-17,9,34
EFT,2025-02-17,10,41
EFT,2025-02-17,11,17
EFT,2025-02-17,12,27
EFT,2025-02-17,13,31
EFT,2025-02-17,14,10
EFT,2025-02-17,15,8
EFT,2025-02-17,17,1
EFT,2025-02-17,18,1
EFT,2025-02-17,19,15
EFT,2025-02-17,21,4
EFT,2025-02-18,6,7
EFT,2025-02-18,7,24
EFT,2025-02-18,8,33
EFT,2025-02-18,9,51
EFT,2025-02-18,10,11
EFT,2025-02-18,11,52
EFT,2025-02-18,12,51
EFT,2025-02-18,13,34
EFT,2025-02-18,14,52
EFT,2025-02-18,15,29
EFT,2025-02-18,16,8
EFT,2025-02-18,17,12
EFT,2025-02-18,19,17
EFT,2025-02-19,6,13
EFT,2025-02-19,7,46
EFT,2025-02-19,8,36
EFT,2025-02-19,9,10
EFT,2025-02-19,10,17
EFT,2025-02-19,11,6
EFT,2025-02-19,12,27
EFT,2025-02-19,13,26
EFT,2025-02-19,14,6
EFT,2025-02-19,15,40
EFT,2025-02-19,16,3
EFT,2025-02-19,17,11
EFT,2025-02-19,18,3
EFT,2025-02-19,19,5
EFT,2025-02-20,3,1
EFT,2025-02-20,4,7
EFT,2025-02-20,6,1
EFT,2025-02-20,7,32
EFT,2025-02-20,8,46
EFT,2025-02-20,9,25
EFT,2025-02-20,10,64
EFT,2025-02-20,11,21
EFT,2025-02-20,12,15
EFT,2025-02-20,13,15
EFT,2025-02-20,14,34
EFT,2025-02-20,15,19
EFT,2025-02-20,16,3
EFT,2025-02-20,17,11
EFT,2025-02-20,18,15
EFT,2025-02-20,23,10
EFT,2025-02-21,2,1
EFT,2025-02-21,6,3
EFT,2025-02-21,7,3
EFT,2025-02-21,8,7
EFT,2025-02-21,9,34
EFT,2025-02-21,10,68
EFT,2025-02-21,11,22
EFT,2025-02-21,12,12
EFT,2025-02-21,13,12
EFT,2025-02-21,14,11
EFT,2025-02-21,16,28
EFT,2025-02-21,17,6
EFT,2025-02-21,18,2
EFT,2025-02-21,19,3
EFT,2025-02-24,3,1
EFT,2025-02-24,6,6
EFT,2025-02-24,7,12
EFT,2025-02-24,8,30
EFT,2025-02-24,9,51
EFT,2025-02-24,10,37
EFT,2025-02-24,11,2
EFT,2025-02-24,12,2
EFT,2025-02-24,13,42
EFT,2025-02-24,14,10
EFT,2025-02-24,15,47
EFT,2025-02-24,16,56
EFT,2025-02-24,17,43
EFT,2025-02-24,18,6
EFT,2025-02-24,19,2
EFT,2025-02-25,2,26
EFT,2025-02-25,5,4
EFT,2025-02-25,6,2
EFT,2025-02-25,7,13
EFT,2025-02-25,8,41
EFT,2025-02-25,9,88
EFT,2025-02-25,10,37
EFT,2025-02-25,11,11
EFT,2025-02-25,12,17
EFT,2025-02-25,13,30
EFT,2025-02-25,14,20
EFT,2025-02-25,15,26
EFT,2025-02-25,17,17
EFT,2025-02-25,18,18
EFT,2025-02-25,19,16
EFT,2025-02-25,23,1
EFT,2025-02-26,0,1
EFT,2025-02-26,6,1
EFT,2025-02-26,7,8
EFT,2025-02-26,8,30
EFT,2025-02-26,9,26
EFT,2025-02-26,10,21
EFT,2025-02-26,11,29
EFT,2025-02-26,12,10
EFT,2025-02-26,13,58
EFT,2025-02-26,14,24
EFT,2025-02-26,15,19
EFT,2025-02-26,16,6
EFT,2025-02-26,17,7
EFT,2025-02-27,1,4
EFT,2025-02-27,6,22
EFT,2025-02-27,7,13
EFT,2025-02-27,8,51
EFT,2025-02-27,9,69
EFT,2025-02-27,10,9
EFT,2025-02-27,11,10
EFT,2025-02-27,12,48
EFT,2025-02-27,14,32
EFT,2025-02-27,15,9
EFT,2025-02-27,16,5
EFT,2025-02-27,17,6
EFT,2025-02-27,18,5
EFT,2025-02-27,19,23
EFT,2025-02-27,21,4
EFT,2025-02-28,1,5
EFT,2025-02-28,6,10
EFT,2025-02-28,8,17
EFT,2025-02-28,9,43
EFT,2025-02-28,10,38
EFT,2025-02-28,11,66
EFT,2025-02-28,12,3
EFT,2025-02-28,13,6
EFT,2025-02-28,14,48
EFT,2025-02-28,15,17
EFT,2025-02-28,16,14
EFT,2025-02-28,17,27
EFT,2025-02-28,18,11
EFT,2025-02-28,19,4
EFT,2025-03-03,0,26
EFT,2025-03-03,3,23
EFT,2025-03-03,6,7
EFT,2025-03-03,7,3
EFT,2025-03-03,8,14
EFT,2025-03-03,9,94
EFT,2025-03-03,10,39
EFT,2025-03-03,11,19
EFT,2025-03-03,12,8
EFT,2025-03-03,13,20
EFT,2025-03-03,14,9
EFT,2025-03-03,15,37
EFT,2025-03-03,16,20
EFT,2025-03-03,17,13
EFT,2025-03-03,18,3
EFT,2025-03-04,1,11
EFT,2025-03-04,7,15
EFT,2025-03-04,8,13
EFT,2025-03-04,9,14
EFT,2025-03-04,10,13
EFT,2025-03-04,11,82
EFT,2025-03-04,12,27
EFT,2025-03-04,13,17
EFT,2025-03-04,14,46
EFT,2025-03-04,15,49
EFT,2025-03-04,16,5
EFT,2025-03-04,18,29
EFT,2025-03-04,20,2
EFT,2025-03-04,23,3
EFT,2025-03-05,4,10
EFT,2025-03-05,6,1
EFT,2025-03-05,7,2
EFT,2025-03-05,8,38
EFT,2025-03-05,9,51
EFT,2025-03-05,10,24
EFT,2025-03-05,11,28
EFT,2025-03-05,12,28
EFT,2025-03-05,13,32
EFT,2025-03-05,14,18
EFT,2025-03-05,15,25
EFT,2025-03-05,16,2
EFT,2025-03-05,17,3
EFT,2025-03-05,19,3
EFT,2025-03-06,6,30
EFT,2025-03-06,7,2
EFT,2025-03-06,8,21
EFT,2025-03-06,9,5
EFT,2025-03-06,10,16
EFT,2025-03-06,11,10
EFT,2025-03-06,12,13
EFT,2025-03-06,13,12
EFT,2025-03-06,14,59
EFT,2025-03-06,15,24
EFT,2025-03-06,16,12
EFT,2025-03-06,17,20
EFT,2025-03-06,18,2
EFT,2025-03-06,19,1
EFT,2025-03-06,20,1
EFT,2025-03-06,21,1
EFT,2025-03-06,22,1
EFT,2025-03-07,1,1
EFT,2025-03-07,6,1
EFT,2025-03-07,7,2
EFT,2025-03-07,8,18
EFT,2025-03-07,9,11
EFT,2025-03-07,10,5
EFT,2025-03-07,11,29
EFT,2025-03-07,12,3
EFT,2025-03-07,13,1
EFT,2025-03-07,14,12
EFT,2025-03-07,15,22
EFT,2025-03-07,16,10
EFT,2025-03-07,17,4
EFT,2025-03-07,22,4
EFT,2025-03-07,23,7
EFT,2025-03-10,0,1
EFT,2025-03-10,1,23
EFT,2025-03-10,2,23
EFT,2025-03-10,5,27
EFT,2025-03-10,7,28
EFT,2025-03-10,8,34
EFT,2025-03-10,9,32
EFT,2025-03-10,10,12
EFT,2025-03-10,11,60
EFT,2025-03-10,12,16
EFT,2025-03-10,13,87
EFT,2025-03-10,14,3
EFT,2025-03-10,15,6
EFT,2025-03-10,16,8
EFT,2025-03-10,17,25
EFT,2025-03-10,18,1
EFT,2025-03-10,19,2
EFT,2025-03-11,0,1
EFT,2025-03-11,6,1
EFT,2025-03-11,7,6
EFT,2025-03-11,8,13
EFT,2025-03-11,9,35
EFT,2025-03-11,10,42
EFT,2025-03-11,11,25
EFT,2025-03-11,12,5
EFT,2025-03-11,13,7
EFT,2025-03-11,14,2
EFT,2025-03-11,15,4
EFT,2025-03-11,16,4
EFT,2025-03-11,17,12
EFT,2025-03-11,18,4
EFT,2025-03-11,19,2
EFT,2025-03-12,3,10
EFT,2025-03-12,4,1
EFT,2025-03-12,6,18
EFT,2025-03-12,7,12
EFT,2025-03-12,8,19
EFT,2025-03-12,9,37
EFT,2025-03-12,10,20
EFT,2025-03-12,11,12
EFT,2025-03-12,12,54
EFT,2025-03-12,13,9
EFT,2025-03-12,14,10
EFT,2025-03-12,15,37
EFT,2025-03-12,16,6
EFT,2025-03-12,17,1
EFT,2025-03-12,18,25
EFT,2025-03-12,19,1
EFT,2025-03-12,23,1
EFT,2025-03-13,0,1
EFT,2025-03-13,6,4
EFT,2025-03-13,7,2
EFT,2025-03-13,8,19
EFT,2025-03-13,9,36
EFT,2025-03-13,10,3
EFT,2025-03-13,11,3
EFT,2025-03-13,12,5
EFT,2025-03-13,13,13
EFT,2025-03-13,14,2
EFT,2025-03-13,15,7
EFT,2025-03-13,16,2
EFT,2025-03-13,17,2
EFT,2025-03-13,18,4
EFT,2025-03-13,23,2
EFT,2025-03-14,7,7
EFT,2025-03-14,8,13
EFT,2025-03-14,9,17
EFT,2025-03-14,10,7
EFT,2025-03-14,11,15
EFT,2025-03-14,12,6
EFT,2025-03-14,13,8
EFT,2025-03-14,14,35
EFT,2025-03-14,15,18
EFT,2025-03-14,16,5
EFT,2025-03-14,17,4
EFT,2025-03-14,18,1
EFT,2025-03-14,23,1
EFT,2025-03-17,0,3
EFT,2025-03-17,4,3
EFT,2025-03-17,5,2
EFT,2025-03-17,6,49
EFT,2025-03-17,7,11
EFT,2025-03-17,8,66
EFT,2025-03-17,9,26
EFT,2025-03-17,10,22
EFT,2025-03-17,11,56
EFT,2025-03-17,12,6
EFT,2025-03-17,13,9
EFT,2025-03-17,14,17
EFT,2025-03-17,15,53
EFT,2025-03-17,16,35
EFT,2025-03-17,17,43
EFT,2025-03-17,18,14
EFT,2025-03-17,19,7
EFT,2025-03-17,20,7
EFT,2025-03-17,23,1
EFT,2025-03-18,2,5
EFT,2025-03-18,5,1
EFT,2025-03-18,6,9
EFT,2025-03-18,8,41
EFT,2025-03-18,9,46
EFT,2025-03-18,10,19
EFT,2025-03-18,11,39
EFT,2025-03-18,12,26
EFT,2025-03-18,13,1
EFT,2025-03-18,14,21
EFT,2025-03-18,15,24
EFT,2025-03-18,16,4
EFT,2025-03-18,17,6
EFT,2025-03-18,18,16
EFT,2025-03-18,19,12
EFT,2025-03-19,1,17
EFT,2025-03-19,7,4
EFT,2025-03-19,8,15
EFT,2025-03-19,9,17
EFT,2025-03-19,10,20
EFT,2025-03-19,11,38
EFT,2025-03-19,12,20
EFT,2025-03-19,13,6
EFT,2025-03-19,14,40
EFT,2025-03-19,15,21
EFT,2025-03-19,16,34
EFT,2025-03-19,17,5
EFT,2025-03-19,18,5
EFT,2025-03-19,20,2
EFT,2025-03-20,7,28
EFT,2025-03-20,8,9
EFT,2025-03-20,9,33
EFT,2025-03-20,10,8
EFT,2025-03-20,11,4
EFT,2025-03-20,12,3
EFT,2025-03-20,13,13
EFT,2025-03-20,14,19
EFT,2025-03-20,15,89
EFT,2025-03-20,16,30
EFT,2025-03-20,17,35
EFT,2025-03-20,18,3
EFT,2025-03-20,19,6
EFT,2025-03-21,2,3
EFT,2025-03-21,6,3
EFT,2025-03-21,7,10
EFT,2025-03-21,8,11
EFT,2025-03-21,9,20
EFT,2025-03-21,10,12
EFT,2025-03-21,11,6
EFT,2025-03-21,12,62
EFT,2025-03-21,13,2
EFT,2025-03-21,14,27
EFT,2025-03-21,15,46
EFT,2025-03-21,16,12
EFT,2025-03-21,17,2
EFT,2025-03-21,18,1
EFT,2025-03-21,19,1
EFT,2025-03-24,1,7
EFT,2025-03-24,5,2
EFT,2025-03-24,6,1
EFT,2025-03-24,7,33
EFT,2025-03-24,8,52
EFT,2025-03-24,9,66
EFT,2025-03-24,10,15
EFT,2025-03-24,11,9
EFT,2025-03-24,12,44
EFT,2025-03-24,13,18
EFT,2025-03-24,14,12
EFT,2025-03-24,15,13
EFT,2025-03-24,16,20
EFT,2025-03-24,17,4
EFT,2025-03-24,18,3
EFT,2025-03-24,19,12
EFT,2025-03-25,2,5
EFT,2025-03-25,7,1
EFT,2025-03-25,8,27
EFT,2025-03-25,9,37
EFT,2025-03-25,10,19
EFT,2025-03-25,11,25
EFT,2025-03-25,12,27
EFT,2025-03-25,13,42
EFT,2025-03-25,14,38
EFT,2025-03-25,15,45
EFT,2025-03-25,17,8
EFT,2025-03-25,18,7
EFT,2025-03-25,19,5
EFT,2025-03-25,23,1
EFT,2025-03-26,6,3
EFT,2025-03-26,8,25
EFT,2025-03-26,9,36
EFT,2025-03-26,10,24
EFT,2025-03-26,11,28
EFT,2025-03-26,12,27
EFT,2025-03-26,13,26
EFT,2025-03-26,14,29
EFT,2025-03-26,15,80
EFT,2025-03-26,16,17
EFT,2025-03-26,18,1
EFT,2025-03-26,22,4
EFT,2025-03-27,5,3
EFT,2025-03-27,6,13
EFT,2025-03-27,7,4
EFT,2025-03-27,8,30
EFT,2025-03-27,9,45
EFT,2025-03-27,10,17
EFT,2025-03-27,11,81
EFT,2025-03-27,12,18
EFT,2025-03-27,13,7
EFT,2025-03-27,14,31
EFT,2025-03-27,15,12
EFT,2025-03-27,16,4
EFT,2025-03-27,17,4
EFT,2025-03-27,18,4
EFT,2025-03-27,19,1
EFT,2025-03-27,23,6
EFT,2025-03-28,0,1
EFT,2025-03-28,5,3
EFT,2025-03-28,8,35
EFT,2025-03-28,9,15
EFT,2025-03-28,10,59
EFT,2025-03-28,11,29
EFT,2025-03-28,12,28
EFT,2025-03-28,13,15
EFT,2025-03-28,14,33
EFT,2025-03-28,15,3
EFT,2025-03-28,16,11
EFT,2025-03-28,17,1
EFT,2025-03-28,18,9
EFT,2025-03-28,19,14
EFT,2025-03-28,20,10
EFT,2025-04-02,6,12
EFT,2025-04-02,7,36
EFT,2025-04-02,8,19
EFT,2025-04-02,9,23
EFT,2025-04-02,10,22
EFT,2025-04-02,11,30
EFT,2025-04-02,12,21
EFT,2025-04-02,13,4
EFT,2025-04-02,14,27
EFT,2025-04-02,15,55
EFT,2025-04-02,16,17
EFT,2025-04-02,17,12
EFT,2025-04-02,18,5
EFT,2025-04-02,21,6
EFT,2025-04-03,0,6
EFT,2025-04-03,5,1
EFT,2025-04-03,7,5
EFT,2025-04-03,8,12
EFT,2025-04-03,9,24
EFT,2025-04-03,10,18
EFT,2025-04-03,11,37
EFT,2025-04-03,13,30
EFT,2025-04-03,14,19
EFT,2025-04-03,15,34
EFT,2025-04-03,16,12
EFT,2025-04-03,17,2
EFT,2025-04-03,18,5
EFT,2025-04-03,19,1
EFT,2025-04-04,1,1
EFT,2025-04-04,3,1
EFT,2025-04-04,6,8
EFT,2025-04-04,7,1
EFT,2025-04-04,8,34
EFT,2025-04-04,9,21
EFT,2025-04-04,10,16
EFT,2025-04-04,11,13
EFT,2025-04-04,12,21
EFT,2025-04-04,13,12
EFT,2025-04-04,14,8
EFT,2025-04-04,15,11
EFT,2025-04-04,16,30
EFT,2025-04-04,17,16
EFT,2025-04-04,19,15
EFT,2025-04-04,20,1
EFT,2025-04-04,21,1
EFT,2025-04-04,23,8
EFT,2025-04-07,1,3
EFT,2025-04-07,2,1
EFT,2025-04-07,5,1
EFT,2025-04-07,6,2
EFT,2025-04-07,7,3
EFT,2025-04-07,8,45
EFT,2025-04-07,9,34
EFT,2025-04-07,10,9
EFT,2025-04-07,11,7
EFT,2025-04-07,12,8
EFT,2025-04-07,13,41
EFT,2025-04-07,14,23
EFT,2025-04-07,15,50
EFT,2025-04-07,16,15
EFT,2025-04-07,17,24
EFT,2025-04-07,19,4
EFT,2025-04-07,20,3
EFT,2025-04-08,6,6
EFT,2025-04-08,7,8
EFT,2025-04-08,8,26
EFT,2025-04-08,9,37
EFT,2025-04-08,10,29
EFT,2025-04-08,11,13
EFT,2025-04-08,12,21
EFT,2025-04-08,13,20
EFT,2025-04-08,14,28
EFT,2025-04-08,15,6
EFT,2025-04-08,16,26
EFT,2025-04-08,17,1
EFT,2025-04-08,18,21
EFT,2025-04-08,19,1
EFT,2025-04-08,22,5
EFT,2025-04-09,3,1
EFT,2025-04-09,4,2
EFT,2025-04-09,7,5
EFT,2025-04-09,8,55
EFT,2025-04-09,9,27
EFT,2025-04-09,10,53
EFT,2025-04-09,11,8
EFT,2025-04-09,12,6
EFT,2025-04-09,13,17
EFT,2025-04-09,14,29
EFT,2025-04-09,15,10
EFT,2025-04-09,16,12
EFT,2025-04-09,17,13
EFT,2025-04-09,18,1
EFT,2025-04-09,20,16
EFT,2025-04-10,1,4
EFT,2025-04-10,6,4
EFT,2025-04-10,7,3
EFT,2025-04-10,8,29
EFT,2025-04-10,9,13
EFT,2025-04-10,10,20
EFT,2025-04-10,11,24
EFT,2025-04-10,12,16
EFT,2025-04-10,13,6
EFT,2025-04-10,14,58
EFT,2025-04-10,15,15
EFT,2025-04-10,16,9
EFT,2025-04-10,17,1
EFT,2025-04-10,18,1
EFT,2025-04-10,19,3
EFT,2025-04-10,22,5
EFT,2025-04-10,23,2
EFT,2025-04-11,1,2
EFT,2025-04-11,4,2
EFT,2025-04-11,6,18
EFT,2025-04-11,7,35
EFT,2025-04-11,8,28
EFT,2025-04-11,9,61
EFT,2025-04-11,10,12
EFT,2025-04-11,11,12
EFT,2025-04-11,12,24
EFT,2025-04-11,13,59
EFT,2025-04-11,14,19
EFT,2025-04-11,15,37
EFT,2025-04-11,16,21
EFT,2025-04-11,17,13
EFT,2025-04-11,18,7
EFT,2025-04-11,19,8
EFT,2025-04-14,0,6
EFT,2025-04-14,2,5
EFT,2025-04-14,7,1
EFT,2025-04-14,8,14
EFT,2025-04-14,9,36
EFT,2025-04-14,10,25
EFT,2025-04-14,11,39
EFT,2025-04-14,12,11
EFT,2025-04-14,13,20
EFT,2025-04-14,14,28
EFT,2025-04-14,15,32
EFT,2025-04-14,16,12
EFT,2025-04-14,17,8
EFT,2025-04-14,18,5
EFT,2025-04-14,19,2
EFT,2025-04-14,22,10
EFT,2025-04-15,6,4
EFT,2025-04-15,7,6
EFT,2025-04-15,8,5
EFT,2025-04-15,9,20
EFT,2025-04-15,10,43
EFT,2025-04-15,11,22
EFT,2025-04-15,12,43
EFT,2025-04-15,13,15
EFT,2025-04-15,14,11
EFT,2025-04-15,15,21
EFT,2025-04-15,16,4
EFT,2025-04-15,18,2
EFT,2025-04-15,22,2
EFT,2025-04-15,23,2
EFT,2025-04-16,1,7
EFT,2025-04-16,7,10
EFT,2025-04-16,8,11
EFT,2025-04-16,9,38
EFT,2025-04-16,10,33
EFT,2025-04-16,11,8
EFT,2025-04-16,12,14
EFT,2025-04-16,13,9
EFT,2025-04-16,14,11
EFT,2025-04-16,15,10
EFT,2025-04-16,16,14
EFT,2025-04-16,17,1
EFT,2025-04-16,18,15
EFT,2025-04-16,19,10
EFT,2025-04-16,21,4
EFT,2025-04-17,1,3
EFT,2025-04-17,4,8
EFT,2025-04-17,6,2
EFT,2025-04-17,7,20
EFT,2025-04-17,8,48
EFT,2025-04-17,9,31
EFT,2025-04-17,10,47
EFT,2025-04-17,11,21
EFT,2025-04-17,12,7
EFT,2025-04-17,13,41
EFT,2025-04-17,14,12
EFT,2025-04-17,15,7
EFT,2025-04-17,16,22
EFT,2025-04-17,18,3
EFT,2025-04-17,19,4
EFT,2025-04-17,21,1
EFT,2025-04-18,7,3
EFT,2025-04-18,8,98
EFT,2025-04-18,9,49
EFT,2025-04-18,10,52
EFT,2025-04-18,11,45
EFT,2025-04-18,12,19
EFT,2025-04-18,13,9
EFT,2025-04-18,14,5
EFT,2025-04-18,15,6
EFT,2025-04-18,16,12
EFT,2025-04-18,17,4
EFT,2025-04-18,18,17
EFT,2025-04-18,19,12
EFT,2025-04-21,5,2
EFT,2025-04-21,6,3
EFT,2025-04-21,7,12
EFT,2025-04-21,8,46
EFT,2025-04-21,9,5
EFT,2025-04-21,10,32
EFT,2025-04-21,11,28
EFT,2025-04-21,12,13
EFT,2025-04-21,13,12
EFT,2025-04-21,14,66
EFT,2025-04-21,15,4
EFT,2025-04-21,16,7
EFT,2025-04-21,17,4
EFT,2025-04-21,18,24
EFT,2025-04-21,19,3
EFT,2025-04-21,21,1
EFT,2025-04-22,3,4
EFT,2025-04-22,5,1
EFT,2025-04-22,7,15
EFT,2025-04-22,8,28
EFT,2025-04-22,9,31
EFT,2025-04-22,10,15
EFT,2025-04-22,11,16
EFT,2025-04-22,12,15
EFT,2025-04-22,13,31
EFT,2025-04-22,14,17
EFT,2025-04-22,15,2
EFT,2025-04-22,16,18
EFT,2025-04-22,17,7
EFT,2025-04-22,18,2
EFT,2025-04-22,19,7
EFT,2025-04-22,21,4
EFT,2025-04-22,23,1
EFT,2025-04-24,4,8
EFT,2025-04-24,6,10
EFT,2025-04-24,7,29
EFT,2025-04-24,8,32
EFT,2025-04-24,9,4
EFT,2025-04-24,10,44
EFT,2025-04-24,11,10
EFT,2025-04-24,12,4
EFT,2025-04-24,13,1
EFT,2025-04-24,14,21
EFT,2025-04-24,15,44
EFT,2025-04-24,16,24
EFT,2025-04-24,17,1
EFT,2025-04-24,18,13
EFT,2025-04-25,4,2
EFT,2025-04-25,6,9
EFT,2025-04-25,7,21
EFT,2025-04-25,8,24
EFT,2025-04-25,9,18
EFT,2025-04-25,10,8
EFT,2025-04-25,11,20
EFT,2025-04-25,12,12
EFT,2025-04-25,13,11
EFT,2025-04-25,14,51
EFT,2025-04-25,15,38
EFT,2025-04-25,16,18
EFT,2025-04-25,17,4
EFT,2025-04-25,18,2
EFT,2025-04-25,19,2
EFT,2025-04-28,3,1
EFT,2025-04-28,5,2
EFT,2025-04-28,6,1
EFT,2025-04-28,7,4
EFT,2025-04-28,8,29
EFT,2025-04-28,9,26
EFT,2025-04-28,10,22
EFT,2025-04-28,11,24
EFT,2025-04-28,12,24
EFT,2025-04-28,13,30
EFT,2025-04-28,14,20
EFT,2025-04-28,15,37
EFT,2025-04-28,16,2
EFT,2025-04-28,17,50
EFT,2025-04-28,18,4
EFT,2025-04-28,23,1
EFT,2025-04-29,7,6
EFT,2025-04-29,8,24
EFT,2025-04-29,9,41
EFT,2025-04-29,10,5
EFT,2025-04-29,11,30
EFT,2025-04-29,12,10
EFT,2025-04-29,13,17
EFT,2025-04-29,14,24
EFT,2025-04-29,15,6
EFT,2025-04-29,16,7
EFT,2025-04-29,17,2
EFT,2025-04-29,18,9
EFT,2025-04-29,19,8
EFT,2025-04-30,7,8
EFT,2025-04-30,8,29
EFT,2025-04-30,9,15
EFT,2025-04-30,10,14
EFT,2025-04-30,11,37
EFT,2025-04-30,12,26
EFT,2025-04-30,13,28
EFT,2025-04-30,14,25
EFT,2025-04-30,15,17
EFT,2025-04-30,16,4
EFT,2025-04-30,17,37
EFT,2025-04-30,18,13
EFT,2025-04-30,19,29
EFT,2025-04-30,21,4
EFT,2025-04-30,22,8
EFT,2025-05-02,2,2
EFT,2025-05-02,8,7
EFT,2025-05-02,9,4
EFT,2025-05-02,10,57
EFT,2025-05-02,11,63
EFT,2025-05-02,12,28
EFT,2025-05-02,13,15
EFT,2025-05-02,14,20
EFT,2025-05-02,15,29
EFT,2025-05-02,16,21
EFT,2025-05-02,17,9
EFT,2025-05-02,18,6
EFT,2025-05-05,6,13
EFT,2025-05-05,7,46
EFT,2025-05-05,8,69
EFT,2025-05-05,9,21
EFT,2025-05-05,10,35
EFT,2025-05-05,11,24
EFT,2025-05-05,12,32
EFT,2025-05-05,13,66
EFT,2025-05-05,14,75
EFT,2025-05-05,15,12
EFT,2025-05-05,16,66
EFT,2025-05-05,17,31
EFT,2025-05-05,18,23
EFT,2025-05-06,0,1
EFT,2025-05-06,1,3
EFT,2025-05-06,7,16
EFT,2025-05-06,8,33
EFT,2025-05-06,9,59
EFT,2025-05-06,10,23
EFT,2025-05-06,11,16
EFT,2025-05-06,12,8
EFT,2025-05-06,13,40
EFT,2025-05-06,14,39
EFT,2025-05-06,15,11
EFT,2025-05-06,16,7
EFT,2025-05-06,17,1
EFT,2025-05-06,18,1
EFT,2025-05-06,19,15
EFT,2025-05-07,2,2
EFT,2025-05-07,6,4
EFT,2025-05-07,7,10
EFT,2025-05-07,8,11
EFT,2025-05-07,9,23
EFT,2025-05-07,10,7
EFT,2025-05-07,11,68
EFT,2025-05-07,12,2
EFT,2025-05-07,13,60
EFT,2025-05-07,14,8
EFT,2025-05-07,15,74
EFT,2025-05-07,16,1
EFT,2025-05-07,17,14
EFT,2025-05-07,18,1
EFT,2025-05-08,2,1
EFT,2025-05-08,6,4
EFT,2025-05-08,7,21
EFT,2025-05-08,8,4
EFT,2025-05-08,9,12
EFT,2025-05-08,10,33
EFT,2025-05-08,11,16
EFT,2025-05-08,12,19
EFT,2025-05-08,13,13
EFT,2025-05-08,14,8
EFT,2025-05-08,15,27
EFT,2025-05-08,16,14
EFT,2025-05-08,18,8
EFT,2025-05-08,19,2
EFT,2025-05-09,1,1
EFT,2025-05-09,2,2
EFT,2025-05-09,4,3
EFT,2025-05-09,6,4
EFT,2025-05-09,8,20
EFT,2025-05-09,9,13
EFT,2025-05-09,10,49
EFT,2025-05-09,11,3
EFT,2025-05-09,12,17
EFT,2025-05-09,13,15
EFT,2025-05-09,14,4
EFT,2025-05-09,15,6
EFT,2025-05-09,16,12
EFT,2025-05-09,18,13
EFT,2025-05-09,19,2
EFT,2025-05-12,0,1
EFT,2025-05-12,6,2
EFT,2025-05-12,7,1
EFT,2025-05-12,8,29
EFT,2025-05-12,9,47
EFT,2025-05-12,10,18
EFT,2025-05-12,11,31
EFT,2025-05-12,12,12
EFT,2025-05-12,13,19
EFT,2025-05-12,14,9
EFT,2025-05-12,15,17
EFT,2025-05-12,16,5
EFT,2025-05-12,17,37
EFT,2025-05-12,18,1
EFT,2025-05-12,22,1
EFT,2025-05-13,1,8
EFT,2025-05-13,6,1
EFT,2025-05-13,7,8
EFT,2025-05-13,8,45
EFT,2025-05-13,9,5
EFT,2025-05-13,10,6
EFT,2025-05-13,11,9
EFT,2025-05-13,12,14
EFT,2025-05-13,13,4
EFT,2025-05-13,14,28
EFT,2025-05-13,15,24
EFT,2025-05-13,16,19
EFT,2025-05-13,17,9
EFT,2025-05-13,18,1
EFT,2025-05-13,19,1
EFT,2025-05-13,20,1
EFT,2025-05-14,6,1
EFT,2025-05-14,7,5
EFT,2025-05-14,8,17
EFT,2025-05-14,9,17
EFT,2025-05-14,10,26
EFT,2025-05-14,11,60
EFT,2025-05-14,12,1
EFT,2025-05-14,13,20
EFT,2025-05-14,14,7
EFT,2025-05-14,15,19
EFT,2025-05-14,16,8
EFT,2025-05-14,17,8
EFT,2025-05-14,18,12
EFT,2025-05-14,19,2
EFT,2025-05-14,23,1
EFT,2025-05-15,1,1
EFT,2025-05-15,2,3
EFT,2025-05-15,6,11
EFT,2025-05-15,7,26
EFT,2025-05-15,8,3
EFT,2025-05-15,9,32
EFT,2025-05-15,10,31
EFT,2025-05-15,11,66
EFT,2025-05-15,12,12
EFT,2025-05-15,13,49
EFT,2025-05-15,14,13
EFT,2025-05-15,15,2
EFT,2025-05-15,16,9
EFT,2025-05-15,17,6
EFT,2025-05-15,19,7
EFT,2025-05-15,20,6
EFT,2025-05-15,21,3
EFT,2025-05-15,22,3
EFT,2025-05-16,6,1
EFT,2025-05-16,7,5
EFT,2025-05-16,8,37
EFT,2025-05-16,9,12
EFT,2025-05-16,10,19
EFT,2025-05-16,11,18
EFT,2025-05-16,13,20
EFT,2025-05-16,14,11
EFT,2025-05-16,15,22
EFT,2025-05-16,16,12
EFT,2025-05-16,18,2
EFT,2025-05-16,19,4
EFT,2025-05-20,0,1
EFT,2025-05-20,3,5
EFT,2025-05-20,6,4
EFT,2025-05-20,7,11
EFT,2025-05-20,8,10
EFT,2025-05-20,9,17
EFT,2025-05-20,10,22
EFT,2025-05-20,11,34
EFT,2025-05-20,12,10
EFT,2025-05-20,13,27
EFT,2025-05-20,14,24
EFT,2025-05-20,15,9
EFT,2025-05-20,16,31
EFT,2025-05-20,17,6
EFT,2025-05-20,18,3
EFT,2025-05-20,19,18
EFT,2025-05-21,1,2
EFT,2025-05-21,7,11
EFT,2025-05-21,8,17
EFT,2025-05-21,9,55
EFT,2025-05-21,10,26
EFT,2025-05-21,11,2
EFT,2025-05-21,12,14
EFT,2025-05-21,14,25
EFT,2025-05-21,15,13
EFT,2025-05-21,16,47
EFT,2025-05-21,17,3
EFT,2025-05-21,18,1
EFT,2025-05-21,19,21
EFT,2025-05-22,6,11
EFT,2025-05-22,7,13
EFT,2025-05-22,8,11
EFT,2025-05-22,9,21
EFT,2025-05-22,10,23
EFT,2025-05-22,11,10
EFT,2025-05-22,12,21
EFT,2025-05-22,13,64
EFT,2025-05-22,14,16
EFT,2025-05-22,15,16
EFT,2025-05-22,16,11
EFT,2025-05-22,17,13
EFT,2025-05-22,18,5
EFT,2025-05-22,19,11
EFT,2025-05-22,23,2
EFT,2025-05-23,5,1
EFT,2025-05-23,6,4
EFT,2025-05-23,8,53
EFT,2025-05-23,9,30
EFT,2025-05-23,10,23
EFT,2025-05-23,11,57
EFT,2025-05-23,12,43
EFT,2025-05-23,13,34
EFT,2025-05-23,14,43
EFT,2025-05-23,15,19
EFT,2025-05-23,16,34
EFT,2025-05-23,17,44
EFT,2025-05-23,18,9
EFT,2025-05-23,19,3
EFT,2025-05-23,21,1
EFT,2025-05-23,22,1
EFT,2025-05-26,0,5
EFT,2025-05-26,7,20
EFT,2025-05-26,8,12
EFT,2025-05-26,9,50
EFT,2025-05-26,10,28
EFT,2025-05-26,11,80
EFT,2025-05-26,12,47
EFT,2025-05-26,13,18
EFT,2025-05-26,14,10
EFT,2025-05-26,15,42
EFT,2025-05-26,16,39
EFT,2025-05-26,17,9
EFT,2025-05-26,18,6
EFT,2025-05-26,22,14
EFT,2025-05-26,23,1
EFT,2025-05-27,2,21
EFT,2025-05-27,3,1
EFT,2025-05-27,7,11
EFT,2025-05-27,8,38
EFT,2025-05-27,9,34
EFT,2025-05-27,10,23
EFT,2025-05-27,11,14
EFT,2025-05-27,12,2
EFT,2025-05-27,13,28
EFT,2025-05-27,14,35
EFT,2025-05-27,15,30
EFT,2025-05-27,16,16
EFT,2025-05-27,17,4
EFT,2025-05-27,18,4
EFT,2025-05-27,19,1
EFT,2025-05-27,21,3
EFT,2025-05-28,5,1
EFT,2025-05-28,7,6
EFT,2025-05-28,8,18
EFT,2025-05-28,9,26
EFT,2025-05-28,10,38
EFT,2025-05-28,11,18
EFT,2025-05-28,12,21
EFT,2025-05-28,13,22
EFT,2025-05-28,14,48
EFT,2025-05-28,15,4
EFT,2025-05-28,17,6
EFT,2025-05-28,18,10
EFT,2025-05-28,19,5
EFT,2025-05-29,0,1
EFT,2025-05-29,4,2
EFT,2025-05-29,6,2
EFT,2025-05-29,7,9
EFT,2025-05-29,8,35
EFT,2025-05-29,9,1
EFT,2025-05-29,10,44
EFT,2025-05-29,11,13
EFT,2025-05-29,12,2
EFT,2025-05-29,13,9
EFT,2025-05-29,14,15
EFT,2025-05-29,15,3
EFT,2025-05-29,16,15
EFT,2025-05-29,17,4
EFT,2025-05-29,18,8
EFT,2025-05-29,19,6
EFT,2025-05-30,1,2
EFT,2025-05-30,2,1
EFT,2025-05-30,6,6
EFT,2025-05-30,8,51
EFT,2025-05-30,9,68
EFT,2025-05-30,10,42
EFT,2025-05-30,11,58
EFT,2025-05-30,12,16
EFT,2025-05-30,13,7
EFT,2025-05-30,14,26
EFT,2025-05-30,15,18
EFT,2025-05-30,16,37
EFT,2025-05-30,17,18
EFT,2025-05-30,18,21
EFT,2025-05-30,19,5
EFT,2025-05-30,22,17
EFT,2025-06-02,0,1
EFT,2025-06-02,1,1
EFT,2025-06-02,6,2
EFT,2025-06-02,7,24
EFT,2025-06-02,8,23
EFT,2025-06-02,9,53
EFT,2025-06-02,10,21
EFT,2025-06-02,11,18
EFT,2025-06-02,12,1
EFT,2025-06-02,13,14
EFT,2025-06-02,14,47
EFT,2025-06-02,15,45
EFT,2025-06-02,16,1
EFT,2025-06-02,18,25
EFT,2025-06-02,19,3
EFT,2025-06-03,5,2
EFT,2025-06-03,6,19
EFT,2025-06-03,7,12
EFT,2025-06-03,8,8
EFT,2025-06-03,9,85
EFT,2025-06-03,10,41
EFT,2025-06-03,11,7
EFT,2025-06-03,12,13
EFT,2025-06-03,13,27
EFT,2025-06-03,14,2
EFT,2025-06-03,15,1
EFT,2025-06-03,16,16
EFT,2025-06-03,18,1
EFT,2025-06-03,19,2
EFT,2025-06-04,2,1
EFT,2025-06-04,3,11
EFT,2025-06-04,6,20
EFT,2025-06-04,7,4
EFT,2025-06-04,8,16
EFT,2025-06-04,9,13
EFT,2025-06-04,10,6
EFT,2025-06-04,11,37
EFT,2025-06-04,12,21
EFT,2025-06-04,13,46
EFT,2025-06-04,14,52
EFT,2025-06-04,15,21
EFT,2025-06-04,16,15
EFT,2025-06-04,17,16
EFT,2025-06-04,18,9
EFT,2025-06-04,19,9
EFT,2025-06-04,23,4
EFT,2025-06-05,2,26
EFT,2025-06-05,7,10
EFT,2025-06-05,8,62
EFT,2025-06-05,9,35
EFT,2025-06-05,10,35
EFT,2025-06-05,11,33
EFT,2025-06-05,12,25
EFT,2025-06-05,13,51
EFT,2025-06-05,14,21
EFT,2025-06-05,15,21
EFT,2025-06-05,16,7
EFT,2025-06-05,19,20
EFT,2025-06-05,20,4
EFT,2025-06-05,23,1
EFT,2025-06-10,6,6
EFT,2025-06-10,7,22
EFT,2025-06-10,8,45
EFT,2025-06-10,9,21
EFT,2025-06-10,10,46
EFT,2025-06-10,11,19
EFT,2025-06-10,12,2
EFT,2025-06-10,13,6
EFT,2025-06-10,14,48
EFT,2025-06-10,15,6
EFT,2025-06-10,16,10
EFT,2025-06-10,17,11
EFT,2025-06-10,18,22
EFT,2025-06-11,4,2
EFT,2025-06-11,6,6
EFT,2025-06-11,7,20
EFT,2025-06-11,8,15
EFT,2025-06-11,9,21
EFT,2025-06-11,10,23
EFT,2025-06-11,11,33
EFT,2025-06-11,12,82
EFT,2025-06-11,13,3
EFT,2025-06-11,14,1
EFT,2025-06-11,15,40
EFT,2025-06-11,16,12
EFT,2025-06-11,17,10
EFT,2025-06-11,18,4
EFT,2025-06-11,23,3
EFT,2025-06-12,2,3
EFT,2025-06-12,3,1
EFT,2025-06-12,5,9
EFT,2025-06-12,7,11
EFT,2025-06-12,8,45
EFT,2025-06-12,9,24
EFT,2025-06-12,10,38
EFT,2025-06-12,11,17
EFT,2025-06-12,12,28
EFT,2025-06-12,13,23
EFT,2025-06-12,14,19
EFT,2025-06-12,15,26
EFT,2025-06-12,16,10
EFT,2025-06-12,17,1
EFT,2025-06-12,19,15
EFT,2025-06-12,20,3
EFT,2025-06-12,23,5
EFT,2025-06-13,0,9
EFT,2025-06-13,1,5
EFT,2025-06-13,2,2
EFT,2025-06-13,5,7
EFT,2025-06-13,7,2
EFT,2025-06-13,8,21
EFT,2025-06-13,9,25
EFT,2025-06-13,10,17
EFT,2025-06-13,11,5
EFT,2025-06-13,12,31
EFT,2025-06-13,13,66
EFT,2025-06-13,14,22
EFT,2025-06-13,15,8
EFT,2025-06-13,16,8
EFT,2025-06-13,17,9
EFT,2025-06-13,18,3
EFT,2025-06-13,19,9
EFT,2025-06-16,0,3
EFT,2025-06-16,6,1
EFT,2025-06-16,7,6
EFT,2025-06-16,8,40
EFT,2025-06-16,9,55
EFT,2025-06-16,10,31
EFT,2025-06-16,11,15
EFT,2025-06-16,12,8
EFT,2025-06-16,13,23
EFT,2025-06-16,14,129
EFT,2025-06-16,15,19
EFT,2025-06-16,16,14
EFT,2025-06-16,17,12
EFT,2025-06-16,18,2
EFT,2025-06-16,23,1
EFT,2025-06-17,1,11
EFT,2025-06-17,4,2
EFT,2025-06-17,6,6
EFT,2025-06-17,8,53
EFT,2025-06-17,9,16
EFT,2025-06-17,10,102
EFT,2025-06-17,11,22
EFT,2025-06-17,12,44
EFT,2025-06-17,13,12
EFT,2025-06-17,14,21
EFT,2025-06-17,15,10
EFT,2025-06-17,16,11
EFT,2025-06-17,17,6
EFT,2025-06-17,18,2
EFT,2025-06-17,19,4
EFT,2025-06-17,20,6
EFT,2025-06-17,21,3
EFT,2025-06-17,22,8
EFT,2025-06-18,1,5
EFT,2025-06-18,4,1
EFT,2025-06-18,6,3
EFT,2025-06-18,7,5
EFT,2025-06-18,8,4
EFT,2025-06-18,9,10
EFT,2025-06-18,10,18
EFT,2025-06-18,11,12
EFT,2025-06-18,12,8
EFT,2025-06-18,13,4
EFT,2025-06-18,14,7
EFT,2025-06-18,15,19
EFT,2025-06-18,16,2
EFT,2025-06-18,17,3
EFT,2025-06-18,18,2
EFT,2025-06-18,22,3
EFT,2025-06-19,0,1
EFT,2025-06-19,6,7
EFT,2025-06-19,7,8
EFT,2025-06-19,8,26
EFT,2025-06-19,9,22
EFT,2025-06-19,10,25
EFT,2025-06-19,11,29
EFT,2025-06-19,12,39
EFT,2025-06-19,13,43
EFT,2025-06-19,14,13
EFT,2025-06-19,15,13
EFT,2025-06-19,16,13
EFT,2025-06-19,17,16
EFT,2025-06-19,18,8
EFT,2025-06-19,19,4
EFT,2025-06-20,0,1
EFT,2025-06-20,3,5
EFT,2025-06-20,4,3
EFT,2025-06-20,6,2
EFT,2025-06-20,7,16
EFT,2025-06-20,8,43
EFT,2025-06-20,9,30
EFT,2025-06-20,10,62
EFT,2025-06-20,11,20
EFT,2025-06-20,12,8
EFT,2025-06-20,13,14
EFT,2025-06-20,14,6
EFT,2025-06-20,15,13
EFT,2025-06-20,16,21
EFT,2025-06-20,17,8
EFT,2025-06-20,18,3
EFT,2025-06-20,19,9
EFT,2025-06-20,21,1
EFT,2025-06-23,4,3
EFT,2025-06-23,5,1
EFT,2025-06-23,6,75
EFT,2025-06-23,7,9
EFT,2025-06-23,8,53
EFT,2025-06-23,9,51
EFT,2025-06-23,10,62
EFT,2025-06-23,11,60
EFT,2025-06-23,12,3
EFT,2025-06-23,13,11
EFT,2025-06-23,14,47
EFT,2025-06-23,15,67
EFT,2025-06-23,16,20
EFT,2025-06-23,17,11
EFT,2025-06-23,19,4
EFT,2025-06-23,20,1
EFT,2025-06-24,2,15
EFT,2025-06-24,4,2
EFT,2025-06-24,7,32
EFT,2025-06-24,8,58
EFT,2025-06-24,9,10
EFT,2025-06-24,10,74
EFT,2025-06-24,11,26
EFT,2025-06-24,12,23
EFT,2025-06-24,13,22
EFT,2025-06-24,14,29
EFT,2025-06-24,15,54
EFT,2025-06-24,16,22
EFT,2025-06-24,17,6
EFT,2025-06-24,18,1
EFT,2025-06-24,20,1
EFT,2025-06-24,21,1
EFT,2025-06-25,3,6
EFT,2025-06-25,5,6
EFT,2025-06-25,6,3
EFT,2025-06-25,7,18
EFT,2025-06-25,8,25
EFT,2025-06-25,9,53
EFT,2025-06-25,10,24
EFT,2025-06-25,11,11
EFT,2025-06-25,12,50
EFT,2025-06-25,13,2
EFT,2025-06-25,14,29
EFT,2025-06-25,15,17
EFT,2025-06-25,16,36
EFT,2025-06-25,17,14
EFT,2025-06-25,18,11
EFT,2025-06-25,19,35
EFT,2025-06-26,1,1
EFT,2025-06-26,2,1
EFT,2025-06-26,4,2
EFT,2025-06-26,6,4
EFT,2025-06-26,7,9
EFT,2025-06-26,8,34
EFT,2025-06-26,9,32
EFT,2025-06-26,10,63
EFT,2025-06-26,11,32
EFT,2025-06-26,12,25
EFT,2025-06-26,13,16
EFT,2025-06-26,14,42
EFT,2025-06-26,15,70
EFT,2025-06-26,16,12
EFT,2025-06-26,17,15
EFT,2025-06-26,18,6
EFT,2025-06-26,19,5
EFT,2025-06-27,3,1
EFT,2025-06-27,7,1
EFT,2025-06-27,8,7
EFT,2025-06-27,9,21
EFT,2025-06-27,10,27
EFT,2025-06-27,11,7
EFT,2025-06-27,12,65
EFT,2025-06-27,13,78
EFT,2025-06-27,14,71
EFT,2025-06-27,15,26
EFT,2025-06-27,16,3
EFT,2025-06-27,17,24
EFT,2025-06-27,18,12
EFT,2025-06-27,19,12
EFT,2025-06-27,20,10
EFT,2025-06-30,1,1
EFT,2025-06-30,2,1
EFT,2025-06-30,3,5
EFT,2025-06-30,5,6
EFT,2025-06-30,6,70
EFT,2025-06-30,7,48
EFT,2025-06-30,8,56
EFT,2025-06-30,9,40
EFT,2025-06-30,10,84
EFT,2025-06-30,11,72
EFT,2025-06-30,12,17
EFT,2025-06-30,13,4
EFT,2025-06-30,14,34
EFT,2025-06-30,15,63
EFT,2025-06-30,16,41
EFT,2025-06-30,17,51
EFT,2025-06-30,18,17
EFT,2025-06-30,19,1
EFT,2025-06-30,22,12
EFT,2025-06-30,23,17
Havale,2024-01-02,1,2
Havale,2024-01-02,2,1
Havale,2024-01-02,3,4
Havale,2024-01-02,6,15
Havale,2024-01-02,7,3
Havale,2024-01-02,8,149
Havale,2024-01-02,9,69
Havale,2024-01-02,10,28
Havale,2024-01-02,11,71
Havale,2024-01-02,12,57
Havale,2024-01-02,13,36
Havale,2024-01-02,14,9
Havale,2024-01-02,15,28
Havale,2024-01-02,16,8
Havale,2024-01-02,17,22
Havale,2024-01-02,18,14
Havale,2024-01-02,19,6
Havale,2024-01-02,21,5
Havale,2024-01-02,23,10
Havale,2024-01-03,7,11
Havale,2024-01-03,8,69
Havale,2024-01-03,9,82
Havale,2024-01-03,10,56
Havale,2024-01-03,11,37
Havale,2024-01-03,12,12
Havale,2024-01-03,13,29
Havale,2024-01-03,14,24
Havale,2024-01-03,15,10
Havale,2024-01-03,16,42
Havale,2024-01-03,17,13
Havale,2024-01-03,18,28
Havale,2024-01-03,19,1
Havale,2024-01-03,20,4
Havale,2024-01-03,22,6
Havale,2024-01-04,5,1
Havale,2024-01-04,6,4
Havale,2024-01-04,7,8
Havale,2024-01-04,8,16
Havale,2024-01-04,9,54
Havale,2024-01-04,10,44
Havale,2024-01-04,11,43
Havale,2024-01-04,12,50
Havale,2024-01-04,13,56
Havale,2024-01-04,14,20
Havale,2024-01-04,15,50
Havale,2024-01-04,16,19
Havale,2024-01-04,17,70
Havale,2024-01-04,18,1
Havale,2024-01-04,19,1
Havale,2024-01-05,0,12
Havale,2024-01-05,5,16
Havale,2024-01-05,6,18
Havale,2024-01-05,7,12
Havale,2024-01-05,8,24
Havale,2024-01-05,9,31
Havale,2024-01-05,10,4
Havale,2024-01-05,11,40
Havale,2024-01-05,12,12
Havale,2024-01-05,13,3
Havale,2024-01-05,14,30
Havale,2024-01-05,15,14
Havale,2024-01-05,16,26
Havale,2024-01-05,17,7
Havale,2024-01-05,18,1
Havale,2024-01-05,19,1
Havale,2024-01-05,23,1
Havale,2024-01-08,0,3
Havale,2024-01-08,2,3
Havale,2024-01-08,4,39
Havale,2024-01-08,7,32
Havale,2024-01-08,8,64
Havale,2024-01-08,9,111
Havale,2024-01-08,10,28
Havale,2024-01-08,11,39
Havale,2024-01-08,12,25
Havale,2024-01-08,14,39
Havale,2024-01-08,15,10
Havale,2024-01-08,16,64
Havale,2024-01-08,17,54
Havale,2024-01-08,18,1
Havale,2024-01-08,19,11
Havale,2024-01-08,22,11
Havale,2024-01-09,6,3
Havale,2024-01-09,7,21
Havale,2024-01-09,8,1
Havale,2024-01-09,9,15
Havale,2024-01-09,10,43
Havale,2024-01-09,11,23
Havale,2024-01-09,12,20
Havale,2024-01-09,13,35
Havale,2024-01-09,14,19
Havale,2024-01-09,15,17
Havale,2024-01-09,16,60
Havale,2024-01-09,18,3
Havale,2024-01-09,19,11
Havale,2024-01-10,6,28
Havale,2024-01-10,7,3
Havale,2024-01-10,8,22
Havale,2024-01-10,9,45
Havale,2024-01-10,10,2
Havale,2024-01-10,11,35
Havale,2024-01-10,12,16
Havale,2024-01-10,13,40
Havale,2024-01-10,14,41
Havale,2024-01-10,15,11
Havale,2024-01-10,16,18
Havale,2024-01-10,17,11
Havale,2024-01-10,18,3
Havale,2024-01-11,0,2
Havale,2024-01-11,2,3
Havale,2024-01-11,5,2
Havale,2024-01-11,6,16
Havale,2024-01-11,7,11
Havale,2024-01-11,8,35
Havale,2024-01-11,9,23
Havale,2024-01-11,10,26
Havale,2024-01-11,11,30
Havale,2024-01-11,12,9
Havale,2024-01-11,13,34
Havale,2024-01-11,14,48
Havale,2024-01-11,15,24
Havale,2024-01-11,16,4
Havale,2024-01-11,17,5
Havale,2024-01-11,18,5
Havale,2024-01-11,19,1
Havale,2024-01-11,21,2
Havale,2024-01-12,6,2
Havale,2024-01-12,8,78
Havale,2024-01-12,9,43
Havale,2024-01-12,10,15
Havale,2024-01-12,11,38
Havale,2024-01-12,12,4
Havale,2024-01-12,13,35
Havale,2024-01-12,14,28
Havale,2024-01-12,15,19
Havale,2024-01-12,16,22
Havale,2024-01-12,17,10
Havale,2024-01-12,18,11
Havale,2024-01-12,20,2
Havale,2024-01-12,22,2
Havale,2024-01-15,3,2
Havale,2024-01-15,4,4
Havale,2024-01-15,6,6
Havale,2024-01-15,7,25
Havale,2024-01-15,8,32
Havale,2024-01-15,9,59
Havale,2024-01-15,10,31
Havale,2024-01-15,11,53
Havale,2024-01-15,12,63
Havale,2024-01-15,13,22
Havale,2024-01-15,14,30
Havale,2024-01-15,15,30
Havale,2024-01-15,16,24
Havale,2024-01-15,17,9
Havale,2024-01-15,18,18
Havale,2024-01-16,1,2
Havale,2024-01-16,2,14
Havale,2024-01-16,6,9
Havale,2024-01-16,7,5
Havale,2024-01-16,8,26
Havale,2024-01-16,9,104
Havale,2024-01-16,10,36
Havale,2024-01-16,11,14
Havale,2024-01-16,12,105
Havale,2024-01-16,13,11
Havale,2024-01-16,14,22
Havale,2024-01-16,15,45
Havale,2024-01-16,16,15
Havale,2024-01-16,17,5
Havale,2024-01-16,18,18
Havale,2024-01-16,19,4
Havale,2024-01-16,23,1
Havale,2024-01-17,4,5
Havale,2024-01-17,7,30
Havale,2024-01-17,8,36
Havale,2024-01-17,9,115
Havale,2024-01-17,10,42
Havale,2024-01-17,11,83
Havale,2024-01-17,12,11
Havale,2024-01-17,13,96
Havale,2024-01-17,14,65
Havale,2024-01-17,15,49
Havale,2024-01-17,16,24
Havale,2024-01-17,17,2
Havale,2024-01-17,18,2
Havale,2024-01-17,19,9
Havale,2024-01-17,23,23
Havale,2024-01-18,3,1
Havale,2024-01-18,4,24
Havale,2024-01-18,7,2
Havale,2024-01-18,8,51
Havale,2024-01-18,9,33
Havale,2024-01-18,10,41
Havale,2024-01-18,11,24
Havale,2024-01-18,12,3
Havale,2024-01-18,13,33
Havale,2024-01-18,14,59
Havale,2024-01-18,15,9
Havale,2024-01-18,16,16
Havale,2024-01-18,17,23
Havale,2024-01-18,18,2
Havale,2024-01-18,19,2
Havale,2024-01-18,22,2
Havale,2024-01-19,2,2
Havale,2024-01-19,3,27
Havale,2024-01-19,4,3
Havale,2024-01-19,5,6
Havale,2024-01-19,6,3
Havale,2024-01-19,7,1
Havale,2024-01-19,8,22
Havale,2024-01-19,9,48
Havale,2024-01-19,10,11
Havale,2024-01-19,11,17
Havale,2024-01-19,12,32
Havale,2024-01-19,13,15
Havale,2024-01-19,14,20
Havale,2024-01-19,15,5
Havale,2024-01-19,16,4
Havale,2024-01-19,17,9
Havale,2024-01-19,18,1
Havale,2024-01-19,19,6
Havale,2024-01-22,2,5
Havale,2024-01-22,4,2
Havale,2024-01-22,5,1
Havale,2024-01-22,6,3
Havale,2024-01-22,7,8
Havale,2024-01-22,8,82
Havale,2024-01-22,9,39
Havale,2024-01-22,10,49
Havale,2024-01-22,11,33
Havale,2024-01-22,12,23
Havale,2024-01-22,13,13
Havale,2024-01-22,14,83
Havale,2024-01-22,15,35
Havale,2024-01-22,16,7
Havale,2024-01-22,17,3
Havale,2024-01-22,18,7
Havale,2024-01-22,19,11
Havale,2024-01-23,0,1
Havale,2024-01-23,6,45
Havale,2024-01-23,7,6
Havale,2024-01-23,8,22
Havale,2024-01-23,9,99
Havale,2024-01-23,10,47
Havale,2024-01-23,11,100
Havale,2024-01-23,12,54
Havale,2024-01-23,13,3
Havale,2024-01-23,14,27
Havale,2024-01-23,15,10
Havale,2024-01-23,16,28
Havale,2024-01-23,17,8
Havale,2024-01-23,18,4
Havale,2024-01-23,19,5
Havale,2024-01-23,23,1
Havale,2024-01-24,1,11
Havale,2024-01-24,3,5
Havale,2024-01-24,6,11
Havale,2024-01-24,7,4
Havale,2024-01-24,8,32
Havale,2024-01-24,9,18
Havale,2024-01-24,10,35
Havale,2024-01-24,11,42
Havale,2024-01-24,12,7
Havale,2024-01-24,13,19
Havale,2024-01-24,15,7
Havale,2024-01-24,16,35
Havale,2024-01-24,18,28
Havale,2024-01-25,3,1
Havale,2024-01-25,7,10
Havale,2024-01-25,8,37
Havale,2024-01-25,9,23
Havale,2024-01-25,10,17
Havale,2024-01-25,11,20
Havale,2024-01-25,12,14
Havale,2024-01-25,13,7
Havale,2024-01-25,14,18
Havale,2024-01-25,15,61
Havale,2024-01-25,16,3
Havale,2024-01-25,17,24
Havale,2024-01-25,19,3
Havale,2024-01-25,20,34
Havale,2024-01-25,21,1
Havale,2024-01-26,6,18
Havale,2024-01-26,7,7
Havale,2024-01-26,8,11
Havale,2024-01-26,9,38
Havale,2024-01-26,10,44
Havale,2024-01-26,11,10
Havale,2024-01-26,12,11
Havale,2024-01-26,13,32
Havale,2024-01-26,14,57
Havale,2024-01-26,15,16
Havale,2024-01-26,16,19
Havale,2024-01-26,17,14
Havale,2024-01-26,19,11
Havale,2024-01-26,21,2
Havale,2024-01-26,22,2
Havale,2024-01-29,6,2
Havale,2024-01-29,7,18
Havale,2024-01-29,8,5
Havale,2024-01-29,9,82
Havale,2024-01-29,10,49
Havale,2024-01-29,11,23
Havale,2024-01-29,12,14
Havale,2024-01-29,13,54
Havale,2024-01-29,14,58
Havale,2024-01-29,15,35
Havale,2024-01-29,16,10
Havale,2024-01-29,17,4
Havale,2024-01-29,18,13
Havale,2024-01-29,19,1
Havale,2024-01-30,0,1
Havale,2024-01-30,5,3
Havale,2024-01-30,6,4
Havale,2024-01-30,7,7
Havale,2024-01-30,8,92
Havale,2024-01-30,9,13
Havale,2024-01-30,10,30
Havale,2024-01-30,11,13
Havale,2024-01-30,12,20
Havale,2024-01-30,13,18
Havale,2024-01-30,14,21
Havale,2024-01-30,15,60
Havale,2024-01-30,16,33
Havale,2024-01-30,17,31
Havale,2024-01-30,19,4
Havale,2024-01-31,0,1
Havale,2024-01-31,1,1
Havale,2024-01-31,3,7
Havale,2024-01-31,6,1
Havale,2024-01-31,7,16
Havale,2024-01-31,8,2
Havale,2024-01-31,9,36
Havale,2024-01-31,10,22
Havale,2024-01-31,11,41
Havale,2024-01-31,12,31
Havale,2024-01-31,13,5
Havale,2024-01-31,14,72
Havale,2024-01-31,15,33
Havale,2024-01-31,16,27
Havale,2024-01-31,17,26
Havale,2024-01-31,18,3
Havale,2024-01-31,22,4
Havale,2024-02-01,6,31
Havale,2024-02-01,7,27
Havale,2024-02-01,8,34
Havale,2024-02-01,9,35
Havale,2024-02-01,10,11
Havale,2024-02-01,11,27
Havale,2024-02-01,12,31
Havale,2024-02-01,13,41
Havale,2024-02-01,14,32
Havale,2024-02-01,15,23
Havale,2024-02-01,16,10
Havale,2024-02-01,17,15
Havale,2024-02-01,18,35
Havale,2024-02-01,19,51
Havale,2024-02-01,22,34
Havale,2024-02-01,23,8
Havale,2024-02-02,4,8
Havale,2024-02-02,7,19
Havale,2024-02-02,8,57
Havale,2024-02-02,9,53
Havale,2024-02-02,10,35
Havale,2024-02-02,11,22
Havale,2024-02-02,12,8
Havale,2024-02-02,13,63
Havale,2024-02-02,14,18
Havale,2024-02-02,15,8
Havale,2024-02-02,16,8
Havale,2024-02-02,17,34
Havale,2024-02-02,18,3
Havale,2024-02-02,19,13
Havale,2024-02-02,20,21
Havale,2024-02-05,0,1
Havale,2024-02-05,4,5
Havale,2024-02-05,5,2
Havale,2024-02-05,6,5
Havale,2024-02-05,8,66
Havale,2024-02-05,9,86
Havale,2024-02-05,10,37
Havale,2024-02-05,11,11
Havale,2024-02-05,12,44
Havale,2024-02-05,13,7
Havale,2024-02-05,14,9
Havale,2024-02-05,15,63
Havale,2024-02-05,16,69
Havale,2024-02-05,17,7
Havale,2024-02-05,18,8
Havale,2024-02-05,22,6
Havale,2024-02-05,23,2
Havale,2024-02-06,0,1
Havale,2024-02-06,1,1
Havale,2024-02-06,2,6
Havale,2024-02-06,6,3
Havale,2024-02-06,7,26
Havale,2024-02-06,8,4
Havale,2024-02-06,9,30
Havale,2024-02-06,10,31
Havale,2024-02-06,11,20
Havale,2024-02-06,12,20
Havale,2024-02-06,13,11
Havale,2024-02-06,14,16
Havale,2024-02-06,15,8
Havale,2024-02-06,16,26
Havale,2024-02-06,21,3
Havale,2024-02-07,0,1
Havale,2024-02-07,3,5
Havale,2024-02-07,7,2
Havale,2024-02-07,8,27
Havale,2024-02-07,9,23
Havale,2024-02-07,10,31
Havale,2024-02-07,11,61
Havale,2024-02-07,12,16
Havale,2024-02-07,13,54
Havale,2024-02-07,14,11
Havale,2024-02-07,15,28
Havale,2024-02-07,16,28
Havale,2024-02-07,17,2
Havale,2024-02-07,18,17
Havale,2024-02-07,19,26
Havale,2024-02-07,20,1
Havale,2024-02-08,1,34
Havale,2024-02-08,2,15
Havale,2024-02-08,4,13
Havale,2024-02-08,5,3
Havale,2024-02-08,6,13
Havale,2024-02-08,7,9
Havale,2024-02-08,8,24
Havale,2024-02-08,9,11
Havale,2024-02-08,10,16
Havale,2024-02-08,11,14
Havale,2024-02-08,12,1
Havale,2024-02-08,13,11
Havale,2024-02-08,14,34
Havale,2024-02-08,15,4
Havale,2024-02-08,16,3
Havale,2024-02-08,17,6
Havale,2024-02-08,18,16
Havale,2024-02-08,19,45
Havale,2024-02-08,20,6
Havale,2024-02-09,3,14
Havale,2024-02-09,6,3
Havale,2024-02-09,7,9
Havale,2024-02-09,9,34
Havale,2024-02-09,10,10
Havale,2024-02-09,11,8
Havale,2024-02-09,12,25
Havale,2024-02-09,13,26
Havale,2024-02-09,14,10
Havale,2024-02-09,15,34
Havale,2024-02-09,16,6
Havale,2024-02-09,17,5
Havale,2024-02-09,18,26
Havale,2024-02-09,19,11
Havale,2024-02-09,20,2
Havale,2024-02-12,0,2
Havale,2024-02-12,2,2
Havale,2024-02-12,6,1
Havale,2024-02-12,7,10
Havale,2024-02-12,8,112
Havale,2024-02-12,9,72
Havale,2024-02-12,10,86
Havale,2024-02-12,11,25
Havale,2024-02-12,12,9
Havale,2024-02-12,13,29
Havale,2024-02-12,14,46
Havale,2024-02-12,15,75
Havale,2024-02-12,16,26
Havale,2024-02-12,17,14
Havale,2024-02-12,18,17
Havale,2024-02-12,19,6
Havale,2024-02-12,21,2
Havale,2024-02-13,0,4
Havale,2024-02-13,2,3
Havale,2024-02-13,4,6
Havale,2024-02-13,7,26
Havale,2024-02-13,8,82
Havale,2024-02-13,9,15
Havale,2024-02-13,10,57
Havale,2024-02-13,11,4
Havale,2024-02-13,12,14
Havale,2024-02-13,13,28
Havale,2024-02-13,14,27
Havale,2024-02-13,15,63
Havale,2024-02-13,16,16
Havale,2024-02-13,17,35
Havale,2024-02-13,18,8
Havale,2024-02-13,19,35
Havale,2024-02-14,2,10
Havale,2024-02-14,3,1
Havale,2024-02-14,4,4
Havale,2024-02-14,6,6
Havale,2024-02-14,7,25
Havale,2024-02-14,8,14
Havale,2024-02-14,9,9
Havale,2024-02-14,10,54
Havale,2024-02-14,11,4
Havale,2024-02-14,12,15
Havale,2024-02-14,13,1
Havale,2024-02-14,14,24
Havale,2024-02-14,15,24
Havale,2024-02-14,16,9
Havale,2024-02-14,17,17
Havale,2024-02-14,19,10
Havale,2024-02-15,4,14
Havale,2024-02-15,6,3
Havale,2024-02-15,7,3
Havale,2024-02-15,8,19
Havale,2024-02-15,9,8
Havale,2024-02-15,10,44
Havale,2024-02-15,11,15
Havale,2024-02-15,12,3
Havale,2024-02-15,13,3
Havale,2024-02-15,14,26
Havale,2024-02-15,15,14
Havale,2024-02-15,16,28
Havale,2024-02-15,17,55
Havale,2024-02-15,18,4
Havale,2024-02-15,19,17
Havale,2024-02-15,22,1
Havale,2024-02-15,23,3
Havale,2024-02-16,6,17
Havale,2024-02-16,7,16
Havale,2024-02-16,8,83
Havale,2024-02-16,9,7
Havale,2024-02-16,10,44
Havale,2024-02-16,11,13
Havale,2024-02-16,12,22
Havale,2024-02-16,13,38
Havale,2024-02-16,14,35
Havale,2024-02-16,15,17
Havale,2024-02-16,16,4
Havale,2024-02-16,17,21
Havale,2024-02-16,18,16
Havale,2024-02-19,1,4
Havale,2024-02-19,3,1
Havale,2024-02-19,6,20
Havale,2024-02-19,7,24
Havale,2024-02-19,8,56
Havale,2024-02-19,9,82
Havale,2024-02-19,10,40
Havale,2024-02-19,11,20
Havale,2024-02-19,12,24
Havale,2024-02-19,13,61
Havale,2024-02-19,14,35
Havale,2024-02-19,15,12
Havale,2024-02-19,16,55
Havale,2024-02-19,17,79
Havale,2024-02-19,18,2
Havale,2024-02-19,19,1
Havale,2024-02-19,22,17
Havale,2024-02-19,23,1
Havale,2024-02-20,1,1
Havale,2024-02-20,2,1
Havale,2024-02-20,6,1
Havale,2024-02-20,7,11
Havale,2024-02-20,8,32
Havale,2024-02-20,9,27
Havale,2024-02-20,10,67
Havale,2024-02-20,11,40
Havale,2024-02-20,12,30
Havale,2024-02-20,13,81
Havale,2024-02-20,14,17
Havale,2024-02-20,15,48
Havale,2024-02-20,16,11
Havale,2024-02-20,17,107
Havale,2024-02-20,19,1
Havale,2024-02-21,2,1
Havale,2024-02-21,3,1
Havale,2024-02-21,4,8
Havale,2024-02-21,7,28
Havale,2024-02-21,8,56
Havale,2024-02-21,9,35
Havale,2024-02-21,10,26
Havale,2024-02-21,11,33
Havale,2024-02-21,12,30
Havale,2024-02-21,13,16
Havale,2024-02-21,14,24
Havale,2024-02-21,15,22
Havale,2024-02-21,16,7
Havale,2024-02-21,17,10
Havale,2024-02-21,18,5
Havale,2024-02-21,19,1
Havale,2024-02-22,3,50
Havale,2024-02-22,4,2
Havale,2024-02-22,6,9
Havale,2024-02-22,7,38
Havale,2024-02-22,8,27
Havale,2024-02-22,9,11
Havale,2024-02-22,10,65
Havale,2024-02-22,11,64
Havale,2024-02-22,12,5
Havale,2024-02-22,13,32
Havale,2024-02-22,14,60
Havale,2024-02-22,15,17
Havale,2024-02-22,16,75
Havale,2024-02-22,17,5
Havale,2024-02-22,18,57
Havale,2024-02-22,23,15
Havale,2024-02-23,0,1
Havale,2024-02-23,2,8
Havale,2024-02-23,6,6
Havale,2024-02-23,7,10
Havale,2024-02-23,8,52
Havale,2024-02-23,9,33
Havale,2024-02-23,10,14
Havale,2024-02-23,11,29
Havale,2024-02-23,12,36
Havale,2024-02-23,13,15
Havale,2024-02-23,14,7
Havale,2024-02-23,15,52
Havale,2024-02-23,16,38
Havale,2024-02-23,17,5
Havale,2024-02-23,18,15
Havale,2024-02-26,0,37
Havale,2024-02-26,1,16
Havale,2024-02-26,6,15
Havale,2024-02-26,7,6
Havale,2024-02-26,8,22
Havale,2024-02-26,9,117
Havale,2024-02-26,10,18
Havale,2024-02-26,11,98
Havale,2024-02-26,12,79
Havale,2024-02-26,13,15
Havale,2024-02-26,14,11
Havale,2024-02-26,15,23
Havale,2024-02-26,16,15
Havale,2024-02-26,17,11
Havale,2024-02-26,18,10
Havale,2024-02-26,19,7
Havale,2024-02-26,21,2
Havale,2024-02-27,0,4
Havale,2024-02-27,2,1
Havale,2024-02-27,5,22
Havale,2024-02-27,6,3
Havale,2024-02-27,8,37
Havale,2024-02-27,9,48
Havale,2024-02-27,10,44
Havale,2024-02-27,11,39
Havale,2024-02-27,12,5
Havale,2024-02-27,13,46
Havale,2024-02-27,14,32
Havale,2024-02-27,15,19
Havale,2024-02-27,16,5
Havale,2024-02-27,17,44
Havale,2024-02-27,18,44
Havale,2024-02-27,19,1
Havale,2024-02-28,5,3
Havale,2024-02-28,6,5
Havale,2024-02-28,7,4
Havale,2024-02-28,8,20
Havale,2024-02-28,9,49
Havale,2024-02-28,10,7
Havale,2024-02-28,11,33
Havale,2024-02-28,12,25
Havale,2024-02-28,13,4
Havale,2024-02-28,14,61
Havale,2024-02-28,15,48
Havale,2024-02-28,16,14
Havale,2024-02-28,17,3
Havale,2024-02-28,18,6
Havale,2024-02-28,19,7
Havale,2024-02-29,6,2
Havale,2024-02-29,7,25
Havale,2024-02-29,8,51
Havale,2024-02-29,9,143
Havale,2024-02-29,10,45
Havale,2024-02-29,11,41
Havale,2024-02-29,12,33
Havale,2024-02-29,13,36
Havale,2024-02-29,14,10
Havale,2024-02-29,15,17
Havale,2024-02-29,16,40
Havale,2024-02-29,17,5
Havale,2024-02-29,18,4
Havale,2024-02-29,19,20
Havale,2024-02-29,21,6
Havale,2024-03-01,0,3
Havale,2024-03-01,6,1
Havale,2024-03-01,7,3
Havale,2024-03-01,8,60
Havale,2024-03-01,9,20
Havale,2024-03-01,10,46
Havale,2024-03-01,11,10
Havale,2024-03-01,12,17
Havale,2024-03-01,13,18
Havale,2024-03-01,14,53
Havale,2024-03-01,15,18
Havale,2024-03-01,16,20
Havale,2024-03-01,18,3
Havale,2024-03-01,19,62
Havale,2024-03-01,21,3
Havale,2024-03-04,5,2
Havale,2024-03-04,7,98
Havale,2024-03-04,8,41
Havale,2024-03-04,9,8
Havale,2024-03-04,10,32
Havale,2024-03-04,11,34
Havale,2024-03-04,12,10
Havale,2024-03-04,13,25
Havale,2024-03-04,14,75
Havale,2024-03-04,15,12
Havale,2024-03-04,16,6
Havale,2024-03-04,17,39
Havale,2024-03-04,18,13
Havale,2024-03-04,21,10
Havale,2024-03-05,3,3
Havale,2024-03-05,7,11
Havale,2024-03-05,8,41
Havale,2024-03-05,9,74
Havale,2024-03-05,10,14
Havale,2024-03-05,11,51
Havale,2024-03-05,12,4
Havale,2024-03-05,13,13
Havale,2024-03-05,14,11
Havale,2024-03-05,15,24
Havale,2024-03-05,16,3
Havale,2024-03-05,17,14
Havale,2024-03-05,18,21
Havale,2024-03-06,7,11
Havale,2024-03-06,8,38
Havale,2024-03-06,9,39
Havale,2024-03-06,10,106
Havale,2024-03-06,11,80
Havale,2024-03-06,12,7
Havale,2024-03-06,13,60
Havale,2024-03-06,14,20
Havale,2024-03-06,15,14
Havale,2024-03-06,16,18
Havale,2024-03-06,17,15
Havale,2024-03-06,21,1
Havale,2024-03-07,0,9
Havale,2024-03-07,1,7
Havale,2024-03-07,5,4
Havale,2024-03-07,7,1
Havale,2024-03-07,8,73
Havale,2024-03-07,9,141
Havale,2024-03-07,10,55
Havale,2024-03-07,11,34
Havale,2024-03-07,12,45
Havale,2024-03-07,13,180
Havale,2024-03-07,14,33
Havale,2024-03-07,15,18
Havale,2024-03-07,16,18
Havale,2024-03-07,17,9
Havale,2024-03-07,18,8
Havale,2024-03-07,19,1
Havale,2024-03-08,7,10
Havale,2024-03-08,8,37
Havale,2024-03-08,9,56
Havale,2024-03-08,10,61
Havale,2024-03-08,11,23
Havale,2024-03-08,12,9
Havale,2024-03-08,13,7
Havale,2024-03-08,14,37
Havale,2024-03-08,15,21
Havale,2024-03-08,16,16
Havale,2024-03-08,18,4
Havale,2024-03-08,19,9
Havale,2024-03-08,22,5
Havale,2024-03-11,1,1
Havale,2024-03-11,3,2
Havale,2024-03-11,5,1
Havale,2024-03-11,6,45
Havale,2024-03-11,7,1
Havale,2024-03-11,8,8
Havale,2024-03-11,9,58
Havale,2024-03-11,10,31
Havale,2024-03-11,11,29
Havale,2024-03-11,12,4
Havale,2024-03-11,13,50
Havale,2024-03-11,14,25
Havale,2024-03-11,15,41
Havale,2024-03-11,16,38
Havale,2024-03-11,17,3
Havale,2024-03-11,18,41
Havale,2024-03-11,19,1
Havale,2024-03-11,22,9
Havale,2024-03-12,0,6
Havale,2024-03-12,1,2
Havale,2024-03-12,5,7
Havale,2024-03-12,6,10
Havale,2024-03-12,7,43
Havale,2024-03-12,8,15
Havale,2024-03-12,9,32
Havale,2024-03-12,10,77
Havale,2024-03-12,11,56
Havale,2024-03-12,12,17
Havale,2024-03-12,13,48
Havale,2024-03-12,14,16
Havale,2024-03-12,15,73
Havale,2024-03-12,16,21
Havale,2024-03-12,17,21
Havale,2024-03-12,18,2
Havale,2024-03-12,19,3
Havale,2024-03-12,23,16
Havale,2024-03-13,4,9
Havale,2024-03-13,6,3
Havale,2024-03-13,7,3
Havale,2024-03-13,8,26
Havale,2024-03-13,9,35
Havale,2024-03-13,10,23
Havale,2024-03-13,11,21
Havale,2024-03-13,12,10
Havale,2024-03-13,13,6
Havale,2024-03-13,14,28
Havale,2024-03-13,15,15
Havale,2024-03-13,16,48
Havale,2024-03-13,17,20
Havale,2024-03-13,19,31
Havale,2024-03-13,22,7
Havale,2024-03-14,1,1
Havale,2024-03-14,4,1
Havale,2024-03-14,6,9
Havale,2024-03-14,7,2
Havale,2024-03-14,8,42
Havale,2024-03-14,9,52
Havale,2024-03-14,10,27
Havale,2024-03-14,11,11
Havale,2024-03-14,12,35
Havale,2024-03-14,13,25
Havale,2024-03-14,14,47
Havale,2024-03-14,15,8
Havale,2024-03-14,16,31
Havale,2024-03-14,17,18
Havale,2024-03-14,18,4
Havale,2024-03-14,19,3
Havale,2024-03-14,23,5
Havale,2024-03-15,6,5
Havale,2024-03-15,7,4
Havale,2024-03-15,8,50
Havale,2024-03-15,9,45
Havale,2024-03-15,10,42
Havale,2024-03-15,11,25
Havale,2024-03-15,12,7
Havale,2024-03-15,13,17
Havale,2024-03-15,14,85
Havale,2024-03-15,15,29
Havale,2024-03-15,16,23
Havale,2024-03-15,17,1
Havale,2024-03-15,18,3
Havale,2024-03-15,19,3
Havale,2024-03-15,20,3
Havale,2024-03-15,21,9
Havale,2024-03-15,22,1
Havale,2024-03-18,1,15
Havale,2024-03-18,4,1
Havale,2024-03-18,7,12
Havale,2024-03-18,8,141
Havale,2024-03-18,9,70
Havale,2024-03-18,10,38
Havale,2024-03-18,11,53
Havale,2024-03-18,12,2
Havale,2024-03-18,13,31
Havale,2024-03-18,14,21
Havale,2024-03-18,15,50
Havale,2024-03-18,16,29
Havale,2024-03-18,17,13
Havale,2024-03-18,18,5
Havale,2024-03-18,19,67
Havale,2024-03-19,3,13
Havale,2024-03-19,4,2
Havale,2024-03-19,6,11
Havale,2024-03-19,7,23
Havale,2024-03-19,8,36
Havale,2024-03-19,9,26
Havale,2024-03-19,10,21
Havale,2024-03-19,11,38
Havale,2024-03-19,12,3
Havale,2024-03-19,13,19
Havale,2024-03-19,14,19
Havale,2024-03-19,15,31
Havale,2024-03-19,16,18
Havale,2024-03-19,17,14
Havale,2024-03-19,19,7
Havale,2024-03-20,5,1
Havale,2024-03-20,7,6
Havale,2024-03-20,8,11
Havale,2024-03-20,9,70
Havale,2024-03-20,10,26
Havale,2024-03-20,11,18
Havale,2024-03-20,12,19
Havale,2024-03-20,13,27
Havale,2024-03-20,14,16
Havale,2024-03-20,15,35
Havale,2024-03-20,16,33
Havale,2024-03-20,17,36
Havale,2024-03-20,18,23
Havale,2024-03-20,19,4
Havale,2024-03-20,21,1
Havale,2024-03-21,6,11
Havale,2024-03-21,7,5
Havale,2024-03-21,8,13
Havale,2024-03-21,9,18
Havale,2024-03-21,10,37
Havale,2024-03-21,11,23
Havale,2024-03-21,12,4
Havale,2024-03-21,13,2
Havale,2024-03-21,14,6
Havale,2024-03-21,15,70
Havale,2024-03-21,16,32
Havale,2024-03-21,17,1
Havale,2024-03-21,19,10
Havale,2024-03-22,2,3
Havale,2024-03-22,6,3
Havale,2024-03-22,7,3
Havale,2024-03-22,8,44
Havale,2024-03-22,9,51
Havale,2024-03-22,10,15
Havale,2024-03-22,11,19
Havale,2024-03-22,12,20
Havale,2024-03-22,13,1
Havale,2024-03-22,14,24
Havale,2024-03-22,15,1
Havale,2024-03-22,16,9
Havale,2024-03-22,17,13
Havale,2024-03-22,18,13
Havale,2024-03-25,4,12
Havale,2024-03-25,6,8
Havale,2024-03-25,7,32
Havale,2024-03-25,8,21
Havale,2024-03-25,9,42
Havale,2024-03-25,10,72
Havale,2024-03-25,11,33
Havale,2024-03-25,12,69
Havale,2024-03-25,13,51
Havale,2024-03-25,14,41
Havale,2024-03-25,15,61
Havale,2024-03-25,17,16
Havale,2024-03-25,18,22
Havale,2024-03-25,19,37
Havale,2024-03-25,20,1
Havale,2024-03-25,22,2
Havale,2024-03-26,4,33
Havale,2024-03-26,5,12
Havale,2024-03-26,6,1
Havale,2024-03-26,7,44
Havale,2024-03-26,8,69
Havale,2024-03-26,9,32
Havale,2024-03-26,10,28
Havale,2024-03-26,11,32
Havale,2024-03-26,12,40
Havale,2024-03-26,13,69
Havale,2024-03-26,14,33
Havale,2024-03-26,15,5
Havale,2024-03-26,16,21
Havale,2024-03-26,17,7
Havale,2024-03-26,18,6
Havale,2024-03-26,19,8
Havale,2024-03-27,1,9
Havale,2024-03-27,2,1
Havale,2024-03-27,6,29
Havale,2024-03-27,7,31
Havale,2024-03-27,8,102
Havale,2024-03-27,9,43
Havale,2024-03-27,10,7
Havale,2024-03-27,11,40
Havale,2024-03-27,12,8
Havale,2024-03-27,13,49
Havale,2024-03-27,14,28
Havale,2024-03-27,15,14
Havale,2024-03-27,16,13
Havale,2024-03-27,17,51
Havale,2024-03-27,18,5
Havale,2024-03-27,19,25
Havale,2024-03-28,7,5
Havale,2024-03-28,8,70
Havale,2024-03-28,9,49
Havale,2024-03-28,10,59
Havale,2024-03-28,11,25
Havale,2024-03-28,12,10
Havale,2024-03-28,13,22
Havale,2024-03-28,14,34
Havale,2024-03-28,15,5
Havale,2024-03-28,16,77
Havale,2024-03-28,17,5
Havale,2024-03-28,18,41
Havale,2024-03-29,6,2
Havale,2024-03-29,7,9
Havale,2024-03-29,8,25
Havale,2024-03-29,9,62
Havale,2024-03-29,10,79
Havale,2024-03-29,11,25
Havale,2024-03-29,12,15
Havale,2024-03-29,13,6
Havale,2024-03-29,14,29
Havale,2024-03-29,15,8
Havale,2024-03-29,16,43
Havale,2024-03-29,17,26
Havale,2024-03-29,18,3
Havale,2024-03-29,19,7
Havale,2024-03-29,20,1
Havale,2024-03-29,21,2
Havale,2024-03-29,22,8
Havale,2024-03-29,23,2
Havale,2024-04-01,0,1
Havale,2024-04-01,1,2
Havale,2024-04-01,2,6
Havale,2024-04-01,3,5
Havale,2024-04-01,7,13
Havale,2024-04-01,8,79
Havale,2024-04-01,9,57
Havale,2024-04-01,10,23
Havale,2024-04-01,11,21
Havale,2024-04-01,12,74
Havale,2024-04-01,13,14
Havale,2024-04-01,14,33
Havale,2024-04-01,15,27
Havale,2024-04-01,16,4
Havale,2024-04-01,17,8
Havale,2024-04-01,18,15
Havale,2024-04-01,19,1
Havale,2024-04-02,2,9
Havale,2024-04-02,6,30
Havale,2024-04-02,7,11
Havale,2024-04-02,8,46
Havale,2024-04-02,9,71
Havale,2024-04-02,10,47
Havale,2024-04-02,11,56
Havale,2024-04-02,12,24
Havale,2024-04-02,13,19
Havale,2024-04-02,14,10
Havale,2024-04-02,15,7
Havale,2024-04-02,16,20
Havale,2024-04-02,17,2
Havale,2024-04-02,18,6
Havale,2024-04-03,1,2
Havale,2024-04-03,2,8
Havale,2024-04-03,6,12
Havale,2024-04-03,7,22
Havale,2024-04-03,8,70
Havale,2024-04-03,9,44
Havale,2024-04-03,10,32
Havale,2024-04-03,11,10
Havale,2024-04-03,12,43
Havale,2024-04-03,13,74
Havale,2024-04-03,14,9
Havale,2024-04-03,15,19
Havale,2024-04-03,16,19
Havale,2024-04-03,17,1
Havale,2024-04-03,18,3
Havale,2024-04-03,23,25
Havale,2024-04-04,6,9
Havale,2024-04-04,7,18
Havale,2024-04-04,8,19
Havale,2024-04-04,9,26
Havale,2024-04-04,10,7
Havale,2024-04-04,11,64
Havale,2024-04-04,12,19
Havale,2024-04-04,13,22
Havale,2024-04-04,14,19
Havale,2024-04-04,15,12
Havale,2024-04-04,16,1
Havale,2024-04-04,17,29
Havale,2024-04-04,18,4
Havale,2024-04-04,19,16
Havale,2024-04-04,21,3
Havale,2024-04-05,1,4
Havale,2024-04-05,3,4
Havale,2024-04-05,5,3
Havale,2024-04-05,6,1
Havale,2024-04-05,7,6
Havale,2024-04-05,8,34
Havale,2024-04-05,9,20
Havale,2024-04-05,10,46
Havale,2024-04-05,11,18
Havale,2024-04-05,12,17
Havale,2024-04-05,13,46
Havale,2024-04-05,14,30
Havale,2024-04-05,15,11
Havale,2024-04-05,16,14
Havale,2024-04-05,22,6
Havale,2024-04-05,23,1
Havale,2024-04-08,0,1
Havale,2024-04-08,2,15
Havale,2024-04-08,5,4
Havale,2024-04-08,6,66
Havale,2024-04-08,7,8
Havale,2024-04-08,8,168
Havale,2024-04-08,9,68
Havale,2024-04-08,10,37
Havale,2024-04-08,11,21
Havale,2024-04-08,12,60
Havale,2024-04-08,13,6
Havale,2024-04-08,14,65
Havale,2024-04-08,15,14
Havale,2024-04-08,16,20
Havale,2024-04-08,17,15
Havale,2024-04-08,18,4
Havale,2024-04-08,19,14
Havale,2024-04-09,2,29
Havale,2024-04-09,6,2
Havale,2024-04-09,7,15
Havale,2024-04-09,8,25
Havale,2024-04-09,9,62
Havale,2024-04-09,10,48
Havale,2024-04-09,11,31
Havale,2024-04-09,12,49
Havale,2024-04-09,13,53
Havale,2024-04-09,14,9
Havale,2024-04-09,15,40
Havale,2024-04-09,16,55
Havale,2024-04-09,17,10
Havale,2024-04-09,18,1
Havale,2024-04-09,19,5
Havale,2024-04-09,20,4
Havale,2024-04-15,6,16
Havale,2024-04-15,7,18
Havale,2024-04-15,8,63
Havale,2024-04-15,9,19
Havale,2024-04-15,10,76
Havale,2024-04-15,11,34
Havale,2024-04-15,12,21
Havale,2024-04-15,13,58
Havale,2024-04-15,14,25
Havale,2024-04-15,15,33
Havale,2024-04-15,16,34
Havale,2024-04-15,17,34
Havale,2024-04-15,19,17
Havale,2024-04-15,20,17
Havale,2024-04-15,21,8
Havale,2024-04-16,6,28
Havale,2024-04-16,7,10
Havale,2024-04-16,8,102
Havale,2024-04-16,9,35
Havale,2024-04-16,10,28
Havale,2024-04-16,11,24
Havale,2024-04-16,12,38
Havale,2024-04-16,13,13
Havale,2024-04-16,14,31
Havale,2024-04-16,15,43
Havale,2024-04-16,16,24
Havale,2024-04-16,17,15
Havale,2024-04-16,18,6
Havale,2024-04-16,19,6
Havale,2024-04-16,20,1
Havale,2024-04-17,6,12
Havale,2024-04-17,7,7
Havale,2024-04-17,8,6
Havale,2024-04-17,9,27
Havale,2024-04-17,10,14
Havale,2024-04-17,11,28
Havale,2024-04-17,12,11
Havale,2024-04-17,13,14
Havale,2024-04-17,14,32
Havale,2024-04-17,15,44
Havale,2024-04-17,16,5
Havale,2024-04-17,17,9
Havale,2024-04-17,18,4
Havale,2024-04-17,19,5
Havale,2024-04-17,20,2
Havale,2024-04-17,21,2
Havale,2024-04-17,22,1
Havale,2024-04-17,23,22
Havale,2024-04-18,1,7
Havale,2024-04-18,5,1
Havale,2024-04-18,6,32
Havale,2024-04-18,7,35
Havale,2024-04-18,8,37
Havale,2024-04-18,9,23
Havale,2024-04-18,10,34
Havale,2024-04-18,11,69
Havale,2024-04-18,12,30
Havale,2024-04-18,13,26
Havale,2024-04-18,15,13
Havale,2024-04-18,16,1
Havale,2024-04-18,17,7
Havale,2024-04-18,18,14
Havale,2024-04-18,19,1
Havale,2024-04-19,0,15
Havale,2024-04-19,4,5
Havale,2024-04-19,5,1
Havale,2024-04-19,6,5
Havale,2024-04-19,7,23
Havale,2024-04-19,8,86
Havale,2024-04-19,9,69
Havale,2024-04-19,10,20
Havale,2024-04-19,11,21
Havale,2024-04-19,12,10
Havale,2024-04-19,13,6
Havale,2024-04-19,14,60
Havale,2024-04-19,15,16
Havale,2024-04-19,16,36
Havale,2024-04-19,17,3
Havale,2024-04-19,18,4
Havale,2024-04-22,6,1
Havale,2024-04-22,7,19
Havale,2024-04-22,8,18
Havale,2024-04-22,9,53
Havale,2024-04-22,10,18
Havale,2024-04-22,11,43
Havale,2024-04-22,12,1
Havale,2024-04-22,13,67
Havale,2024-04-22,14,32
Havale,2024-04-22,15,2
Havale,2024-04-22,16,34
Havale,2024-04-22,18,2
Havale,2024-04-22,22,5
Havale,2024-04-24,3,11
Havale,2024-04-24,6,12
Havale,2024-04-24,7,34
Havale,2024-04-24,8,10
Havale,2024-04-24,9,85
Havale,2024-04-24,10,63
Havale,2024-04-24,11,48
Havale,2024-04-24,12,2
Havale,2024-04-24,13,20
Havale,2024-04-24,14,22
Havale,2024-04-24,15,25
Havale,2024-04-24,16,62
Havale,2024-04-24,17,2
Havale,2024-04-24,18,19
Havale,2024-04-24,19,7
Havale,2024-04-24,20,15
Havale,2024-04-24,23,15
Havale,2024-04-25,5,35
Havale,2024-04-25,7,15
Havale,2024-04-25,8,15
Havale,2024-04-25,9,14
Havale,2024-04-25,10,21
Havale,2024-04-25,11,68
Havale,2024-04-25,12,88
Havale,2024-04-25,13,15
Havale,2024-04-25,14,16
Havale,2024-04-25,15,20
Havale,2024-04-25,16,11
Havale,2024-04-25,17,19
Havale,2024-04-25,18,13
Havale,2024-04-25,19,21
Havale,2024-04-26,0,2
Havale,2024-04-26,2,3
Havale,2024-04-26,3,1
Havale,2024-04-26,7,12
Havale,2024-04-26,8,75
Havale,2024-04-26,9,27
Havale,2024-04-26,10,34
Havale,2024-04-26,11,35
Havale,2024-04-26,12,5
Havale,2024-04-26,13,17
Havale,2024-04-26,14,25
Havale,2024-04-26,15,23
Havale,2024-04-26,16,15
Havale,2024-04-26,17,13
Havale,2024-04-26,18,6
Havale,2024-04-26,19,8
Havale,2024-04-26,22,1
Havale,2024-04-26,23,2
Havale,2024-04-29,2,4
Havale,2024-04-29,4,5
Havale,2024-04-29,6,3
Havale,2024-04-29,7,8
Havale,2024-04-29,8,106
Havale,2024-04-29,9,56
Havale,2024-04-29,10,63
Havale,2024-04-29,11,14
Havale,2024-04-29,12,5
Havale,2024-04-29,13,47
Havale,2024-04-29,14,15
Havale,2024-04-29,15,24
Havale,2024-04-29,16,56
Havale,2024-04-29,17,8
Havale,2024-04-29,18,40
Havale,2024-04-29,19,25
Havale,2024-04-29,20,10
Havale,2024-04-30,2,5
Havale,2024-04-30,3,1
Havale,2024-04-30,6,65
Havale,2024-04-30,7,41
Havale,2024-04-30,8,121
Havale,2024-04-30,9,59
Havale,2024-04-30,10,27
Havale,2024-04-30,11,68
Havale,2024-04-30,12,88
Havale,2024-04-30,13,11
Havale,2024-04-30,14,47
Havale,2024-04-30,15,18
Havale,2024-04-30,16,28
Havale,2024-04-30,17,20
Havale,2024-04-30,18,10
Havale,2024-04-30,19,2
Havale,2024-04-30,20,1
Havale,2024-04-30,21,4
Havale,2024-04-30,22,65
Havale,2024-05-02,3,12
Havale,2024-05-02,5,23
Havale,2024-05-02,6,11
Havale,2024-05-02,8,35
Havale,2024-05-02,9,26
Havale,2024-05-02,10,74
Havale,2024-05-02,11,27
Havale,2024-05-02,12,45
Havale,2024-05-02,13,3
Havale,2024-05-02,14,34
Havale,2024-05-02,15,88
Havale,2024-05-02,16,9
Havale,2024-05-02,17,18
Havale,2024-05-02,18,15
Havale,2024-05-02,19,4
Havale,2024-05-02,20,1
Havale,2024-05-02,23,2
Havale,2024-05-03,2,1
Havale,2024-05-03,4,1
Havale,2024-05-03,6,13
Havale,2024-05-03,7,17
Havale,2024-05-03,8,40
Havale,2024-05-03,9,32
Havale,2024-05-03,10,55
Havale,2024-05-03,11,24
Havale,2024-05-03,12,16
Havale,2024-05-03,13,9
Havale,2024-05-03,14,19
Havale,2024-05-03,15,64
Havale,2024-05-03,16,11
Havale,2024-05-03,17,12
Havale,2024-05-03,18,14
Havale,2024-05-03,20,1
Havale,2024-05-06,0,1
Havale,2024-05-06,6,18
Havale,2024-05-06,7,12
Havale,2024-05-06,8,31
Havale,2024-05-06,9,44
Havale,2024-05-06,10,52
Havale,2024-05-06,11,23
Havale,2024-05-06,12,138
Havale,2024-05-06,13,12
Havale,2024-05-06,14,19
Havale,2024-05-06,15,31
Havale,2024-05-06,16,78
Havale,2024-05-06,17,9
Havale,2024-05-06,18,15
Havale,2024-05-06,19,9
Havale,2024-05-06,22,10
Havale,2024-05-06,23,2
Havale,2024-05-07,1,8
Havale,2024-05-07,6,6
Havale,2024-05-07,8,144
Havale,2024-05-07,9,20
Havale,2024-05-07,10,63
Havale,2024-05-07,11,28
Havale,2024-05-07,12,63
Havale,2024-05-07,13,2
Havale,2024-05-07,14,20
Havale,2024-05-07,15,11
Havale,2024-05-07,16,52
Havale,2024-05-07,17,7
Havale,2024-05-07,18,14
Havale,2024-05-07,19,4
Havale,2024-05-07,22,18
Havale,2024-05-08,2,1
Havale,2024-05-08,5,3
Havale,2024-05-08,7,3
Havale,2024-05-08,8,24
Havale,2024-05-08,9,104
Havale,2024-05-08,10,44
Havale,2024-05-08,11,27
Havale,2024-05-08,12,5
Havale,2024-05-08,13,64
Havale,2024-05-08,14,20
Havale,2024-05-08,15,30
Havale,2024-05-08,16,24
Havale,2024-05-08,17,1
Havale,2024-05-08,18,17
Havale,2024-05-08,19,20
Havale,2024-05-09,0,4
Havale,2024-05-09,6,2
Havale,2024-05-09,7,9
Havale,2024-05-09,8,87
Havale,2024-05-09,9,19
Havale,2024-05-09,10,33
Havale,2024-05-09,11,23
Havale,2024-05-09,12,61
Havale,2024-05-09,13,62
Havale,2024-05-09,14,62
Havale,2024-05-09,15,52
Havale,2024-05-09,16,91
Havale,2024-05-09,17,24
Havale,2024-05-09,18,22
Havale,2024-05-09,19,14
Havale,2024-05-10,3,10
Havale,2024-05-10,6,26
Havale,2024-05-10,7,5
Havale,2024-05-10,8,25
Havale,2024-05-10,9,72
Havale,2024-05-10,10,62
Havale,2024-05-10,11,20
Havale,2024-05-10,12,11
Havale,2024-05-10,13,19
Havale,2024-05-10,14,12
Havale,2024-05-10,15,19
Havale,2024-05-10,16,12
Havale,2024-05-10,17,6
Havale,2024-05-10,18,4
Havale,2024-05-10,19,14
Havale,2024-05-13,4,2
Havale,2024-05-13,5,1
Havale,2024-05-13,6,9
Havale,2024-05-13,7,7
Havale,2024-05-13,8,71
Havale,2024-05-13,9,77
Havale,2024-05-13,10,73
Havale,2024-05-13,11,97
Havale,2024-05-13,12,19
Havale,2024-05-13,13,18
Havale,2024-05-13,14,12
Havale,2024-05-13,15,22
Havale,2024-05-13,16,48
Havale,2024-05-13,17,10
Havale,2024-05-13,18,4
Havale,2024-05-13,19,15
Havale,2024-05-13,22,4
Havale,2024-05-14,0,3
Havale,2024-05-14,3,1
Havale,2024-05-14,5,5
Havale,2024-05-14,6,10
Havale,2024-05-14,7,51
Havale,2024-05-14,8,12
Havale,2024-05-14,9,28
Havale,2024-05-14,10,61
Havale,2024-05-14,11,14
Havale,2024-05-14,12,50
Havale,2024-05-14,13,20
Havale,2024-05-14,14,7
Havale,2024-05-14,15,2
Havale,2024-05-14,16,8
Havale,2024-05-14,17,8
Havale,2024-05-14,19,28
Havale,2024-05-15,0,3
Havale,2024-05-15,1,1
Havale,2024-05-15,4,1
Havale,2024-05-15,5,2
Havale,2024-05-15,6,14
Havale,2024-05-15,7,20
Havale,2024-05-15,8,31
Havale,2024-05-15,9,55
Havale,2024-05-15,10,35
Havale,2024-05-15,11,24
Havale,2024-05-15,12,2
Havale,2024-05-15,13,23
Havale,2024-05-15,14,8
Havale,2024-05-15,15,18
Havale,2024-05-15,16,29
Havale,2024-05-15,17,15
Havale,2024-05-15,19,9
Havale,2024-05-16,1,3
Havale,2024-05-16,6,2
Havale,2024-05-16,7,7
Havale,2024-05-16,8,1
Havale,2024-05-16,9,11
Havale,2024-05-16,10,16
Havale,2024-05-16,11,29
Havale,2024-05-16,12,1
Havale,2024-05-16,13,8
Havale,2024-05-16,14,20
Havale,2024-05-16,15,37
Havale,2024-05-16,16,3
Havale,2024-05-16,17,20
Havale,2024-05-16,18,22
Havale,2024-05-16,19,8
Havale,2024-05-17,0,3
Havale,2024-05-17,3,1
Havale,2024-05-17,5,32
Havale,2024-05-17,6,29
Havale,2024-05-17,7,10
Havale,2024-05-17,8,5
Havale,2024-05-17,9,29
Havale,2024-05-17,10,14
Havale,2024-05-17,11,28
Havale,2024-05-17,12,27
Havale,2024-05-17,13,7
Havale,2024-05-17,14,17
Havale,2024-05-17,15,10
Havale,2024-05-17,16,7
Havale,2024-05-17,17,4
Havale,2024-05-17,18,15
Havale,2024-05-17,19,14
Havale,2024-05-17,21,3
Havale,2024-05-20,1,1
Havale,2024-05-20,2,11
Havale,2024-05-20,5,4
Havale,2024-05-20,6,1
Havale,2024-05-20,7,33
Havale,2024-05-20,8,19
Havale,2024-05-20,9,12
Havale,2024-05-20,10,98
Havale,2024-05-20,11,46
Havale,2024-05-20,12,25
Havale,2024-05-20,13,41
Havale,2024-05-20,14,29
Havale,2024-05-20,15,72
Havale,2024-05-20,16,32
Havale,2024-05-20,17,30
Havale,2024-05-20,18,10
Havale,2024-05-20,19,2
Havale,2024-05-20,22,10
Havale,2024-05-20,23,1
Havale,2024-05-21,2,2
Havale,2024-05-21,7,8
Havale,2024-05-21,8,113
Havale,2024-05-21,9,26
Havale,2024-05-21,10,59
Havale,2024-05-21,11,64
Havale,2024-05-21,12,42
Havale,2024-05-21,13,13
Havale,2024-05-21,14,17
Havale,2024-05-21,15,34
Havale,2024-05-21,16,51
Havale,2024-05-21,17,8
Havale,2024-05-21,18,10
Havale,2024-05-21,19,10
Havale,2024-05-21,20,3
Havale,2024-05-22,1,5
Havale,2024-05-22,3,4
Havale,2024-05-22,6,1
Havale,2024-05-22,7,74
Havale,2024-05-22,8,32
Havale,2024-05-22,9,67
Havale,2024-05-22,10,30
Havale,2024-05-22,11,25
Havale,2024-05-22,12,13
Havale,2024-05-22,13,18
Havale,2024-05-22,14,52
Havale,2024-05-22,15,6
Havale,2024-05-22,16,15
Havale,2024-05-22,17,12
Havale,2024-05-22,18,33
Havale,2024-05-22,19,1
Havale,2024-05-23,3,1
Havale,2024-05-23,4,32
Havale,2024-05-23,5,2
Havale,2024-05-23,6,10
Havale,2024-05-23,7,18
Havale,2024-05-23,8,36
Havale,2024-05-23,9,49
Havale,2024-05-23,10,32
Havale,2024-05-23,11,27
Havale,2024-05-23,12,17
Havale,2024-05-23,13,54
Havale,2024-05-23,14,5
Havale,2024-05-23,15,23
Havale,2024-05-23,16,5
Havale,2024-05-23,17,10
Havale,2024-05-23,18,12
Havale,2024-05-23,20,3
Havale,2024-05-24,2,3
Havale,2024-05-24,7,1
Havale,2024-05-24,8,115
Havale,2024-05-24,9,49
Havale,2024-05-24,10,26
Havale,2024-05-24,11,76
Havale,2024-05-24,12,16
Havale,2024-05-24,13,15
Havale,2024-05-24,14,11
Havale,2024-05-24,15,23
Havale,2024-05-24,16,58
Havale,2024-05-24,17,43
Havale,2024-05-24,18,1
Havale,2024-05-24,19,15
Havale,2024-05-27,2,1
Havale,2024-05-27,3,7
Havale,2024-05-27,6,25
Havale,2024-05-27,7,5
Havale,2024-05-27,8,48
Havale,2024-05-27,9,146
Havale,2024-05-27,10,89
Havale,2024-05-27,11,37
Havale,2024-05-27,12,49
Havale,2024-05-27,13,50
Havale,2024-05-27,14,31
Havale,2024-05-27,15,64
Havale,2024-05-27,16,10
Havale,2024-05-27,17,9
Havale,2024-05-27,18,8
Havale,2024-05-27,19,3
Havale,2024-05-28,1,3
Havale,2024-05-28,3,1
Havale,2024-05-28,5,3
Havale,2024-05-28,7,14
Havale,2024-05-28,8,7
Havale,2024-05-28,9,28
Havale,2024-05-28,10,13
Havale,2024-05-28,11,23
Havale,2024-05-28,12,27
Havale,2024-05-28,13,37
Havale,2024-05-28,14,36
Havale,2024-05-28,15,56
Havale,2024-05-28,16,63
Havale,2024-05-28,17,16
Havale,2024-05-28,18,9
Havale,2024-05-28,19,21
Havale,2024-05-28,20,8
Havale,2024-05-29,0,3
Havale,2024-05-29,2,1
Havale,2024-05-29,4,10
Havale,2024-05-29,6,61
Havale,2024-05-29,7,3
Havale,2024-05-29,8,43
Havale,2024-05-29,9,74
Havale,2024-05-29,10,8
Havale,2024-05-29,11,3
Havale,2024-05-29,12,9
Havale,2024-05-29,13,10
Havale,2024-05-29,14,21
Havale,2024-05-29,15,47
Havale,2024-05-29,16,48
Havale,2024-05-29,17,52
Havale,2024-05-29,18,1
Havale,2024-05-29,19,3
Havale,2024-05-30,0,4
Havale,2024-05-30,5,1
Havale,2024-05-30,7,32
Havale,2024-05-30,8,18
Havale,2024-05-30,9,31
Havale,2024-05-30,10,68
Havale,2024-05-30,11,7
Havale,2024-05-30,12,20
Havale,2024-05-30,13,8
Havale,2024-05-30,14,66
Havale,2024-05-30,15,14
Havale,2024-05-30,16,45
Havale,2024-05-30,17,4
Havale,2024-05-30,18,8
Havale,2024-05-30,19,3
Havale,2024-05-30,21,6
Havale,2024-05-31,1,1
Havale,2024-05-31,3,1
Havale,2024-05-31,7,2
Havale,2024-05-31,8,19
Havale,2024-05-31,9,23
Havale,2024-05-31,10,25
Havale,2024-05-31,11,24
Havale,2024-05-31,12,47
Havale,2024-05-31,13,84
Havale,2024-05-31,14,7
Havale,2024-05-31,15,27
Havale,2024-05-31,16,40
Havale,2024-05-31,17,5
Havale,2024-05-31,18,32
Havale,2024-05-31,21,7
Havale,2024-05-31,23,1
Havale,2024-06-03,0,10
Havale,2024-06-03,1,3
Havale,2024-06-03,2,3
Havale,2024-06-03,7,45
Havale,2024-06-03,8,34
Havale,2024-06-03,9,21
Havale,2024-06-03,10,23
Havale,2024-06-03,11,4
Havale,2024-06-03,12,13
Havale,2024-06-03,13,14
Havale,2024-06-03,14,44
Havale,2024-06-03,15,13
Havale,2024-06-03,16,82
Havale,2024-06-03,17,20
Havale,2024-06-03,18,1
Havale,2024-06-03,19,14
Havale,2024-06-03,23,1
Havale,2024-06-04,5,2
Havale,2024-06-04,6,25
Havale,2024-06-04,7,7
Havale,2024-06-04,8,12
Havale,2024-06-04,9,32
Havale,2024-06-04,10,16
Havale,2024-06-04,11,40
Havale,2024-06-04,12,10
Havale,2024-06-04,13,59
Havale,2024-06-04,14,30
Havale,2024-06-04,15,10
Havale,2024-06-04,16,18
Havale,2024-06-04,17,31
Havale,2024-06-04,18,22
Havale,2024-06-04,19,32
Havale,2024-06-05,1,3
Havale,2024-06-05,6,3
Havale,2024-06-05,8,25
Havale,2024-06-05,9,31
Havale,2024-06-05,10,22
Havale,2024-06-05,11,19
Havale,2024-06-05,12,52
Havale,2024-06-05,13,25
Havale,2024-06-05,14,32
Havale,2024-06-05,15,14
Havale,2024-06-05,16,32
Havale,2024-06-05,17,29
Havale,2024-06-05,18,2
Havale,2024-06-05,19,1
Havale,2024-06-05,20,3
Havale,2024-06-06,2,5
Havale,2024-06-06,6,11
Havale,2024-06-06,7,22
Havale,2024-06-06,8,22
Havale,2024-06-06,9,61
Havale,2024-06-06,10,10
Havale,2024-06-06,11,13
Havale,2024-06-06,12,7
Havale,2024-06-06,13,13
Havale,2024-06-06,14,35
Havale,2024-06-06,15,39
Havale,2024-06-06,16,125
Havale,2024-06-06,17,48
Havale,2024-06-06,18,5
Havale,2024-06-06,20,6
Havale,2024-06-06,22,1
Havale,2024-06-06,23,4
Havale,2024-06-07,1,17
Havale,2024-06-07,2,2
Havale,2024-06-07,3,5
Havale,2024-06-07,5,3
Havale,2024-06-07,6,53
Havale,2024-06-07,7,28
Havale,2024-06-07,8,18
Havale,2024-06-07,9,6
Havale,2024-06-07,10,51
Havale,2024-06-07,11,40
Havale,2024-06-07,12,11
Havale,2024-06-07,13,4
Havale,2024-06-07,14,34
Havale,2024-06-07,15,24
Havale,2024-06-07,16,32
Havale,2024-06-07,17,7
Havale,2024-06-07,18,18
Havale,2024-06-07,19,10
Havale,2024-06-07,21,3
Havale,2024-06-10,0,8
Havale,2024-06-10,3,15
Havale,2024-06-10,4,3
Havale,2024-06-10,7,35
Havale,2024-06-10,8,31
Havale,2024-06-10,9,33
Havale,2024-06-10,10,39
Havale,2024-06-10,11,25
Havale,2024-06-10,12,58
Havale,2024-06-10,13,3
Havale,2024-06-10,14,36
Havale,2024-06-10,15,2
Havale,2024-06-10,16,114
Havale,2024-06-10,17,88
Havale,2024-06-10,18,3
Havale,2024-06-10,19,1
Havale,2024-06-10,22,2
Havale,2024-06-11,0,2
Havale,2024-06-11,6,7
Havale,2024-06-11,7,22
Havale,2024-06-11,8,56
Havale,2024-06-11,9,11
Havale,2024-06-11,10,132
Havale,2024-06-11,11,41
Havale,2024-06-11,12,13
Havale,2024-06-11,13,39
Havale,2024-06-11,14,74
Havale,2024-06-11,15,5
Havale,2024-06-11,16,49
Havale,2024-06-11,17,77
Havale,2024-06-11,18,4
Havale,2024-06-11,19,1
Havale,2024-06-12,3,1
Havale,2024-06-12,4,2
Havale,2024-06-12,6,9
Havale,2024-06-12,7,33
Havale,2024-06-12,8,22
Havale,2024-06-12,9,35
Havale,2024-06-12,10,52
Havale,2024-06-12,11,16
Havale,2024-06-12,12,19
Havale,2024-06-12,13,17
Havale,2024-06-12,14,37
Havale,2024-06-12,15,37
Havale,2024-06-12,16,36
Havale,2024-06-12,17,16
Havale,2024-06-12,18,1
Havale,2024-06-12,19,9
Havale,2024-06-12,20,3
Havale,2024-06-12,21,4
Havale,2024-06-12,22,1
Havale,2024-06-13,0,5
Havale,2024-06-13,2,7
Havale,2024-06-13,6,25
Havale,2024-06-13,7,15
Havale,2024-06-13,8,52
Havale,2024-06-13,9,20
Havale,2024-06-13,10,25
Havale,2024-06-13,11,14
Havale,2024-06-13,12,9
Havale,2024-06-13,13,21
Havale,2024-06-13,14,10
Havale,2024-06-13,15,22
Havale,2024-06-13,16,17
Havale,2024-06-13,17,15
Havale,2024-06-13,18,2
Havale,2024-06-13,19,10
Havale,2024-06-13,22,7
Havale,2024-06-13,23,5
Havale,2024-06-14,0,8
Havale,2024-06-14,2,1
Havale,2024-06-14,3,6
Havale,2024-06-14,5,23
Havale,2024-06-14,7,1
Havale,2024-06-14,8,24
Havale,2024-06-14,9,133
Havale,2024-06-14,10,42
Havale,2024-06-14,11,41
Havale,2024-06-14,12,36
Havale,2024-06-14,13,1
Havale,2024-06-14,14,27
Havale,2024-06-14,15,37
Havale,2024-06-14,16,40
Havale,2024-06-14,17,11
Havale,2024-06-14,18,1
Havale,2024-06-14,19,6
Havale,2024-06-14,22,1
Havale,2024-06-14,23,14
Havale,2024-06-20,2,2
Havale,2024-06-20,4,1
Havale,2024-06-20,5,5
Havale,2024-06-20,6,42
Havale,2024-06-20,7,32
Havale,2024-06-20,8,43
Havale,2024-06-20,9,30
Havale,2024-06-20,10,29
Havale,2024-06-20,11,26
Havale,2024-06-20,12,34
Havale,2024-06-20,13,16
Havale,2024-06-20,14,55
Havale,2024-06-20,15,42
Havale,2024-06-20,16,1
Havale,2024-06-20,17,11
Havale,2024-06-20,18,19
Havale,2024-06-20,19,9
Havale,2024-06-21,5,15
Havale,2024-06-21,7,13
Havale,2024-06-21,8,51
Havale,2024-06-21,9,8
Havale,2024-06-21,10,68
Havale,2024-06-21,11,28
Havale,2024-06-21,12,61
Havale,2024-06-21,13,26
Havale,2024-06-21,14,71
Havale,2024-06-21,15,28
Havale,2024-06-21,16,2
Havale,2024-06-21,17,20
Havale,2024-06-21,18,10
Havale,2024-06-21,19,2
Havale,2024-06-21,21,7
Havale,2024-06-21,22,1
Havale,2024-06-21,23,1
Havale,2024-06-24,6,4
Havale,2024-06-24,7,9
Havale,2024-06-24,8,15
Havale,2024-06-24,9,49
Havale,2024-06-24,10,64
Havale,2024-06-24,11,116
Havale,2024-06-24,12,1
Havale,2024-06-24,13,51
Havale,2024-06-24,14,5
Havale,2024-06-24,15,8
Havale,2024-06-24,16,5
Havale,2024-06-24,17,6
Havale,2024-06-24,18,126
Havale,2024-06-24,19,31
Havale,2024-06-24,21,1
Havale,2024-06-25,5,1
Havale,2024-06-25,8,12
Havale,2024-06-25,9,41
Havale,2024-06-25,10,21
Havale,2024-06-25,11,6
Havale,2024-06-25,12,32
Havale,2024-06-25,13,48
Havale,2024-06-25,14,51
Havale,2024-06-25,15,7
Havale,2024-06-25,16,35
Havale,2024-06-25,17,3
Havale,2024-06-25,19,30
Havale,2024-06-26,3,2
Havale,2024-06-26,6,11
Havale,2024-06-26,7,17
Havale,2024-06-26,8,42
Havale,2024-06-26,9,31
Havale,2024-06-26,10,30
Havale,2024-06-26,11,6
Havale,2024-06-26,12,98
Havale,2024-06-26,13,71
Havale,2024-06-26,14,21
Havale,2024-06-26,15,31
Havale,2024-06-26,16,29
Havale,2024-06-26,17,2
Havale,2024-06-26,18,9
Havale,2024-06-26,19,4
Havale,2024-06-26,22,1
Havale,2024-06-27,6,1
Havale,2024-06-27,7,5
Havale,2024-06-27,8,14
Havale,2024-06-27,9,73
Havale,2024-06-27,10,64
Havale,2024-06-27,11,27
Havale,2024-06-27,12,12
Havale,2024-06-27,13,34
Havale,2024-06-27,14,64
Havale,2024-06-27,15,9
Havale,2024-06-27,16,55
Havale,2024-06-27,17,5
Havale,2024-06-27,18,11
Havale,2024-06-27,20,11
Havale,2024-06-27,22,1
Havale,2024-06-28,6,5
Havale,2024-06-28,7,7
Havale,2024-06-28,8,67
Havale,2024-06-28,9,19
Havale,2024-06-28,10,14
Havale,2024-06-28,12,16
Havale,2024-06-28,13,22
Havale,2024-06-28,14,23
Havale,2024-06-28,15,39
Havale,2024-06-28,16,21
Havale,2024-06-28,17,4
Havale,2024-06-28,18,20
Havale,2024-06-28,20,2
Havale,2024-06-28,21,1
Havale,2024-07-01,5,5
Havale,2024-07-01,6,4
Havale,2024-07-01,7,38
Havale,2024-07-01,8,49
Havale,2024-07-01,9,9
Havale,2024-07-01,10,22
Havale,2024-07-01,11,18
Havale,2024-07-01,12,14
Havale,2024-07-01,13,41
Havale,2024-07-01,14,15
Havale,2024-07-01,15,44
Havale,2024-07-01,16,32
Havale,2024-07-01,17,1
Havale,2024-07-01,18,45
Havale,2024-07-02,0,4
Havale,2024-07-02,5,1
Havale,2024-07-02,6,7
Havale,2024-07-02,7,46
Havale,2024-07-02,8,24
Havale,2024-07-02,9,32
Havale,2024-07-02,10,47
Havale,2024-07-02,11,76
Havale,2024-07-02,12,15
Havale,2024-07-02,13,28
Havale,2024-07-02,14,51
Havale,2024-07-02,15,97
Havale,2024-07-02,16,6
Havale,2024-07-02,17,11
Havale,2024-07-02,18,7
Havale,2024-07-02,19,17
Havale,2024-07-03,0,1
Havale,2024-07-03,4,2
Havale,2024-07-03,6,3
Havale,2024-07-03,7,20
Havale,2024-07-03,8,79
Havale,2024-07-03,9,29
Havale,2024-07-03,10,34
Havale,2024-07-03,11,27
Havale,2024-07-03,12,10
Havale,2024-07-03,13,3
Havale,2024-07-03,14,39
Havale,2024-07-03,15,31
Havale,2024-07-03,16,15
Havale,2024-07-03,17,1
Havale,2024-07-03,18,7
Havale,2024-07-03,19,1
Havale,2024-07-03,20,2
Havale,2024-07-03,22,3
Havale,2024-07-03,23,1
Havale,2024-07-04,1,1
Havale,2024-07-04,6,40
Havale,2024-07-04,7,14
Havale,2024-07-04,8,22
Havale,2024-07-04,9,86
Havale,2024-07-04,10,64
Havale,2024-07-04,11,56
Havale,2024-07-04,12,39
Havale,2024-07-04,13,9
Havale,2024-07-04,14,23
Havale,2024-07-04,15,14
Havale,2024-07-04,16,22
Havale,2024-07-04,17,58
Havale,2024-07-04,18,47
Havale,2024-07-04,19,15
Havale,2024-07-04,21,8
Havale,2024-07-04,22,17
Havale,2024-07-05,2,2
Havale,2024-07-05,3,2
Havale,2024-07-05,5,4
Havale,2024-07-05,6,22
Havale,2024-07-05,7,6
Havale,2024-07-05,8,74
Havale,2024-07-05,9,16
Havale,2024-07-05,10,149
Havale,2024-07-05,11,42
Havale,2024-07-05,12,13
Havale,2024-07-05,13,63
Havale,2024-07-05,14,43
Havale,2024-07-05,15,42
Havale,2024-07-05,16,26
Havale,2024-07-05,17,8
Havale,2024-07-05,18,9
Havale,2024-07-05,19,27
Havale,2024-07-08,6,17
Havale,2024-07-08,7,46
Havale,2024-07-08,8,79
Havale,2024-07-08,9,81
Havale,2024-07-08,10,74
Havale,2024-07-08,11,77
Havale,2024-07-08,12,39
Havale,2024-07-08,13,70
Havale,2024-07-08,14,19
Havale,2024-07-08,15,23
Havale,2024-07-08,16,36
Havale,2024-07-08,17,8
Havale,2024-07-08,18,37
Havale,2024-07-08,21,2
Havale,2024-07-08,22,7
Havale,2024-07-08,23,5
Havale,2024-07-09,6,8
Havale,2024-07-09,7,9
Havale,2024-07-09,8,24
Havale,2024-07-09,9,19
Havale,2024-07-09,10,8
Havale,2024-07-09,11,23
Havale,2024-07-09,12,29
Havale,2024-07-09,13,17
Havale,2024-07-09,14,27
Havale,2024-07-09,15,38
Havale,2024-07-09,16,101
Havale,2024-07-09,17,11
Havale,2024-07-09,18,6
Havale,2024-07-09,19,1
Havale,2024-07-09,20,1
Havale,2024-07-10,2,3
Havale,2024-07-10,7,16
Havale,2024-07-10,8,49
Havale,2024-07-10,9,46
Havale,2024-07-10,10,11
Havale,2024-07-10,11,43
Havale,2024-07-10,12,22
Havale,2024-07-10,13,30
Havale,2024-07-10,14,57
Havale,2024-07-10,15,12
Havale,2024-07-10,16,9
Havale,2024-07-10,17,7
Havale,2024-07-10,18,26
Havale,2024-07-11,6,12
Havale,2024-07-11,7,30
Havale,2024-07-11,8,55
Havale,2024-07-11,9,56
Havale,2024-07-11,10,14
Havale,2024-07-11,11,2
Havale,2024-07-11,12,44
Havale,2024-07-11,13,25
Havale,2024-07-11,14,27
Havale,2024-07-11,15,60
Havale,2024-07-11,16,38
Havale,2024-07-11,17,25
Havale,2024-07-11,18,10
Havale,2024-07-11,19,10
Havale,2024-07-12,1,2
Havale,2024-07-12,6,7
Havale,2024-07-12,7,2
Havale,2024-07-12,8,31
Havale,2024-07-12,9,24
Havale,2024-07-12,10,20
Havale,2024-07-12,11,44
Havale,2024-07-12,12,1
Havale,2024-07-12,13,26
Havale,2024-07-12,14,20
Havale,2024-07-12,15,26
Havale,2024-07-12,16,5
Havale,2024-07-12,17,3
Havale,2024-07-12,18,7
Havale,2024-07-12,21,1
Havale,2024-07-16,4,4
Havale,2024-07-16,5,1
Havale,2024-07-16,7,43
Havale,2024-07-16,8,25
Havale,2024-07-16,9,39
Havale,2024-07-16,10,15
Havale,2024-07-16,11,9
Havale,2024-07-16,12,38
Havale,2024-07-16,13,25
Havale,2024-07-16,14,33
Havale,2024-07-16,15,48
Havale,2024-07-16,16,20
Havale,2024-07-16,17,7
Havale,2024-07-16,18,8
Havale,2024-07-16,19,1
Havale,2024-07-16,20,26
Havale,2024-07-16,22,1
Havale,2024-07-16,23,1
Havale,2024-07-17,4,6
Havale,2024-07-17,5,6
Havale,2024-07-17,6,18
Havale,2024-07-17,8,72
Havale,2024-07-17,9,38
Havale,2024-07-17,10,26
Havale,2024-07-17,11,49
Havale,2024-07-17,12,46
Havale,2024-07-17,13,37
Havale,2024-07-17,14,17
Havale,2024-07-17,15,43
Havale,2024-07-17,16,29
Havale,2024-07-17,17,7
Havale,2024-07-17,19,2
Havale,2024-07-17,21,2
Havale,2024-07-17,22,4
Havale,2024-07-18,1,2
Havale,2024-07-18,5,2
Havale,2024-07-18,6,19
Havale,2024-07-18,8,86
Havale,2024-07-18,9,70
Havale,2024-07-18,10,19
Havale,2024-07-18,11,60
Havale,2024-07-18,12,43
Havale,2024-07-18,13,17
Havale,2024-07-18,14,19
Havale,2024-07-18,15,26
Havale,2024-07-18,16,48
Havale,2024-07-18,17,8
Havale,2024-07-18,18,12
Havale,2024-07-18,19,12
Havale,2024-07-18,21,1
Havale,2024-07-19,1,1
Havale,2024-07-19,4,5
Havale,2024-07-19,5,5
Havale,2024-07-19,6,3
Havale,2024-07-19,7,3
Havale,2024-07-19,8,17
Havale,2024-07-19,9,20
Havale,2024-07-19,10,50
Havale,2024-07-19,11,66
Havale,2024-07-19,12,16
Havale,2024-07-19,13,9
Havale,2024-07-19,14,12
Havale,2024-07-19,15,7
Havale,2024-07-19,16,37
Havale,2024-07-19,17,7
Havale,2024-07-19,18,4
Havale,2024-07-19,19,1
Havale,2024-07-22,7,8
Havale,2024-07-22,8,51
Havale,2024-07-22,9,7
Havale,2024-07-22,10,61
Havale,2024-07-22,11,4
Havale,2024-07-22,12,18
Havale,2024-07-22,13,16
Havale,2024-07-22,14,65
Havale,2024-07-22,15,46
Havale,2024-07-22,16,68
Havale,2024-07-22,17,49
Havale,2024-07-22,18,6
Havale,2024-07-22,19,1
Havale,2024-07-22,22,1
Havale,2024-07-23,3,4
Havale,2024-07-23,5,1
Havale,2024-07-23,6,1
Havale,2024-07-23,7,15
Havale,2024-07-23,8,57
Havale,2024-07-23,9,33
Havale,2024-07-23,10,11
Havale,2024-07-23,11,50
Havale,2024-07-23,12,23
Havale,2024-07-23,13,29
Havale,2024-07-23,14,22
Havale,2024-07-23,15,34
Havale,2024-07-23,16,6
Havale,2024-07-23,17,7
Havale,2024-07-23,18,89
Havale,2024-07-23,22,38
Havale,2024-07-23,23,43
Havale,2024-07-24,4,1
Havale,2024-07-24,7,26
Havale,2024-07-24,8,19
Havale,2024-07-24,9,11
Havale,2024-07-24,10,61
Havale,2024-07-24,11,76
Havale,2024-07-24,12,23
Havale,2024-07-24,13,15
Havale,2024-07-24,14,25
Havale,2024-07-24,15,17
Havale,2024-07-24,16,8
Havale,2024-07-24,17,11
Havale,2024-07-24,18,4
Havale,2024-07-24,19,27
Havale,2024-07-24,22,18
Havale,2024-07-25,2,2
Havale,2024-07-25,5,3
Havale,2024-07-25,6,4
Havale,2024-07-25,7,59
Havale,2024-07-25,8,2
Havale,2024-07-25,9,54
Havale,2024-07-25,10,38
Havale,2024-07-25,11,22
Havale,2024-07-25,12,40
Havale,2024-07-25,13,71
Havale,2024-07-25,14,29
Havale,2024-07-25,15,58
Havale,2024-07-25,16,6
Havale,2024-07-25,17,26
Havale,2024-07-25,18,106
Havale,2024-07-25,19,13
Havale,2024-07-25,20,27
Havale,2024-07-26,6,27
Havale,2024-07-26,7,5
Havale,2024-07-26,8,8
Havale,2024-07-26,9,23
Havale,2024-07-26,10,38
Havale,2024-07-26,11,37
Havale,2024-07-26,12,6
Havale,2024-07-26,13,3
Havale,2024-07-26,14,21
Havale,2024-07-26,15,1
Havale,2024-07-26,16,14
Havale,2024-07-26,17,15
Havale,2024-07-26,18,20
Havale,2024-07-26,19,8
Havale,2024-07-29,1,1
Havale,2024-07-29,3,10
Havale,2024-07-29,4,1
Havale,2024-07-29,6,3
Havale,2024-07-29,7,101
Havale,2024-07-29,8,14
Havale,2024-07-29,9,61
Havale,2024-07-29,10,120
Havale,2024-07-29,11,32
Havale,2024-07-29,12,219
Havale,2024-07-29,13,46
Havale,2024-07-29,14,12
Havale,2024-07-29,15,19
Havale,2024-07-29,16,8
Havale,2024-07-29,17,8
Havale,2024-07-29,18,3
Havale,2024-07-29,19,7
Havale,2024-07-29,21,1
Havale,2024-07-30,0,1
Havale,2024-07-30,2,5
Havale,2024-07-30,3,2
Havale,2024-07-30,5,8
Havale,2024-07-30,7,20
Havale,2024-07-30,8,58
Havale,2024-07-30,9,38
Havale,2024-07-30,10,49
Havale,2024-07-30,11,22
Havale,2024-07-30,12,10
Havale,2024-07-30,13,26
Havale,2024-07-30,14,8
Havale,2024-07-30,15,9
Havale,2024-07-30,16,19
Havale,2024-07-30,17,26
Havale,2024-07-30,18,13
Havale,2024-07-30,19,28
Havale,2024-07-30,21,1
Havale,2024-07-31,2,1
Havale,2024-07-31,4,8
Havale,2024-07-31,6,3
Havale,2024-07-31,7,5
Havale,2024-07-31,8,29
Havale,2024-07-31,9,51
Havale,2024-07-31,10,6
Havale,2024-07-31,11,69
Havale,2024-07-31,12,10
Havale,2024-07-31,13,16
Havale,2024-07-31,14,12
Havale,2024-07-31,15,51
Havale,2024-07-31,16,32
Havale,2024-07-31,17,25
Havale,2024-07-31,18,12
Havale,2024-07-31,19,4
Havale,2024-08-01,5,3
Havale,2024-08-01,6,12
Havale,2024-08-01,7,11
Havale,2024-08-01,8,23
Havale,2024-08-01,9,49
Havale,2024-08-01,10,8
Havale,2024-08-01,11,39
Havale,2024-08-01,12,1
Havale,2024-08-01,13,27
Havale,2024-08-01,14,6
Havale,2024-08-01,15,38
Havale,2024-08-01,16,47
Havale,2024-08-01,17,7
Havale,2024-08-01,18,1
Havale,2024-08-01,19,26
Havale,2024-08-02,1,1
Havale,2024-08-02,2,2
Havale,2024-08-02,3,3
Havale,2024-08-02,6,7
Havale,2024-08-02,7,6
Havale,2024-08-02,8,15
Havale,2024-08-02,9,77
Havale,2024-08-02,10,18
Havale,2024-08-02,11,4
Havale,2024-08-02,12,25
Havale,2024-08-02,13,32
Havale,2024-08-02,14,33
Havale,2024-08-02,15,54
Havale,2024-08-02,17,2
Havale,2024-08-02,18,31
Havale,2024-08-02,19,34
Havale,2024-08-02,20,12
Havale,2024-08-02,22,2
Havale,2024-08-02,23,22
Havale,2024-08-05,6,43
Havale,2024-08-05,7,15
Havale,2024-08-05,8,42
Havale,2024-08-05,9,20
Havale,2024-08-05,10,46
Havale,2024-08-05,11,92
Havale,2024-08-05,12,32
Havale,2024-08-05,13,33
Havale,2024-08-05,14,18
Havale,2024-08-05,15,44
Havale,2024-08-05,16,8
Havale,2024-08-05,17,6
Havale,2024-08-05,18,4
Havale,2024-08-05,19,6
Havale,2024-08-06,1,2
Havale,2024-08-06,4,11
Havale,2024-08-06,5,10
Havale,2024-08-06,6,10
Havale,2024-08-06,7,6
Havale,2024-08-06,8,89
Havale,2024-08-06,9,14
Havale,2024-08-06,10,18
Havale,2024-08-06,11,25
Havale,2024-08-06,12,18
Havale,2024-08-06,13,3
Havale,2024-08-06,14,45
Havale,2024-08-06,15,28
Havale,2024-08-06,16,18
Havale,2024-08-06,17,15
Havale,2024-08-06,18,6
Havale,2024-08-06,19,3
Havale,2024-08-07,6,1
Havale,2024-08-07,7,10
Havale,2024-08-07,8,8
Havale,2024-08-07,9,15
Havale,2024-08-07,10,22
Havale,2024-08-07,11,5
Havale,2024-08-07,12,9
Havale,2024-08-07,13,5
Havale,2024-08-07,14,17
Havale,2024-08-07,15,37
Havale,2024-08-07,16,5
Havale,2024-08-07,17,22
Havale,2024-08-07,18,7
Havale,2024-08-07,19,4
Havale,2024-08-07,21,1
Havale,2024-08-07,22,2
Havale,2024-08-08,4,20
Havale,2024-08-08,6,7
Havale,2024-08-08,7,5
Havale,2024-08-08,8,22
Havale,2024-08-08,9,22
Havale,2024-08-08,10,18
Havale,2024-08-08,11,8
Havale,2024-08-08,12,24
Havale,2024-08-08,13,50
Havale,2024-08-08,14,31
Havale,2024-08-08,15,35
Havale,2024-08-08,16,15
Havale,2024-08-08,17,6
Havale,2024-08-08,18,16
Havale,2024-08-08,19,7
Havale,2024-08-08,23,2
Havale,2024-08-09,3,7
Havale,2024-08-09,6,6
Havale,2024-08-09,7,17
Havale,2024-08-09,8,56
Havale,2024-08-09,9,26
Havale,2024-08-09,10,4
Havale,2024-08-09,11,15
Havale,2024-08-09,12,19
Havale,2024-08-09,13,24
Havale,2024-08-09,14,36
Havale,2024-08-09,15,69
Havale,2024-08-09,16,17
Havale,2024-08-09,17,10
Havale,2024-08-09,18,16
Havale,2024-08-09,19,15
Havale,2024-08-12,2,9
Havale,2024-08-12,6,4
Havale,2024-08-12,7,9
Havale,2024-08-12,8,10
Havale,2024-08-12,9,16
Havale,2024-08-12,10,58
Havale,2024-08-12,11,11
Havale,2024-08-12,12,20
Havale,2024-08-12,13,54
Havale,2024-08-12,14,45
Havale,2024-08-12,15,36
Havale,2024-08-12,16,28
Havale,2024-08-12,17,46
Havale,2024-08-12,18,23
Havale,2024-08-12,19,13
Havale,2024-08-13,2,11
Havale,2024-08-13,6,4
Havale,2024-08-13,7,4
Havale,2024-08-13,8,62
Havale,2024-08-13,9,47
Havale,2024-08-13,10,49
Havale,2024-08-13,11,65
Havale,2024-08-13,12,23
Havale,2024-08-13,13,17
Havale,2024-08-13,14,50
Havale,2024-08-13,15,17
Havale,2024-08-13,16,12
Havale,2024-08-13,17,27
Havale,2024-08-13,18,1
Havale,2024-08-13,19,2
Havale,2024-08-13,21,1
Havale,2024-08-13,22,45
Havale,2024-08-13,23,7
Havale,2024-08-14,0,1
Havale,2024-08-14,1,3
Havale,2024-08-14,5,3
Havale,2024-08-14,6,8
Havale,2024-08-14,7,22
Havale,2024-08-14,8,21
Havale,2024-08-14,9,41
Havale,2024-08-14,10,63
Havale,2024-08-14,11,16
Havale,2024-08-14,12,5
Havale,2024-08-14,13,10
Havale,2024-08-14,14,42
Havale,2024-08-14,15,14
Havale,2024-08-14,16,25
Havale,2024-08-14,17,31
Havale,2024-08-14,18,1
Havale,2024-08-14,19,2
Havale,2024-08-14,22,3
Havale,2024-08-15,5,1
Havale,2024-08-15,6,5
Havale,2024-08-15,7,37
Havale,2024-08-15,8,111
Havale,2024-08-15,9,37
Havale,2024-08-15,10,33
Havale,2024-08-15,11,22
Havale,2024-08-15,12,19
Havale,2024-08-15,13,8
Havale,2024-08-15,14,39
Havale,2024-08-15,15,16
Havale,2024-08-15,16,8
Havale,2024-08-15,18,19
Havale,2024-08-15,19,6
Havale,2024-08-16,3,1
Havale,2024-08-16,6,17
Havale,2024-08-16,7,7
Havale,2024-08-16,8,21
Havale,2024-08-16,9,24
Havale,2024-08-16,10,31
Havale,2024-08-16,11,27
Havale,2024-08-16,12,26
Havale,2024-08-16,13,3
Havale,2024-08-16,14,20
Havale,2024-08-16,15,19
Havale,2024-08-16,16,6
Havale,2024-08-16,17,14
Havale,2024-08-16,18,2
Havale,2024-08-16,19,20
Havale,2024-08-16,21,6
Havale,2024-08-16,22,1
Havale,2024-08-16,23,1
Havale,2024-08-19,2,4
Havale,2024-08-19,5,2
Havale,2024-08-19,6,2
Havale,2024-08-19,7,3
Havale,2024-08-19,8,18
Havale,2024-08-19,9,98
Havale,2024-08-19,10,92
Havale,2024-08-19,11,11
Havale,2024-08-19,12,4
Havale,2024-08-19,13,27
Havale,2024-08-19,14,106
Havale,2024-08-19,15,18
Havale,2024-08-19,16,7
Havale,2024-08-19,17,19
Havale,2024-08-19,19,2
Havale,2024-08-20,5,3
Havale,2024-08-20,7,6
Havale,2024-08-20,8,26
Havale,2024-08-20,9,48
Havale,2024-08-20,10,43
Havale,2024-08-20,11,10
Havale,2024-08-20,12,14
Havale,2024-08-20,13,9
Havale,2024-08-20,14,24
Havale,2024-08-20,15,41
Havale,2024-08-20,16,18
Havale,2024-08-20,17,6
Havale,2024-08-20,18,4
Havale,2024-08-20,20,11
Havale,2024-08-20,21,9
Havale,2024-08-20,23,3
Havale,2024-08-21,6,1
Havale,2024-08-21,7,13
Havale,2024-08-21,8,39
Havale,2024-08-21,9,29
Havale,2024-08-21,10,75
Havale,2024-08-21,11,18
Havale,2024-08-21,12,7
Havale,2024-08-21,14,48
Havale,2024-08-21,15,34
Havale,2024-08-21,16,29
Havale,2024-08-21,17,8
Havale,2024-08-21,18,5
Havale,2024-08-21,23,10
Havale,2024-08-22,2,17
Havale,2024-08-22,4,3
Havale,2024-08-22,5,3
Havale,2024-08-22,6,8
Havale,2024-08-22,7,3
Havale,2024-08-22,8,26
Havale,2024-08-22,9,142
Havale,2024-08-22,10,35
Havale,2024-08-22,11,37
Havale,2024-08-22,12,83
Havale,2024-08-22,13,4
Havale,2024-08-22,14,22
Havale,2024-08-22,15,40
Havale,2024-08-22,16,35
Havale,2024-08-22,17,32
Havale,2024-08-22,18,20
Havale,2024-08-22,19,3
Havale,2024-08-22,22,10
Havale,2024-08-23,0,3
Havale,2024-08-23,3,1
Havale,2024-08-23,5,21
Havale,2024-08-23,6,6
Havale,2024-08-23,7,10
Havale,2024-08-23,8,51
Havale,2024-08-23,9,31
Havale,2024-08-23,10,28
Havale,2024-08-23,11,15
Havale,2024-08-23,12,1
Havale,2024-08-23,13,22
Havale,2024-08-23,14,122
Havale,2024-08-23,15,10
Havale,2024-08-23,16,31
Havale,2024-08-23,17,27
Havale,2024-08-23,19,2
Havale,2024-08-23,22,1
Havale,2024-08-26,2,12
Havale,2024-08-26,6,8
Havale,2024-08-26,7,7
Havale,2024-08-26,8,44
Havale,2024-08-26,9,51
Havale,2024-08-26,10,99
Havale,2024-08-26,11,58
Havale,2024-08-26,12,32
Havale,2024-08-26,13,46
Havale,2024-08-26,14,52
Havale,2024-08-26,15,33
Havale,2024-08-26,16,23
Havale,2024-08-26,17,31
Havale,2024-08-26,18,11
Havale,2024-08-26,19,12
Havale,2024-08-26,22,3
Havale,2024-08-27,6,5
Havale,2024-08-27,7,13
Havale,2024-08-27,8,45
Havale,2024-08-27,9,45
Havale,2024-08-27,10,42
Havale,2024-08-27,11,37
Havale,2024-08-27,12,35
Havale,2024-08-27,13,55
Havale,2024-08-27,14,15
Havale,2024-08-27,15,20
Havale,2024-08-27,16,21
Havale,2024-08-27,17,12
Havale,2024-08-27,19,2
Havale,2024-08-28,2,1
Havale,2024-08-28,3,28
Havale,2024-08-28,6,1
Havale,2024-08-28,7,14
Havale,2024-08-28,8,38
Havale,2024-08-28,9,51
Havale,2024-08-28,10,40
Havale,2024-08-28,11,11
Havale,2024-08-28,12,21
Havale,2024-08-28,13,71
Havale,2024-08-28,14,11
Havale,2024-08-28,15,11
Havale,2024-08-28,16,9
Havale,2024-08-28,17,11
Havale,2024-08-28,18,1
Havale,2024-08-28,19,13
Havale,2024-08-29,0,8
Havale,2024-08-29,5,2
Havale,2024-08-29,6,5
Havale,2024-08-29,7,10
Havale,2024-08-29,8,26
Havale,2024-08-29,9,46
Havale,2024-08-29,10,17
Havale,2024-08-29,11,30
Havale,2024-08-29,12,11
Havale,2024-08-29,13,82
Havale,2024-08-29,14,119
Havale,2024-08-29,15,62
Havale,2024-08-29,16,48
Havale,2024-08-29,17,30
Havale,2024-08-29,18,4
Havale,2024-08-29,19,11
Havale,2024-08-29,21,3
Havale,2024-09-02,0,10
Havale,2024-09-02,1,1
Havale,2024-09-02,3,2
Havale,2024-09-02,7,45
Havale,2024-09-02,8,56
Havale,2024-09-02,9,27
Havale,2024-09-02,10,82
Havale,2024-09-02,11,20
Havale,2024-09-02,12,84
Havale,2024-09-02,13,73
Havale,2024-09-02,14,74
Havale,2024-09-02,15,107
Havale,2024-09-02,16,6
Havale,2024-09-02,17,15
Havale,2024-09-02,18,7
Havale,2024-09-02,19,14
Havale,2024-09-02,20,2
Havale,2024-09-02,21,1
Havale,2024-09-02,22,1
Havale,2024-09-02,23,1
Havale,2024-09-03,0,9
Havale,2024-09-03,2,2
Havale,2024-09-03,3,6
Havale,2024-09-03,4,19
Havale,2024-09-03,6,1
Havale,2024-09-03,7,22
Havale,2024-09-03,8,2
Havale,2024-09-03,9,4
Havale,2024-09-03,10,13
Havale,2024-09-03,11,23
Havale,2024-09-03,12,16
Havale,2024-09-03,13,2
Havale,2024-09-03,14,25
Havale,2024-09-03,15,22
Havale,2024-09-03,16,9
Havale,2024-09-03,17,25
Havale,2024-09-03,18,2
Havale,2024-09-03,19,12
Havale,2024-09-03,20,22
Havale,2024-09-03,22,1
Havale,2024-09-04,4,6
Havale,2024-09-04,6,12
Havale,2024-09-04,7,39
Havale,2024-09-04,8,31
Havale,2024-09-04,9,17
Havale,2024-09-04,10,37
Havale,2024-09-04,11,43
Havale,2024-09-04,12,26
Havale,2024-09-04,13,5
Havale,2024-09-04,14,10
Havale,2024-09-04,15,9
Havale,2024-09-04,16,19
Havale,2024-09-04,17,3
Havale,2024-09-04,18,10
Havale,2024-09-04,19,9
Havale,2024-09-04,20,1
Havale,2024-09-04,22,7
Havale,2024-09-05,3,3
Havale,2024-09-05,7,12
Havale,2024-09-05,8,50
Havale,2024-09-05,9,58
Havale,2024-09-05,10,21
Havale,2024-09-05,11,54
Havale,2024-09-05,12,15
Havale,2024-09-05,13,63
Havale,2024-09-05,14,36
Havale,2024-09-05,15,11
Havale,2024-09-05,16,56
Havale,2024-09-05,17,40
Havale,2024-09-05,18,1
Havale,2024-09-05,19,9
Havale,2024-09-05,22,11
Havale,2024-09-06,0,3
Havale,2024-09-06,3,2
Havale,2024-09-06,4,1
Havale,2024-09-06,5,5
Havale,2024-09-06,7,10
Havale,2024-09-06,8,37
Havale,2024-09-06,9,18
Havale,2024-09-06,10,28
Havale,2024-09-06,11,10
Havale,2024-09-06,12,7
Havale,2024-09-06,13,52
Havale,2024-09-06,14,45
Havale,2024-09-06,15,17
Havale,2024-09-06,16,13
Havale,2024-09-06,17,4
Havale,2024-09-06,18,7
Havale,2024-09-06,19,19
Havale,2024-09-09,2,14
Havale,2024-09-09,6,27
Havale,2024-09-09,7,9
Havale,2024-09-09,8,72
Havale,2024-09-09,9,39
Havale,2024-09-09,10,57
Havale,2024-09-09,11,19
Havale,2024-09-09,12,27
Havale,2024-09-09,13,6
Havale,2024-09-09,14,19
Havale,2024-09-09,15,5
Havale,2024-09-09,16,22
Havale,2024-09-09,17,17
Havale,2024-09-09,18,23
Havale,2024-09-10,2,6
Havale,2024-09-10,3,1
Havale,2024-09-10,6,9
Havale,2024-09-10,7,25
Havale,2024-09-10,8,20
Havale,2024-09-10,9,38
Havale,2024-09-10,10,37
Havale,2024-09-10,11,32
Havale,2024-09-10,12,19
Havale,2024-09-10,13,19
Havale,2024-09-10,14,14
Havale,2024-09-10,15,9
Havale,2024-09-10,16,32
Havale,2024-09-10,17,4
Havale,2024-09-10,18,1
Havale,2024-09-11,3,17
Havale,2024-09-11,6,7
Havale,2024-09-11,7,51
Havale,2024-09-11,8,22
Havale,2024-09-11,9,59
Havale,2024-09-11,10,46
Havale,2024-09-11,11,75
Havale,2024-09-11,12,3
Havale,2024-09-11,13,9
Havale,2024-09-11,14,98
Havale,2024-09-11,15,17
Havale,2024-09-11,16,20
Havale,2024-09-11,17,8
Havale,2024-09-11,18,11
Havale,2024-09-11,19,3
Havale,2024-09-11,23,1
Havale,2024-09-12,3,2
Havale,2024-09-12,6,10
Havale,2024-09-12,7,4
Havale,2024-09-12,8,18
Havale,2024-09-12,9,96
Havale,2024-09-12,10,5
Havale,2024-09-12,11,52
Havale,2024-09-12,12,13
Havale,2024-09-12,13,14
Havale,2024-09-12,14,17
Havale,2024-09-12,15,35
Havale,2024-09-12,16,34
Havale,2024-09-12,17,2
Havale,2024-09-12,18,3
Havale,2024-09-12,19,3
Havale,2024-09-12,20,1
Havale,2024-09-12,22,6
Havale,2024-09-13,0,2
Havale,2024-09-13,4,1
Havale,2024-09-13,6,1
Havale,2024-09-13,7,9
Havale,2024-09-13,8,27
Havale,2024-09-13,9,45
Havale,2024-09-13,10,17
Havale,2024-09-13,11,26
Havale,2024-09-13,12,9
Havale,2024-09-13,13,41
Havale,2024-09-13,14,43
Havale,2024-09-13,15,4
Havale,2024-09-13,16,35
Havale,2024-09-13,17,14
Havale,2024-09-13,18,6
Havale,2024-09-13,19,1
Havale,2024-09-13,21,3
Havale,2024-09-13,22,1
Havale,2024-09-16,2,11
Havale,2024-09-16,5,1
Havale,2024-09-16,6,1
Havale,2024-09-16,7,33
Havale,2024-09-16,8,51
Havale,2024-09-16,9,47
Havale,2024-09-16,10,64
Havale,2024-09-16,11,101
Havale,2024-09-16,12,18
Havale,2024-09-16,13,20
Havale,2024-09-16,14,47
Havale,2024-09-16,15,98
Havale,2024-09-16,16,18
Havale,2024-09-16,17,65
Havale,2024-09-16,18,32
Havale,2024-09-16,19,2
Havale,2024-09-16,23,1
Havale,2024-09-17,3,1
Havale,2024-09-17,4,1
Havale,2024-09-17,6,7
Havale,2024-09-17,7,13
Havale,2024-09-17,8,37
Havale,2024-09-17,9,24
Havale,2024-09-17,10,25
Havale,2024-09-17,11,45
Havale,2024-09-17,12,10
Havale,2024-09-17,13,58
Havale,2024-09-17,14,11
Havale,2024-09-17,15,1
Havale,2024-09-17,16,3
Havale,2024-09-17,17,9
Havale,2024-09-17,18,3
Havale,2024-09-18,0,4
Havale,2024-09-18,1,13
Havale,2024-09-18,2,4
Havale,2024-09-18,7,7
Havale,2024-09-18,8,38
Havale,2024-09-18,9,68
Havale,2024-09-18,10,31
Havale,2024-09-18,11,64
Havale,2024-09-18,12,7
Havale,2024-09-18,13,30
Havale,2024-09-18,14,2
Havale,2024-09-18,15,35
Havale,2024-09-18,16,37
Havale,2024-09-18,17,10
Havale,2024-09-18,18,3
Havale,2024-09-18,19,3
Havale,2024-09-18,21,1
Havale,2024-09-19,7,18
Havale,2024-09-19,8,26
Havale,2024-09-19,9,9
Havale,2024-09-19,10,76
Havale,2024-09-19,11,77
Havale,2024-09-19,12,15
Havale,2024-09-19,13,40
Havale,2024-09-19,14,27
Havale,2024-09-19,15,5
Havale,2024-09-19,16,66
Havale,2024-09-19,18,1
Havale,2024-09-19,20,1
Havale,2024-09-19,21,1
Havale,2024-09-19,22,7
Havale,2024-09-19,23,1
Havale,2024-09-20,7,19
Havale,2024-09-20,8,52
Havale,2024-09-20,9,25
Havale,2024-09-20,10,24
Havale,2024-09-20,11,21
Havale,2024-09-20,12,10
Havale,2024-09-20,13,56
Havale,2024-09-20,14,7
Havale,2024-09-20,15,56
Havale,2024-09-20,16,26
Havale,2024-09-20,17,7
Havale,2024-09-20,18,6
Havale,2024-09-20,19,1
Havale,2024-09-20,21,6
Havale,2024-09-23,2,4
Havale,2024-09-23,3,2
Havale,2024-09-23,4,1
Havale,2024-09-23,6,3
Havale,2024-09-23,7,14
Havale,2024-09-23,8,24
Havale,2024-09-23,9,14
Havale,2024-09-23,10,96
Havale,2024-09-23,11,42
Havale,2024-09-23,12,39
Havale,2024-09-23,13,40
Havale,2024-09-23,14,26
Havale,2024-09-23,15,54
Havale,2024-09-23,16,25
Havale,2024-09-23,17,8
Havale,2024-09-23,18,11
Havale,2024-09-23,19,41
Havale,2024-09-24,2,1
Havale,2024-09-24,5,52
Havale,2024-09-24,6,5
Havale,2024-09-24,7,8
Havale,2024-09-24,8,90
Havale,2024-09-24,9,58
Havale,2024-09-24,10,52
Havale,2024-09-24,11,26
Havale,2024-09-24,12,4
Havale,2024-09-24,13,50
Havale,2024-09-24,14,25
Havale,2024-09-24,15,56
Havale,2024-09-24,16,42
Havale,2024-09-24,17,18
Havale,2024-09-24,18,2
Havale,2024-09-24,19,1
Havale,2024-09-25,1,4
Havale,2024-09-25,3,5
Havale,2024-09-25,5,52
Havale,2024-09-25,6,8
Havale,2024-09-25,7,2
Havale,2024-09-25,8,32
Havale,2024-09-25,9,100
Havale,2024-09-25,10,41
Havale,2024-09-25,11,24
Havale,2024-09-25,12,51
Havale,2024-09-25,13,20
Havale,2024-09-25,14,137
Havale,2024-09-25,15,53
Havale,2024-09-25,16,18
Havale,2024-09-25,17,35
Havale,2024-09-25,18,5
Havale,2024-09-25,19,13
Havale,2024-09-25,21,3
Havale,2024-09-26,7,18
Havale,2024-09-26,8,105
Havale,2024-09-26,9,48
Havale,2024-09-26,10,41
Havale,2024-09-26,11,29
Havale,2024-09-26,12,12
Havale,2024-09-26,13,84
Havale,2024-09-26,14,22
Havale,2024-09-26,15,40
Havale,2024-09-26,16,13
Havale,2024-09-26,17,12
Havale,2024-09-26,18,19
Havale,2024-09-26,19,19
Havale,2024-09-26,21,27
Havale,2024-09-27,6,5
Havale,2024-09-27,7,14
Havale,2024-09-27,8,18
Havale,2024-09-27,9,33
Havale,2024-09-27,10,50
Havale,2024-09-27,11,40
Havale,2024-09-27,12,9
Havale,2024-09-27,13,31
Havale,2024-09-27,14,2
Havale,2024-09-27,15,12
Havale,2024-09-27,16,7
Havale,2024-09-27,17,5
Havale,2024-09-27,18,11
Havale,2024-09-27,19,26
Havale,2024-09-27,20,1
Havale,2024-09-27,21,2
Havale,2024-09-30,1,3
Havale,2024-09-30,6,18
Havale,2024-09-30,7,43
Havale,2024-09-30,8,61
Havale,2024-09-30,9,45
Havale,2024-09-30,10,99
Havale,2024-09-30,11,42
Havale,2024-09-30,12,75
Havale,2024-09-30,13,19
Havale,2024-09-30,14,9
Havale,2024-09-30,15,62
Havale,2024-09-30,16,92
Havale,2024-09-30,17,29
Havale,2024-09-30,18,46
Havale,2024-09-30,19,1
Havale,2024-09-30,20,2
Havale,2024-09-30,22,3
Havale,2024-10-01,0,5
Havale,2024-10-01,1,1
Havale,2024-10-01,6,1
Havale,2024-10-01,7,7
Havale,2024-10-01,8,22
Havale,2024-10-01,9,98
Havale,2024-10-01,10,22
Havale,2024-10-01,11,122
Havale,2024-10-01,12,24
Havale,2024-10-01,13,55
Havale,2024-10-01,14,54
Havale,2024-10-01,15,124
Havale,2024-10-01,16,12
Havale,2024-10-01,17,32
Havale,2024-10-01,18,3
Havale,2024-10-01,19,6
Havale,2024-10-01,20,2
Havale,2024-10-01,22,1
Havale,2024-10-02,5,3
Havale,2024-10-02,6,14
Havale,2024-10-02,7,21
Havale,2024-10-02,8,63
Havale,2024-10-02,9,28
Havale,2024-10-02,10,44
Havale,2024-10-02,11,35
Havale,2024-10-02,12,8
Havale,2024-10-02,13,31
Havale,2024-10-02,14,27
Havale,2024-10-02,15,32
Havale,2024-10-02,16,17
Havale,2024-10-02,17,55
Havale,2024-10-02,19,8
Havale,2024-10-02,20,7
Havale,2024-10-03,0,1
Havale,2024-10-03,6,20
Havale,2024-10-03,7,17
Havale,2024-10-03,8,52
Havale,2024-10-03,9,55
Havale,2024-10-03,10,24
Havale,2024-10-03,11,29
Havale,2024-10-03,12,35
Havale,2024-10-03,13,72
Havale,2024-10-03,14,46
Havale,2024-10-03,15,24
Havale,2024-10-03,16,5
Havale,2024-10-03,17,5
Havale,2024-10-03,18,6
Havale,2024-10-04,0,1
Havale,2024-10-04,3,5
Havale,2024-10-04,4,5
Havale,2024-10-04,6,12
Havale,2024-10-04,7,7
Havale,2024-10-04,8,14
Havale,2024-10-04,9,29
Havale,2024-10-04,10,44
Havale,2024-10-04,11,25
Havale,2024-10-04,12,17
Havale,2024-10-04,13,40
Havale,2024-10-04,14,43
Havale,2024-10-04,15,33
Havale,2024-10-04,16,46
Havale,2024-10-04,17,14
Havale,2024-10-04,18,22
Havale,2024-10-04,19,38
Havale,2024-10-04,22,2
Havale,2024-10-07,1,4
Havale,2024-10-07,7,20
Havale,2024-10-07,8,52
Havale,2024-10-07,9,53
Havale,2024-10-07,10,17
Havale,2024-10-07,11,25
Havale,2024-10-07,12,44
Havale,2024-10-07,13,69
Havale,2024-10-07,14,35
Havale,2024-10-07,15,90
Havale,2024-10-07,16,43
Havale,2024-10-07,17,31
Havale,2024-10-07,18,10
Havale,2024-10-07,19,3
Havale,2024-10-08,0,15
Havale,2024-10-08,2,1
Havale,2024-10-08,3,1
Havale,2024-10-08,6,8
Havale,2024-10-08,7,26
Havale,2024-10-08,8,52
Havale,2024-10-08,9,45
Havale,2024-10-08,10,42
Havale,2024-10-08,11,20
Havale,2024-10-08,12,11
Havale,2024-10-08,13,3
Havale,2024-10-08,14,12
Havale,2024-10-08,15,9
Havale,2024-10-08,16,3
Havale,2024-10-08,17,8
Havale,2024-10-08,18,27
Havale,2024-10-08,19,5
Havale,2024-10-09,0,1
Havale,2024-10-09,6,9
Havale,2024-10-09,7,28
Havale,2024-10-09,8,48
Havale,2024-10-09,9,30
Havale,2024-10-09,10,41
Havale,2024-10-09,11,56
Havale,2024-10-09,12,12
Havale,2024-10-09,13,2
Havale,2024-10-09,14,39
Havale,2024-10-09,15,40
Havale,2024-10-09,16,13
Havale,2024-10-09,17,2
Havale,2024-10-09,18,19
Havale,2024-10-10,6,13
Havale,2024-10-10,7,15
Havale,2024-10-10,8,7
Havale,2024-10-10,9,1
Havale,2024-10-10,10,42
Havale,2024-10-10,11,2
Havale,2024-10-10,12,31
Havale,2024-10-10,13,52
Havale,2024-10-10,14,55
Havale,2024-10-10,15,8
Havale,2024-10-10,16,23
Havale,2024-10-10,17,20
Havale,2024-10-10,18,21
Havale,2024-10-10,19,2
Havale,2024-10-10,20,1
Havale,2024-10-10,23,6
Havale,2024-10-11,0,5
Havale,2024-10-11,6,3
Havale,2024-10-11,7,33
Havale,2024-10-11,8,32
Havale,2024-10-11,9,58
Havale,2024-10-11,10,52
Havale,2024-10-11,11,17
Havale,2024-10-11,12,5
Havale,2024-10-11,13,10
Havale,2024-10-11,14,6
Havale,2024-10-11,15,5
Havale,2024-10-11,16,24
Havale,2024-10-11,17,23
Havale,2024-10-11,18,46
Havale,2024-10-11,19,2
Havale,2024-10-14,3,3
Havale,2024-10-14,4,30
Havale,2024-10-14,6,5
Havale,2024-10-14,7,8
Havale,2024-10-14,8,33
Havale,2024-10-14,9,23
Havale,2024-10-14,10,43
Havale,2024-10-14,11,30
Havale,2024-10-14,12,50
Havale,2024-10-14,13,29
Havale,2024-10-14,14,20
Havale,2024-10-14,15,19
Havale,2024-10-14,16,47
Havale,2024-10-14,17,37
Havale,2024-10-14,18,42
Havale,2024-10-14,19,4
Havale,2024-10-15,6,3
Havale,2024-10-15,7,19
Havale,2024-10-15,8,52
Havale,2024-10-15,9,22
Havale,2024-10-15,10,63
Havale,2024-10-15,11,5
Havale,2024-10-15,12,22
Havale,2024-10-15,13,7
Havale,2024-10-15,14,14
Havale,2024-10-15,15,22
Havale,2024-10-15,16,17
Havale,2024-10-15,17,4
Havale,2024-10-15,18,15
Havale,2024-10-15,20,11
Havale,2024-10-16,2,16
Havale,2024-10-16,4,1
Havale,2024-10-16,6,7
Havale,2024-10-16,7,3
Havale,2024-10-16,8,24
Havale,2024-10-16,9,12
Havale,2024-10-16,10,16
Havale,2024-10-16,11,58
Havale,2024-10-16,12,30
Havale,2024-10-16,13,51
Havale,2024-10-16,14,24
Havale,2024-10-16,15,50
Havale,2024-10-16,16,28
Havale,2024-10-16,17,1
Havale,2024-10-16,18,17
Havale,2024-10-16,19,17
Havale,2024-10-16,22,17
Havale,2024-10-17,1,11
Havale,2024-10-17,4,2
Havale,2024-10-17,6,28
Havale,2024-10-17,7,7
Havale,2024-10-17,8,35
Havale,2024-10-17,9,35
Havale,2024-10-17,10,74
Havale,2024-10-17,11,12
Havale,2024-10-17,12,29
Havale,2024-10-17,13,47
Havale,2024-10-17,14,37
Havale,2024-10-17,15,49
Havale,2024-10-17,16,11
Havale,2024-10-17,17,63
Havale,2024-10-17,23,3
Havale,2024-10-18,4,3
Havale,2024-10-18,7,6
Havale,2024-10-18,8,54
Havale,2024-10-18,9,50
Havale,2024-10-18,10,44
Havale,2024-10-18,11,102
Havale,2024-10-18,12,23
Havale,2024-10-18,13,12
Havale,2024-10-18,14,45
Havale,2024-10-18,15,41
Havale,2024-10-18,16,22
Havale,2024-10-18,17,6
Havale,2024-10-18,18,3
Havale,2024-10-18,19,1
Havale,2024-10-21,2,1
Havale,2024-10-21,3,1
Havale,2024-10-21,7,13
Havale,2024-10-21,8,45
Havale,2024-10-21,9,16
Havale,2024-10-21,10,43
Havale,2024-10-21,11,61
Havale,2024-10-21,12,10
Havale,2024-10-21,13,11
Havale,2024-10-21,14,27
Havale,2024-10-21,15,25
Havale,2024-10-21,16,13
Havale,2024-10-21,17,21
Havale,2024-10-21,18,5
Havale,2024-10-21,19,2
Havale,2024-10-21,22,8
Havale,2024-10-21,23,1
Havale,2024-10-22,5,3
Havale,2024-10-22,7,13
Havale,2024-10-22,8,48
Havale,2024-10-22,9,38
Havale,2024-10-22,10,27
Havale,2024-10-22,11,8
Havale,2024-10-22,12,105
Havale,2024-10-22,13,15
Havale,2024-10-22,14,34
Havale,2024-10-22,15,10
Havale,2024-10-22,16,26
Havale,2024-10-22,17,22
Havale,2024-10-22,20,1
Havale,2024-10-22,21,17
Havale,2024-10-23,2,1
Havale,2024-10-23,6,2
Havale,2024-10-23,7,1
Havale,2024-10-23,8,16
Havale,2024-10-23,9,33
Havale,2024-10-23,10,25
Havale,2024-10-23,11,45
Havale,2024-10-23,12,19
Havale,2024-10-23,13,7
Havale,2024-10-23,14,20
Havale,2024-10-23,15,52
Havale,2024-10-23,16,81
Havale,2024-10-23,17,9
Havale,2024-10-23,18,76
Havale,2024-10-23,19,3
Havale,2024-10-24,0,17
Havale,2024-10-24,5,1
Havale,2024-10-24,6,5
Havale,2024-10-24,7,4
Havale,2024-10-24,8,48
Havale,2024-10-24,9,88
Havale,2024-10-24,10,26
Havale,2024-10-24,11,51
Havale,2024-10-24,12,41
Havale,2024-10-24,13,15
Havale,2024-10-24,14,21
Havale,2024-10-24,15,8
Havale,2024-10-24,16,16
Havale,2024-10-24,17,77
Havale,2024-10-24,18,19
Havale,2024-10-24,19,2
Havale,2024-10-24,20,2
Havale,2024-10-24,23,1
Havale,2024-10-25,7,5
Havale,2024-10-25,8,20
Havale,2024-10-25,9,12
Havale,2024-10-25,10,20
Havale,2024-10-25,11,27
Havale,2024-10-25,12,14
Havale,2024-10-25,13,10
Havale,2024-10-25,14,10
Havale,2024-10-25,15,9
Havale,2024-10-25,16,3
Havale,2024-10-25,17,5
Havale,2024-10-25,18,4
Havale,2024-10-25,19,21
Havale,2024-10-25,20,13
Havale,2024-10-25,22,3
Havale,2024-10-25,23,2
Havale,2024-10-28,7,14
Havale,2024-10-28,8,59
Havale,2024-10-28,9,23
Havale,2024-10-28,10,40
Havale,2024-10-28,11,39
Havale,2024-10-28,12,26
Havale,2024-10-28,13,46
Havale,2024-10-28,14,22
Havale,2024-10-28,15,74
Havale,2024-10-28,16,20
Havale,2024-10-28,17,69
Havale,2024-10-28,18,38
Havale,2024-10-28,19,4
Havale,2024-10-30,4,16
Havale,2024-10-30,5,1
Havale,2024-10-30,6,5
Havale,2024-10-30,7,15
Havale,2024-10-30,8,76
Havale,2024-10-30,9,52
Havale,2024-10-30,10,37
Havale,2024-10-30,11,12
Havale,2024-10-30,12,12
Havale,2024-10-30,13,41
Havale,2024-10-30,14,18
Havale,2024-10-30,15,31
Havale,2024-10-30,16,16
Havale,2024-10-30,17,1
Havale,2024-10-30,18,2
Havale,2024-10-30,19,4
Havale,2024-10-30,21,6
Havale,2024-10-31,5,3
Havale,2024-10-31,7,19
Havale,2024-10-31,8,98
Havale,2024-10-31,9,53
Havale,2024-10-31,10,62
Havale,2024-10-31,11,43
Havale,2024-10-31,12,5
Havale,2024-10-31,13,41
Havale,2024-10-31,14,10
Havale,2024-10-31,15,15
Havale,2024-10-31,16,39
Havale,2024-10-31,17,18
Havale,2024-10-31,18,12
Havale,2024-10-31,21,28
Havale,2024-11-01,0,1
Havale,2024-11-01,1,2
Havale,2024-11-01,6,9
Havale,2024-11-01,7,109
Havale,2024-11-01,8,4
Havale,2024-11-01,9,48
Havale,2024-11-01,10,43
Havale,2024-11-01,11,68
Havale,2024-11-01,12,47
Havale,2024-11-01,13,11
Havale,2024-11-01,14,11
Havale,2024-11-01,15,38
Havale,2024-11-01,16,29
Havale,2024-11-01,17,12
Havale,2024-11-04,8,18
Havale,2024-11-04,9,157
Havale,2024-11-04,10,92
Havale,2024-11-04,11,74
Havale,2024-11-04,12,24
Havale,2024-11-04,13,56
Havale,2024-11-04,14,22
Havale,2024-11-04,15,31
Havale,2024-11-04,16,71
Havale,2024-11-04,17,3
Havale,2024-11-04,18,4
Havale,2024-11-04,19,9
Havale,2024-11-04,23,29
Havale,2024-11-05,4,14
Havale,2024-11-05,5,1
Havale,2024-11-05,7,6
Havale,2024-11-05,8,27
Havale,2024-11-05,9,71
Havale,2024-11-05,10,42
Havale,2024-11-05,11,63
Havale,2024-11-05,12,10
Havale,2024-11-05,13,37
Havale,2024-11-05,14,53
Havale,2024-11-05,15,16
Havale,2024-11-05,16,10
Havale,2024-11-05,17,10
Havale,2024-11-05,18,11
Havale,2024-11-06,2,2
Havale,2024-11-06,6,13
Havale,2024-11-06,7,3
Havale,2024-11-06,8,56
Havale,2024-11-06,9,12
Havale,2024-11-06,10,52
Havale,2024-11-06,11,12
Havale,2024-11-06,12,49
Havale,2024-11-06,13,25
Havale,2024-11-06,14,52
Havale,2024-11-06,15,21
Havale,2024-11-06,16,18
Havale,2024-11-06,18,105
Havale,2024-11-06,21,3
Havale,2024-11-07,7,1
Havale,2024-11-07,8,51
Havale,2024-11-07,9,11
Havale,2024-11-07,10,91
Havale,2024-11-07,11,57
Havale,2024-11-07,12,2
Havale,2024-11-07,13,42
Havale,2024-11-07,14,16
Havale,2024-11-07,15,31
Havale,2024-11-07,16,26
Havale,2024-11-07,17,8
Havale,2024-11-07,19,16
Havale,2024-11-08,1,6
Havale,2024-11-08,6,13
Havale,2024-11-08,8,15
Havale,2024-11-08,9,18
Havale,2024-11-08,10,38
Havale,2024-11-08,11,83
Havale,2024-11-08,12,3
Havale,2024-11-08,13,39
Havale,2024-11-08,14,15
Havale,2024-11-08,15,5
Havale,2024-11-08,16,16
Havale,2024-11-08,17,12
Havale,2024-11-08,18,16
Havale,2024-11-08,19,4
Havale,2024-11-11,0,28
Havale,2024-11-11,3,1
Havale,2024-11-11,5,1
Havale,2024-11-11,6,2
Havale,2024-11-11,7,13
Havale,2024-11-11,8,115
Havale,2024-11-11,9,52
Havale,2024-11-11,10,84
Havale,2024-11-11,11,15
Havale,2024-11-11,12,22
Havale,2024-11-11,13,19
Havale,2024-11-11,14,53
Havale,2024-11-11,15,5
Havale,2024-11-11,16,42
Havale,2024-11-11,17,27
Havale,2024-11-11,18,17
Havale,2024-11-11,19,63
Havale,2024-11-11,23,36
Havale,2024-11-12,6,28
Havale,2024-11-12,7,11
Havale,2024-11-12,8,33
Havale,2024-11-12,9,7
Havale,2024-11-12,10,55
Havale,2024-11-12,11,11
Havale,2024-11-12,12,44
Havale,2024-11-12,13,27
Havale,2024-11-12,14,3
Havale,2024-11-12,15,39
Havale,2024-11-12,16,15
Havale,2024-11-12,17,16
Havale,2024-11-12,18,6
Havale,2024-11-12,19,4
Havale,2024-11-12,23,3
Havale,2024-11-13,1,4
Havale,2024-11-13,5,5
Havale,2024-11-13,7,3
Havale,2024-11-13,8,16
Havale,2024-11-13,9,74
Havale,2024-11-13,10,84
Havale,2024-11-13,11,7
Havale,2024-11-13,12,2
Havale,2024-11-13,13,17
Havale,2024-11-13,14,9
Havale,2024-11-13,15,28
Havale,2024-11-13,16,33
Havale,2024-11-13,17,3
Havale,2024-11-13,18,14
Havale,2024-11-13,19,15
Havale,2024-11-13,20,19
Havale,2024-11-13,22,4
Havale,2024-11-14,4,15
Havale,2024-11-14,6,22
Havale,2024-11-14,7,38
Havale,2024-11-14,8,74
Havale,2024-11-14,9,33
Havale,2024-11-14,10,19
Havale,2024-11-14,11,33
Havale,2024-11-14,12,9
Havale,2024-11-14,13,20
Havale,2024-11-14,14,25
Havale,2024-11-14,15,21
Havale,2024-11-14,16,5
Havale,2024-11-14,17,6
Havale,2024-11-14,18,14
Havale,2024-11-15,2,4
Havale,2024-11-15,6,25
Havale,2024-11-15,7,17
Havale,2024-11-15,8,61
Havale,2024-11-15,9,75
Havale,2024-11-15,10,23
Havale,2024-11-15,11,4
Havale,2024-11-15,12,70
Havale,2024-11-15,13,58
Havale,2024-11-15,14,29
Havale,2024-11-15,15,30
Havale,2024-11-15,16,23
Havale,2024-11-15,17,59
Havale,2024-11-15,18,7
Havale,2024-11-15,19,24
Havale,2024-11-15,22,4
Havale,2024-11-18,6,4
Havale,2024-11-18,7,7
Havale,2024-11-18,8,29
Havale,2024-11-18,9,35
Havale,2024-11-18,10,12
Havale,2024-11-18,11,32
Havale,2024-11-18,12,43
Havale,2024-11-18,13,18
Havale,2024-11-18,14,15
Havale,2024-11-18,15,6
Havale,2024-11-18,16,18
Havale,2024-11-18,17,28
Havale,2024-11-18,18,10
Havale,2024-11-18,19,29
Havale,2024-11-18,21,2
Havale,2024-11-19,4,7
Havale,2024-11-19,6,14
Havale,2024-11-19,7,40
Havale,2024-11-19,8,18
Havale,2024-11-19,9,82
Havale,2024-11-19,10,58
Havale,2024-11-19,11,35
Havale,2024-11-19,12,19
Havale,2024-11-19,13,42
Havale,2024-11-19,14,47
Havale,2024-11-19,15,11
Havale,2024-11-19,16,1
Havale,2024-11-19,17,14
Havale,2024-11-19,19,11
Havale,2024-11-19,23,11
Havale,2024-11-20,0,28
Havale,2024-11-20,1,1
Havale,2024-11-20,5,2
Havale,2024-11-20,6,17
Havale,2024-11-20,7,10
Havale,2024-11-20,8,32
Havale,2024-11-20,9,37
Havale,2024-11-20,10,28
Havale,2024-11-20,11,105
Havale,2024-11-20,12,46
Havale,2024-11-20,13,10
Havale,2024-11-20,14,3
Havale,2024-11-20,15,32
Havale,2024-11-20,16,46
Havale,2024-11-20,17,3
Havale,2024-11-20,18,48
Havale,2024-11-20,19,19
Havale,2024-11-20,23,1
Havale,2024-11-21,7,14
Havale,2024-11-21,8,18
Havale,2024-11-21,9,88
Havale,2024-11-21,10,34
Havale,2024-11-21,11,10
Havale,2024-11-21,12,33
Havale,2024-11-21,13,34
Havale,2024-11-21,14,40
Havale,2024-11-21,15,30
Havale,2024-11-21,16,22
Havale,2024-11-21,17,4
Havale,2024-11-21,18,42
Havale,2024-11-21,19,6
Havale,2024-11-21,23,7
Havale,2024-11-22,4,3
Havale,2024-11-22,5,6
Havale,2024-11-22,7,8
Havale,2024-11-22,8,16
Havale,2024-11-22,9,57
Havale,2024-11-22,10,32
Havale,2024-11-22,11,28
Havale,2024-11-22,12,14
Havale,2024-11-22,13,5
Havale,2024-11-22,14,40
Havale,2024-11-22,15,51
Havale,2024-11-22,16,33
Havale,2024-11-22,17,6
Havale,2024-11-22,18,22
Havale,2024-11-22,19,18
Havale,2024-11-25,3,95
Havale,2024-11-25,5,2
Havale,2024-11-25,6,2
Havale,2024-11-25,7,48
Havale,2024-11-25,8,47
Havale,2024-11-25,9,113
Havale,2024-11-25,10,25
Havale,2024-11-25,11,77
Havale,2024-11-25,12,55
Havale,2024-11-25,13,77
Havale,2024-11-25,14,28
Havale,2024-11-25,15,44
Havale,2024-11-25,16,25
Havale,2024-11-25,17,10
Havale,2024-11-25,18,11
Havale,2024-11-26,1,13
Havale,2024-11-26,5,1
Havale,2024-11-26,6,12
Havale,2024-11-26,7,11
Havale,2024-11-26,8,29
Havale,2024-11-26,9,86
Havale,2024-11-26,10,76
Havale,2024-11-26,11,18
Havale,2024-11-26,12,5
Havale,2024-11-26,13,8
Havale,2024-11-26,14,33
Havale,2024-11-26,15,50
Havale,2024-11-26,16,30
Havale,2024-11-26,17,27
Havale,2024-11-26,18,10
Havale,2024-11-26,19,8
Havale,2024-11-26,22,1
Havale,2024-11-27,4,1
Havale,2024-11-27,6,17
Havale,2024-11-27,7,2
Havale,2024-11-27,8,21
Havale,2024-11-27,9,44
Havale,2024-11-27,10,80
Havale,2024-11-27,11,32
Havale,2024-11-27,12,6
Havale,2024-11-27,13,21
Havale,2024-11-27,14,15
Havale,2024-11-27,15,63
Havale,2024-11-27,16,21
Havale,2024-11-27,17,2
Havale,2024-11-27,18,5
Havale,2024-11-27,22,6
Havale,2024-11-28,1,4
Havale,2024-11-28,5,1
Havale,2024-11-28,7,1
Havale,2024-11-28,8,25
Havale,2024-11-28,9,12
Havale,2024-11-28,10,24
Havale,2024-11-28,11,116
Havale,2024-11-28,12,11
Havale,2024-11-28,13,15
Havale,2024-11-28,14,8
Havale,2024-11-28,15,65
Havale,2024-11-28,16,48
Havale,2024-11-28,18,4
Havale,2024-11-28,19,2
Havale,2024-11-28,23,1
Havale,2024-11-29,0,1
Havale,2024-11-29,6,10
Havale,2024-11-29,7,7
Havale,2024-11-29,8,7
Havale,2024-11-29,9,61
Havale,2024-11-29,10,62
Havale,2024-11-29,11,34
Havale,2024-11-29,12,1
Havale,2024-11-29,13,31
Havale,2024-11-29,14,15
Havale,2024-11-29,15,24
Havale,2024-11-29,16,11
Havale,2024-11-29,17,23
Havale,2024-11-29,18,1
Havale,2024-11-29,19,17
Havale,2024-11-29,23,10
Havale,2024-12-02,4,1
Havale,2024-12-02,6,46
Havale,2024-12-02,7,20
Havale,2024-12-02,8,45
Havale,2024-12-02,9,113
Havale,2024-12-02,10,81
Havale,2024-12-02,11,42
Havale,2024-12-02,12,51
Havale,2024-12-02,13,10
Havale,2024-12-02,14,31
Havale,2024-12-02,15,12
Havale,2024-12-02,16,9
Havale,2024-12-02,17,1
Havale,2024-12-02,18,12
Havale,2024-12-02,19,30
Havale,2024-12-02,20,1
Havale,2024-12-02,21,3
Havale,2024-12-02,23,2
Havale,2024-12-03,0,2
Havale,2024-12-03,1,1
Havale,2024-12-03,2,1
Havale,2024-12-03,5,6
Havale,2024-12-03,6,10
Havale,2024-12-03,7,28
Havale,2024-12-03,8,29
Havale,2024-12-03,9,22
Havale,2024-12-03,10,18
Havale,2024-12-03,11,31
Havale,2024-12-03,12,11
Havale,2024-12-03,13,44
Havale,2024-12-03,14,25
Havale,2024-12-03,15,87
Havale,2024-12-03,16,14
Havale,2024-12-03,17,15
Havale,2024-12-03,18,55
Havale,2024-12-03,19,21
Havale,2024-12-03,20,1
Havale,2024-12-03,23,1
Havale,2024-12-04,1,2
Havale,2024-12-04,3,2
Havale,2024-12-04,7,12
Havale,2024-12-04,8,39
Havale,2024-12-04,9,77
Havale,2024-12-04,10,51
Havale,2024-12-04,11,28
Havale,2024-12-04,12,44
Havale,2024-12-04,13,21
Havale,2024-12-04,14,39
Havale,2024-12-04,15,6
Havale,2024-12-04,16,5
Havale,2024-12-04,17,2
Havale,2024-12-04,18,11
Havale,2024-12-04,19,15
Havale,2024-12-04,20,5
Havale,2024-12-04,23,16
Havale,2024-12-05,1,1
Havale,2024-12-05,2,2
Havale,2024-12-05,5,3
Havale,2024-12-05,6,2
Havale,2024-12-05,7,29
Havale,2024-12-05,8,58
Havale,2024-12-05,9,42
Havale,2024-12-05,10,100
Havale,2024-12-05,11,53
Havale,2024-12-05,12,62
Havale,2024-12-05,13,38
Havale,2024-12-05,14,61
Havale,2024-12-05,15,43
Havale,2024-12-05,16,2
Havale,2024-12-05,17,15
Havale,2024-12-05,18,8
Havale,2024-12-05,23,5
Havale,2024-12-06,2,1
Havale,2024-12-06,5,5
Havale,2024-12-06,6,2
Havale,2024-12-06,7,25
Havale,2024-12-06,8,19
Havale,2024-12-06,9,32
Havale,2024-12-06,10,13
Havale,2024-12-06,11,31
Havale,2024-12-06,12,26
Havale,2024-12-06,13,5
Havale,2024-12-06,14,16
Havale,2024-12-06,15,69
Havale,2024-12-06,16,7
Havale,2024-12-06,17,6
Havale,2024-12-06,18,24
Havale,2024-12-06,23,1
Havale,2024-12-09,2,3
Havale,2024-12-09,6,9
Havale,2024-12-09,7,18
Havale,2024-12-09,8,14
Havale,2024-12-09,9,25
Havale,2024-12-09,10,54
Havale,2024-12-09,11,39
Havale,2024-12-09,12,21
Havale,2024-12-09,13,115
Havale,2024-12-09,14,33
Havale,2024-12-09,15,26
Havale,2024-12-09,16,5
Havale,2024-12-09,17,6
Havale,2024-12-09,18,39
Havale,2024-12-09,19,5
Havale,2024-12-09,23,3
Havale,2024-12-10,4,8
Havale,2024-12-10,6,3
Havale,2024-12-10,7,89
Havale,2024-12-10,8,33
Havale,2024-12-10,9,29
Havale,2024-12-10,10,37
Havale,2024-12-10,11,43
Havale,2024-12-10,12,48
Havale,2024-12-10,13,14
Havale,2024-12-10,14,72
Havale,2024-12-10,15,23
Havale,2024-12-10,16,10
Havale,2024-12-10,17,22
Havale,2024-12-10,18,43
Havale,2024-12-10,19,1
Havale,2024-12-11,7,9
Havale,2024-12-11,8,9
Havale,2024-12-11,9,20
Havale,2024-12-11,10,45
Havale,2024-12-11,11,36
Havale,2024-12-11,12,17
Havale,2024-12-11,13,17
Havale,2024-12-11,14,64
Havale,2024-12-11,15,42
Havale,2024-12-11,16,9
Havale,2024-12-11,17,35
Havale,2024-12-11,18,11
Havale,2024-12-11,19,3
Havale,2024-12-12,2,5
Havale,2024-12-12,7,14
Havale,2024-12-12,8,53
Havale,2024-12-12,9,22
Havale,2024-12-12,10,31
Havale,2024-12-12,11,45
Havale,2024-12-12,12,18
Havale,2024-12-12,13,31
Havale,2024-12-12,14,14
Havale,2024-12-12,15,16
Havale,2024-12-12,16,16
Havale,2024-12-12,17,7
Havale,2024-12-12,18,46
Havale,2024-12-12,19,8
Havale,2024-12-12,21,1
Havale,2024-12-12,22,7
Havale,2024-12-13,3,6
Havale,2024-12-13,4,6
Havale,2024-12-13,5,4
Havale,2024-12-13,6,12
Havale,2024-12-13,7,43
Havale,2024-12-13,8,11
Havale,2024-12-13,9,42
Havale,2024-12-13,10,21
Havale,2024-12-13,11,81
Havale,2024-12-13,12,20
Havale,2024-12-13,13,36
Havale,2024-12-13,14,23
Havale,2024-12-13,15,28
Havale,2024-12-13,16,5
Havale,2024-12-13,17,6
Havale,2024-12-13,18,28
Havale,2024-12-13,19,19
Havale,2024-12-16,6,66
Havale,2024-12-16,7,23
Havale,2024-12-16,8,119
Havale,2024-12-16,9,35
Havale,2024-12-16,10,50
Havale,2024-12-16,11,61
Havale,2024-12-16,12,64
Havale,2024-12-16,13,88
Havale,2024-12-16,14,6
Havale,2024-12-16,15,23
Havale,2024-12-16,16,38
Havale,2024-12-16,17,19
Havale,2024-12-16,18,30
Havale,2024-12-16,19,1
Havale,2024-12-16,21,8
Havale,2024-12-16,23,1
Havale,2024-12-17,6,14
Havale,2024-12-17,7,1
Havale,2024-12-17,8,66
Havale,2024-12-17,9,56
Havale,2024-12-17,10,54
Havale,2024-12-17,11,45
Havale,2024-12-17,12,35
Havale,2024-12-17,13,10
Havale,2024-12-17,14,53
Havale,2024-12-17,15,40
Havale,2024-12-17,16,33
Havale,2024-12-17,17,2
Havale,2024-12-17,18,17
Havale,2024-12-17,19,20
Havale,2024-12-17,23,2
Havale,2024-12-18,1,4
Havale,2024-12-18,3,4
Havale,2024-12-18,6,10
Havale,2024-12-18,7,3
Havale,2024-12-18,8,16
Havale,2024-12-18,9,40
Havale,2024-12-18,10,57
Havale,2024-12-18,11,36
Havale,2024-12-18,12,9
Havale,2024-12-18,13,16
Havale,2024-12-18,14,35
Havale,2024-12-18,15,11
Havale,2024-12-18,16,44
Havale,2024-12-18,17,12
Havale,2024-12-18,18,20
Havale,2024-12-19,6,2
Havale,2024-12-19,7,18
Havale,2024-12-19,8,27
Havale,2024-12-19,9,47
Havale,2024-12-19,10,52
Havale,2024-12-19,11,20
Havale,2024-12-19,12,15
Havale,2024-12-19,13,8
Havale,2024-12-19,14,18
Havale,2024-12-19,15,121
Havale,2024-12-19,16,54
Havale,2024-12-19,17,21
Havale,2024-12-19,19,5
Havale,2024-12-19,20,1
Havale,2024-12-20,6,25
Havale,2024-12-20,7,28
Havale,2024-12-20,8,74
Havale,2024-12-20,9,11
Havale,2024-12-20,10,44
Havale,2024-12-20,11,30
Havale,2024-12-20,12,33
Havale,2024-12-20,13,42
Havale,2024-12-20,14,8
Havale,2024-12-20,15,6
Havale,2024-12-20,16,19
Havale,2024-12-20,17,4
Havale,2024-12-20,18,7
Havale,2024-12-20,19,5
Havale,2024-12-20,20,2
Havale,2024-12-20,22,1
Havale,2024-12-23,3,1
Havale,2024-12-23,6,3
Havale,2024-12-23,7,10
Havale,2024-12-23,8,31
Havale,2024-12-23,9,34
Havale,2024-12-23,10,18
Havale,2024-12-23,11,138
Havale,2024-12-23,12,9
Havale,2024-12-23,13,101
Havale,2024-12-23,14,29
Havale,2024-12-23,15,23
Havale,2024-12-23,16,10
Havale,2024-12-23,17,25
Havale,2024-12-23,18,15
Havale,2024-12-23,20,3
Havale,2024-12-23,22,19
Havale,2024-12-23,23,2
Havale,2024-12-24,0,1
Havale,2024-12-24,5,1
Havale,2024-12-24,6,16
Havale,2024-12-24,7,17
Havale,2024-12-24,8,19
Havale,2024-12-24,9,52
Havale,2024-12-24,10,33
Havale,2024-12-24,11,52
Havale,2024-12-24,12,21
Havale,2024-12-24,13,19
Havale,2024-12-24,14,23
Havale,2024-12-24,15,32
Havale,2024-12-24,16,5
Havale,2024-12-24,17,19
Havale,2024-12-24,18,7
Havale,2024-12-24,19,9
Havale,2024-12-25,6,4
Havale,2024-12-25,7,5
Havale,2024-12-25,8,73
Havale,2024-12-25,9,16
Havale,2024-12-25,10,48
Havale,2024-12-25,11,25
Havale,2024-12-25,12,20
Havale,2024-12-25,13,34
Havale,2024-12-25,14,22
Havale,2024-12-25,15,18
Havale,2024-12-25,16,6
Havale,2024-12-25,17,3
Havale,2024-12-25,18,3
Havale,2024-12-25,19,31
Havale,2024-12-25,21,39
Havale,2024-12-26,0,3
Havale,2024-12-26,2,2
Havale,2024-12-26,3,9
Havale,2024-12-26,6,1
Havale,2024-12-26,7,2
Havale,2024-12-26,8,51
Havale,2024-12-26,9,24
Havale,2024-12-26,10,78
Havale,2024-12-26,11,11
Havale,2024-12-26,12,58
Havale,2024-12-26,13,18
Havale,2024-12-26,14,3
Havale,2024-12-26,15,1
Havale,2024-12-26,16,7
Havale,2024-12-26,17,9
Havale,2024-12-26,18,3
Havale,2024-12-26,20,17
Havale,2024-12-27,7,6
Havale,2024-12-27,8,7
Havale,2024-12-27,9,36
Havale,2024-12-27,10,23
Havale,2024-12-27,11,16
Havale,2024-12-27,12,7
Havale,2024-12-27,13,31
Havale,2024-12-27,14,1
Havale,2024-12-27,15,18
Havale,2024-12-27,16,9
Havale,2024-12-27,17,2
Havale,2024-12-27,18,11
Havale,2024-12-27,21,1
Havale,2024-12-30,5,22
Havale,2024-12-30,6,1
Havale,2024-12-30,7,11
Havale,2024-12-30,8,105
Havale,2024-12-30,9,15
Havale,2024-12-30,10,48
Havale,2024-12-30,11,13
Havale,2024-12-30,12,20
Havale,2024-12-30,13,17
Havale,2024-12-30,14,28
Havale,2024-12-30,15,29
Havale,2024-12-30,16,21
Havale,2024-12-30,17,6
Havale,2024-12-30,18,15
Havale,2024-12-31,0,44
Havale,2024-12-31,3,13
Havale,2024-12-31,5,7
Havale,2024-12-31,6,8
Havale,2024-12-31,7,34
Havale,2024-12-31,8,59
Havale,2024-12-31,9,46
Havale,2024-12-31,10,19
Havale,2024-12-31,11,44
Havale,2024-12-31,12,59
Havale,2024-12-31,13,36
Havale,2024-12-31,14,20
Havale,2024-12-31,15,4
Havale,2024-12-31,16,118
Havale,2024-12-31,17,37
Havale,2024-12-31,18,36
Havale,2024-12-31,19,26
Havale,2024-12-31,21,2
Havale,2024-12-31,22,3
Havale,2024-12-31,23,5
Havale,2025-01-02,0,3
Havale,2025-01-02,2,4
Havale,2025-01-02,6,2
Havale,2025-01-02,7,10
Havale,2025-01-02,8,73
Havale,2025-01-02,9,18
Havale,2025-01-02,10,38
Havale,2025-01-02,11,12
Havale,2025-01-02,12,21
Havale,2025-01-02,13,16
Havale,2025-01-02,14,26
Havale,2025-01-02,15,8
Havale,2025-01-02,16,24
Havale,2025-01-02,17,46
Havale,2025-01-02,19,7
Havale,2025-01-03,1,9
Havale,2025-01-03,2,1
Havale,2025-01-03,8,38
Havale,2025-01-03,9,11
Havale,2025-01-03,10,54
Havale,2025-01-03,11,48
Havale,2025-01-03,12,34
Havale,2025-01-03,13,21
Havale,2025-01-03,14,42
Havale,2025-01-03,15,33
Havale,2025-01-03,16,19
Havale,2025-01-03,17,9
Havale,2025-01-03,18,5
Havale,2025-01-03,19,3
Havale,2025-01-06,0,4
Havale,2025-01-06,6,1
Havale,2025-01-06,7,24
Havale,2025-01-06,8,134
Havale,2025-01-06,9,108
Havale,2025-01-06,10,60
Havale,2025-01-06,11,36
Havale,2025-01-06,12,10
Havale,2025-01-06,13,40
Havale,2025-01-06,14,23
Havale,2025-01-06,15,27
Havale,2025-01-06,16,49
Havale,2025-01-06,17,1
Havale,2025-01-06,18,13
Havale,2025-01-06,19,1
Havale,2025-01-07,2,2
Havale,2025-01-07,4,8
Havale,2025-01-07,5,5
Havale,2025-01-07,6,3
Havale,2025-01-07,7,1
Havale,2025-01-07,8,62
Havale,2025-01-07,9,11
Havale,2025-01-07,10,46
Havale,2025-01-07,11,31
Havale,2025-01-07,12,74
Havale,2025-01-07,13,19
Havale,2025-01-07,14,43
Havale,2025-01-07,15,26
Havale,2025-01-07,16,7
Havale,2025-01-07,18,20
Havale,2025-01-07,19,1
Havale,2025-01-08,0,27
Havale,2025-01-08,4,14
Havale,2025-01-08,5,8
Havale,2025-01-08,7,25
Havale,2025-01-08,8,17
Havale,2025-01-08,9,43
Havale,2025-01-08,10,109
Havale,2025-01-08,11,33
Havale,2025-01-08,12,26
Havale,2025-01-08,13,86
Havale,2025-01-08,14,40
Havale,2025-01-08,15,73
Havale,2025-01-08,16,26
Havale,2025-01-08,17,5
Havale,2025-01-08,18,22
Havale,2025-01-08,19,3
Havale,2025-01-09,4,4
Havale,2025-01-09,6,6
Havale,2025-01-09,7,13
Havale,2025-01-09,8,32
Havale,2025-01-09,9,26
Havale,2025-01-09,10,64
Havale,2025-01-09,11,11
Havale,2025-01-09,12,7
Havale,2025-01-09,13,41
Havale,2025-01-09,14,8
Havale,2025-01-09,15,11
Havale,2025-01-09,16,16
Havale,2025-01-09,17,8
Havale,2025-01-09,18,7
Havale,2025-01-09,21,9
Havale,2025-01-10,4,1
Havale,2025-01-10,6,6
Havale,2025-01-10,7,10
Havale,2025-01-10,8,28
Havale,2025-01-10,9,14
Havale,2025-01-10,10,37
Havale,2025-01-10,11,19
Havale,2025-01-10,12,37
Havale,2025-01-10,13,29
Havale,2025-01-10,14,15
Havale,2025-01-10,15,6
Havale,2025-01-10,16,1
Havale,2025-01-10,17,3
Havale,2025-01-10,18,2
Havale,2025-01-10,19,2
Havale,2025-01-10,23,3
Havale,2025-01-13,1,21
Havale,2025-01-13,2,10
Havale,2025-01-13,4,1
Havale,2025-01-13,5,1
Havale,2025-01-13,6,24
Havale,2025-01-13,7,14
Havale,2025-01-13,8,121
Havale,2025-01-13,9,87
Havale,2025-01-13,10,9
Havale,2025-01-13,11,45
Havale,2025-01-13,12,15
Havale,2025-01-13,13,22
Havale,2025-01-13,14,3
Havale,2025-01-13,15,140
Havale,2025-01-13,16,20
Havale,2025-01-13,17,20
Havale,2025-01-13,18,13
Havale,2025-01-13,19,8
Havale,2025-01-14,0,3
Havale,2025-01-14,1,8
Havale,2025-01-14,3,3
Havale,2025-01-14,6,5
Havale,2025-01-14,7,7
Havale,2025-01-14,8,42
Havale,2025-01-14,9,103
Havale,2025-01-14,10,19
Havale,2025-01-14,11,18
Havale,2025-01-14,12,6
Havale,2025-01-14,13,25
Havale,2025-01-14,14,17
Havale,2025-01-14,15,29
Havale,2025-01-14,16,59
Havale,2025-01-14,17,34
Havale,2025-01-14,18,2
Havale,2025-01-14,19,4
Havale,2025-01-15,1,3
Havale,2025-01-15,3,8
Havale,2025-01-15,4,1
Havale,2025-01-15,6,2
Havale,2025-01-15,7,27
Havale,2025-01-15,8,68
Havale,2025-01-15,9,40
Havale,2025-01-15,10,46
Havale,2025-01-15,11,34
Havale,2025-01-15,12,13
Havale,2025-01-15,13,51
Havale,2025-01-15,14,17
Havale,2025-01-15,15,84
Havale,2025-01-15,16,6
Havale,2025-01-15,17,14
Havale,2025-01-15,19,5
Havale,2025-01-15,20,1
Havale,2025-01-16,1,1
Havale,2025-01-16,4,4
Havale,2025-01-16,6,6
Havale,2025-01-16,7,9
Havale,2025-01-16,8,8
Havale,2025-01-16,9,69
Havale,2025-01-16,10,10
Havale,2025-01-16,11,29
Havale,2025-01-16,12,44
Havale,2025-01-16,13,11
Havale,2025-01-16,14,35
Havale,2025-01-16,15,18
Havale,2025-01-16,16,14
Havale,2025-01-16,17,17
Havale,2025-01-16,19,11
Havale,2025-01-16,20,2
Havale,2025-01-17,2,1
Havale,2025-01-17,3,1
Havale,2025-01-17,6,14
Havale,2025-01-17,7,6
Havale,2025-01-17,8,31
Havale,2025-01-17,9,76
Havale,2025-01-17,10,25
Havale,2025-01-17,11,35
Havale,2025-01-17,12,51
Havale,2025-01-17,13,32
Havale,2025-01-17,14,18
Havale,2025-01-17,15,9
Havale,2025-01-17,16,15
Havale,2025-01-17,17,30
Havale,2025-01-20,0,1
Havale,2025-01-20,2,14
Havale,2025-01-20,4,6
Havale,2025-01-20,5,2
Havale,2025-01-20,6,1
Havale,2025-01-20,7,12
Havale,2025-01-20,8,12
Havale,2025-01-20,9,45
Havale,2025-01-20,10,84
Havale,2025-01-20,11,23
Havale,2025-01-20,12,27
Havale,2025-01-20,13,56
Havale,2025-01-20,14,105
Havale,2025-01-20,15,60
Havale,2025-01-20,16,25
Havale,2025-01-20,17,28
Havale,2025-01-20,18,7
Havale,2025-01-20,23,8
Havale,2025-01-21,0,6
Havale,2025-01-21,5,12
Havale,2025-01-21,7,25
Havale,2025-01-21,8,37
Havale,2025-01-21,9,17
Havale,2025-01-21,10,37
Havale,2025-01-21,11,26
Havale,2025-01-21,12,10
Havale,2025-01-21,13,23
Havale,2025-01-21,14,76
Havale,2025-01-21,15,22
Havale,2025-01-21,16,42
Havale,2025-01-21,17,27
Havale,2025-01-21,18,22
Havale,2025-01-21,20,2
Havale,2025-01-22,0,1
Havale,2025-01-22,2,13
Havale,2025-01-22,3,58
Havale,2025-01-22,5,1
Havale,2025-01-22,6,2
Havale,2025-01-22,8,42
Havale,2025-01-22,9,12
Havale,2025-01-22,10,123
Havale,2025-01-22,11,12
Havale,2025-01-22,12,29
Havale,2025-01-22,13,26
Havale,2025-01-22,14,157
Havale,2025-01-22,15,25
Havale,2025-01-22,16,2
Havale,2025-01-22,17,18
Havale,2025-01-22,18,1
Havale,2025-01-22,19,15
Havale,2025-01-23,6,18
Havale,2025-01-23,7,13
Havale,2025-01-23,8,24
Havale,2025-01-23,9,15
Havale,2025-01-23,10,39
Havale,2025-01-23,11,31
Havale,2025-01-23,12,29
Havale,2025-01-23,13,119
Havale,2025-01-23,14,6
Havale,2025-01-23,15,1
Havale,2025-01-23,16,16
Havale,2025-01-23,17,9
Havale,2025-01-23,19,15
Havale,2025-01-23,20,2
Havale,2025-01-23,21,4
Havale,2025-01-23,22,7
Havale,2025-01-23,23,7
Havale,2025-01-24,3,2
Havale,2025-01-24,5,1
Havale,2025-01-24,6,10
Havale,2025-01-24,7,7
Havale,2025-01-24,8,21
Havale,2025-01-24,9,23
Havale,2025-01-24,10,14
Havale,2025-01-24,11,33
Havale,2025-01-24,12,19
Havale,2025-01-24,13,109
Havale,2025-01-24,14,44
Havale,2025-01-24,15,27
Havale,2025-01-24,17,5
Havale,2025-01-24,18,1
Havale,2025-01-24,19,6
Havale,2025-01-24,23,7
Havale,2025-01-27,2,2
Havale,2025-01-27,4,22
Havale,2025-01-27,6,4
Havale,2025-01-27,7,12
Havale,2025-01-27,8,89
Havale,2025-01-27,9,62
Havale,2025-01-27,10,58
Havale,2025-01-27,11,42
Havale,2025-01-27,12,68
Havale,2025-01-27,13,38
Havale,2025-01-27,14,34
Havale,2025-01-27,15,10
Havale,2025-01-27,16,8
Havale,2025-01-27,17,16
Havale,2025-01-27,18,2
Havale,2025-01-27,19,18
Havale,2025-01-27,22,12
Havale,2025-01-27,23,3
Havale,2025-01-28,1,2
Havale,2025-01-28,2,5
Havale,2025-01-28,7,13
Havale,2025-01-28,8,2
Havale,2025-01-28,9,37
Havale,2025-01-28,10,33
Havale,2025-01-28,11,36
Havale,2025-01-28,12,95
Havale,2025-01-28,13,15
Havale,2025-01-28,14,46
Havale,2025-01-28,15,50
Havale,2025-01-28,16,26
Havale,2025-01-28,19,6
Havale,2025-01-28,21,2
Havale,2025-01-28,22,1
Havale,2025-01-29,1,10
Havale,2025-01-29,7,9
Havale,2025-01-29,8,26
Havale,2025-01-29,9,34
Havale,2025-01-29,10,35
Havale,2025-01-29,11,22
Havale,2025-01-29,12,37
Havale,2025-01-29,13,80
Havale,2025-01-29,14,7
Havale,2025-01-29,15,51
Havale,2025-01-29,16,56
Havale,2025-01-29,17,69
Havale,2025-01-29,18,46
Havale,2025-01-29,19,13
Havale,2025-01-29,20,28
Havale,2025-01-30,0,2
Havale,2025-01-30,2,2
Havale,2025-01-30,6,7
Havale,2025-01-30,7,57
Havale,2025-01-30,8,7
Havale,2025-01-30,9,30
Havale,2025-01-30,10,19
Havale,2025-01-30,11,16
Havale,2025-01-30,12,22
Havale,2025-01-30,13,17
Havale,2025-01-30,14,11
Havale,2025-01-30,15,18
Havale,2025-01-30,16,1
Havale,2025-01-30,17,14
Havale,2025-01-30,18,1
Havale,2025-01-30,22,1
Havale,2025-01-31,0,1
Havale,2025-01-31,1,1
Havale,2025-01-31,5,3
Havale,2025-01-31,6,1
Havale,2025-01-31,8,75
Havale,2025-01-31,9,33
Havale,2025-01-31,10,10
Havale,2025-01-31,11,79
Havale,2025-01-31,12,25
Havale,2025-01-31,13,21
Havale,2025-01-31,14,38
Havale,2025-01-31,15,78
Havale,2025-01-31,16,4
Havale,2025-01-31,17,50
Havale,2025-01-31,18,7
Havale,2025-01-31,19,20
Havale,2025-01-31,20,3
Havale,2025-01-31,21,6
Havale,2025-02-03,2,21
Havale,2025-02-03,3,6
Havale,2025-02-03,5,1
Havale,2025-02-03,6,3
Havale,2025-02-03,7,12
Havale,2025-02-03,8,40
Havale,2025-02-03,9,51
Havale,2025-02-03,10,36
Havale,2025-02-03,11,186
Havale,2025-02-03,12,61
Havale,2025-02-03,13,29
Havale,2025-02-03,14,35
Havale,2025-02-03,15,41
Havale,2025-02-03,16,15
Havale,2025-02-03,17,36
Havale,2025-02-03,18,1
Havale,2025-02-03,19,10
Havale,2025-02-04,5,9
Havale,2025-02-04,6,39
Havale,2025-02-04,7,4
Havale,2025-02-04,8,47
Havale,2025-02-04,9,23
Havale,2025-02-04,10,24
Havale,2025-02-04,11,41
Havale,2025-02-04,12,22
Havale,2025-02-04,13,66
Havale,2025-02-04,14,8
Havale,2025-02-04,15,101
Havale,2025-02-04,16,47
Havale,2025-02-04,17,26
Havale,2025-02-04,18,21
Havale,2025-02-04,22,6
Havale,2025-02-04,23,1
Havale,2025-02-05,0,4
Havale,2025-02-05,6,6
Havale,2025-02-05,7,7
Havale,2025-02-05,8,41
Havale,2025-02-05,9,21
Havale,2025-02-05,10,15
Havale,2025-02-05,11,15
Havale,2025-02-05,12,28
Havale,2025-02-05,13,47
Havale,2025-02-05,14,24
Havale,2025-02-05,15,55
Havale,2025-02-05,16,1
Havale,2025-02-05,17,1
Havale,2025-02-05,18,2
Havale,2025-02-05,19,27
Havale,2025-02-05,23,1
Havale,2025-02-06,7,28
Havale,2025-02-06,8,35
Havale,2025-02-06,9,20
Havale,2025-02-06,10,56
Havale,2025-02-06,11,10
Havale,2025-02-06,12,11
Havale,2025-02-06,13,13
Havale,2025-02-06,14,29
Havale,2025-02-06,15,71
Havale,2025-02-06,16,30
Havale,2025-02-06,17,37
Havale,2025-02-06,18,14
Havale,2025-02-06,19,30
Havale,2025-02-07,0,14
Havale,2025-02-07,4,42
Havale,2025-02-07,6,1
Havale,2025-02-07,7,52
Havale,2025-02-07,8,49
Havale,2025-02-07,9,21
Havale,2025-02-07,10,25
Havale,2025-02-07,11,55
Havale,2025-02-07,12,44
Havale,2025-02-07,13,22
Havale,2025-02-07,14,35
Havale,2025-02-07,15,86
Havale,2025-02-07,16,1
Havale,2025-02-07,17,33
Havale,2025-02-07,18,10
Havale,2025-02-07,19,1
Havale,2025-02-07,21,1
Havale,2025-02-10,1,1
Havale,2025-02-10,4,17
Havale,2025-02-10,5,10
Havale,2025-02-10,7,33
Havale,2025-02-10,8,31
Havale,2025-02-10,9,62
Havale,2025-02-10,10,85
Havale,2025-02-10,11,89
Havale,2025-02-10,12,43
Havale,2025-02-10,13,41
Havale,2025-02-10,14,51
Havale,2025-02-10,15,37
Havale,2025-02-10,16,8
Havale,2025-02-10,17,40
Havale,2025-02-10,18,3
Havale,2025-02-10,19,4
Havale,2025-02-11,1,1
Havale,2025-02-11,3,12
Havale,2025-02-11,6,22
Havale,2025-02-11,7,14
Havale,2025-02-11,8,48
Havale,2025-02-11,9,50
Havale,2025-02-11,10,31
Havale,2025-02-11,11,18
Havale,2025-02-11,12,39
Havale,2025-02-11,13,3
Havale,2025-02-11,14,54
Havale,2025-02-11,15,16
Havale,2025-02-11,16,25
Havale,2025-02-11,17,10
Havale,2025-02-11,18,7
Havale,2025-02-11,19,14
Havale,2025-02-11,23,13
Havale,2025-02-12,0,18
Havale,2025-02-12,2,1
Havale,2025-02-12,6,1
Havale,2025-02-12,7,18
Havale,2025-02-12,8,36
Havale,2025-02-12,9,46
Havale,2025-02-12,10,26
Havale,2025-02-12,11,88
Havale,2025-02-12,12,17
Havale,2025-02-12,13,47
Havale,2025-02-12,14,8
Havale,2025-02-12,15,40
Havale,2025-02-12,16,31
Havale,2025-02-12,17,12
Havale,2025-02-12,18,8
Havale,2025-02-12,19,1
Havale,2025-02-13,5,2
Havale,2025-02-13,6,4
Havale,2025-02-13,7,20
Havale,2025-02-13,8,30
Havale,2025-02-13,9,46
Havale,2025-02-13,10,27
Havale,2025-02-13,11,36
Havale,2025-02-13,12,25
Havale,2025-02-13,13,87
Havale,2025-02-13,14,21
Havale,2025-02-13,15,17
Havale,2025-02-13,16,14
Havale,2025-02-13,17,13
Havale,2025-02-13,18,3
Havale,2025-02-13,19,43
Havale,2025-02-14,1,9
Havale,2025-02-14,2,20
Havale,2025-02-14,6,12
Havale,2025-02-14,8,48
Havale,2025-02-14,9,43
Havale,2025-02-14,10,27
Havale,2025-02-14,11,60
Havale,2025-02-14,12,43
Havale,2025-02-14,13,29
Havale,2025-02-14,14,42
Havale,2025-02-14,15,27
Havale,2025-02-14,16,3
Havale,2025-02-14,17,5
Havale,2025-02-14,18,6
Havale,2025-02-14,19,24
Havale,2025-02-14,20,3
Havale,2025-02-14,23,8
Havale,2025-02-17,0,13
Havale,2025-02-17,6,39
Havale,2025-02-17,7,68
Havale,2025-02-17,8,63
Havale,2025-02-17,9,102
Havale,2025-02-17,10,93
Havale,2025-02-17,11,42
Havale,2025-02-17,12,42
Havale,2025-02-17,13,15
Havale,2025-02-17,14,31
Havale,2025-02-17,15,63
Havale,2025-02-17,16,51
Havale,2025-02-17,17,44
Havale,2025-02-17,18,7
Havale,2025-02-17,19,9
Havale,2025-02-17,22,1
Havale,2025-02-18,7,3
Havale,2025-02-18,8,44
Havale,2025-02-18,9,102
Havale,2025-02-18,10,42
Havale,2025-02-18,11,23
Havale,2025-02-18,12,6
Havale,2025-02-18,13,50
Havale,2025-02-18,14,15
Havale,2025-02-18,15,15
Havale,2025-02-18,16,35
Havale,2025-02-18,18,48
Havale,2025-02-19,4,3
Havale,2025-02-19,6,16
Havale,2025-02-19,7,26
Havale,2025-02-19,8,18
Havale,2025-02-19,9,14
Havale,2025-02-19,10,44
Havale,2025-02-19,11,25
Havale,2025-02-19,12,48
Havale,2025-02-19,13,3
Havale,2025-02-19,14,105
Havale,2025-02-19,15,8
Havale,2025-02-19,16,44
Havale,2025-02-19,17,11
Havale,2025-02-19,18,7
Havale,2025-02-19,20,14
Havale,2025-02-19,23,1
Havale,2025-02-20,1,10
Havale,2025-02-20,7,50
Havale,2025-02-20,8,38
Havale,2025-02-20,9,40
Havale,2025-02-20,10,17
Havale,2025-02-20,11,14
Havale,2025-02-20,12,25
Havale,2025-02-20,13,36
Havale,2025-02-20,14,53
Havale,2025-02-20,15,29
Havale,2025-02-20,16,12
Havale,2025-02-20,17,54
Havale,2025-02-20,19,5
Havale,2025-02-20,20,1
Havale,2025-02-20,21,9
Havale,2025-02-21,3,1
Havale,2025-02-21,6,18
Havale,2025-02-21,7,36
Havale,2025-02-21,8,33
Havale,2025-02-21,9,68
Havale,2025-02-21,10,36
Havale,2025-02-21,11,25
Havale,2025-02-21,12,29
Havale,2025-02-21,13,45
Havale,2025-02-21,14,9
Havale,2025-02-21,15,16
Havale,2025-02-21,16,7
Havale,2025-02-21,18,1
Havale,2025-02-21,19,13
Havale,2025-02-21,22,5
Havale,2025-02-24,6,26
Havale,2025-02-24,7,12
Havale,2025-02-24,8,54
Havale,2025-02-24,9,22
Havale,2025-02-24,10,40
Havale,2025-02-24,11,63
Havale,2025-02-24,12,20
Havale,2025-02-24,13,43
Havale,2025-02-24,14,71
Havale,2025-02-24,15,32
Havale,2025-02-24,16,49
Havale,2025-02-24,18,20
Havale,2025-02-24,19,19
Havale,2025-02-24,22,1
Havale,2025-02-25,1,8
Havale,2025-02-25,6,5
Havale,2025-02-25,8,49
Havale,2025-02-25,9,51
Havale,2025-02-25,10,18
Havale,2025-02-25,11,15
Havale,2025-02-25,12,13
Havale,2025-02-25,13,23
Havale,2025-02-25,14,38
Havale,2025-02-25,15,10
Havale,2025-02-25,16,37
Havale,2025-02-25,17,8
Havale,2025-02-25,18,24
Havale,2025-02-25,19,6
Havale,2025-02-25,22,2
Havale,2025-02-26,1,21
Havale,2025-02-26,5,6
Havale,2025-02-26,6,6
Havale,2025-02-26,7,14
Havale,2025-02-26,8,24
Havale,2025-02-26,9,29
Havale,2025-02-26,10,62
Havale,2025-02-26,11,13
Havale,2025-02-26,12,39
Havale,2025-02-26,13,36
Havale,2025-02-26,14,94
Havale,2025-02-26,15,97
Havale,2025-02-26,16,13
Havale,2025-02-26,17,1
Havale,2025-02-26,18,10
Havale,2025-02-27,2,3
Havale,2025-02-27,7,53
Havale,2025-02-27,8,82
Havale,2025-02-27,9,55
Havale,2025-02-27,10,81
Havale,2025-02-27,11,13
Havale,2025-02-27,12,43
Havale,2025-02-27,13,40
Havale,2025-02-27,14,115
Havale,2025-02-27,15,84
Havale,2025-02-27,16,6
Havale,2025-02-27,17,6
Havale,2025-02-27,18,10
Havale,2025-02-27,19,3
Havale,2025-02-28,6,1
Havale,2025-02-28,7,15
Havale,2025-02-28,8,17
Havale,2025-02-28,9,28
Havale,2025-02-28,10,33
Havale,2025-02-28,11,15
Havale,2025-02-28,12,32
Havale,2025-02-28,13,26
Havale,2025-02-28,14,47
Havale,2025-02-28,15,12
Havale,2025-02-28,16,9
Havale,2025-02-28,17,2
Havale,2025-02-28,18,20
Havale,2025-02-28,22,1
Havale,2025-03-03,1,1
Havale,2025-03-03,2,3
Havale,2025-03-03,4,19
Havale,2025-03-03,6,9
Havale,2025-03-03,7,7
Havale,2025-03-03,8,69
Havale,2025-03-03,9,10
Havale,2025-03-03,10,11
Havale,2025-03-03,11,68
Havale,2025-03-03,12,50
Havale,2025-03-03,13,36
Havale,2025-03-03,14,13
Havale,2025-03-03,15,19
Havale,2025-03-03,16,11
Havale,2025-03-03,17,42
Havale,2025-03-03,18,25
Havale,2025-03-03,19,8
Havale,2025-03-03,21,2
Havale,2025-03-03,23,38
Havale,2025-03-04,0,14
Havale,2025-03-04,7,25
Havale,2025-03-04,8,84
Havale,2025-03-04,9,28
Havale,2025-03-04,10,82
Havale,2025-03-04,11,42
Havale,2025-03-04,12,36
Havale,2025-03-04,13,20
Havale,2025-03-04,14,21
Havale,2025-03-04,15,7
Havale,2025-03-04,16,23
Havale,2025-03-04,17,1
Havale,2025-03-04,19,3
Havale,2025-03-04,21,13
Havale,2025-03-05,0,2
Havale,2025-03-05,1,6
Havale,2025-03-05,3,2
Havale,2025-03-05,7,7
Havale,2025-03-05,8,35
Havale,2025-03-05,9,76
Havale,2025-03-05,10,5
Havale,2025-03-05,11,33
Havale,2025-03-05,12,40
Havale,2025-03-05,13,7
Havale,2025-03-05,14,20
Havale,2025-03-05,15,41
Havale,2025-03-05,16,1
Havale,2025-03-05,17,2
Havale,2025-03-05,18,36
Havale,2025-03-05,19,12
Havale,2025-03-06,0,22
Havale,2025-03-06,6,1
Havale,2025-03-06,7,40
Havale,2025-03-06,8,4
Havale,2025-03-06,9,23
Havale,2025-03-06,10,76
Havale,2025-03-06,11,93
Havale,2025-03-06,12,19
Havale,2025-03-06,13,14
Havale,2025-03-06,14,6
Havale,2025-03-06,15,4
Havale,2025-03-06,16,3
Havale,2025-03-06,17,6
Havale,2025-03-06,18,25
Havale,2025-03-06,19,12
Havale,2025-03-06,23,16
Havale,2025-03-07,2,28
Havale,2025-03-07,4,2
Havale,2025-03-07,7,5
Havale,2025-03-07,8,31
Havale,2025-03-07,9,29
Havale,2025-03-07,10,36
Havale,2025-03-07,11,14
Havale,2025-03-07,12,5
Havale,2025-03-07,13,3
Havale,2025-03-07,14,19
Havale,2025-03-07,15,14
Havale,2025-03-07,16,17
Havale,2025-03-07,17,17
Havale,2025-03-07,18,1
Havale,2025-03-07,20,2
Havale,2025-03-07,23,12
Havale,2025-03-10,0,3
Havale,2025-03-10,2,4
Havale,2025-03-10,6,33
Havale,2025-03-10,7,49
Havale,2025-03-10,8,30
Havale,2025-03-10,9,47
Havale,2025-03-10,10,53
Havale,2025-03-10,11,44
Havale,2025-03-10,12,42
Havale,2025-03-10,13,37
Havale,2025-03-10,14,22
Havale,2025-03-10,15,20
Havale,2025-03-10,16,14
Havale,2025-03-10,17,16
Havale,2025-03-10,19,1
Havale,2025-03-10,22,7
Havale,2025-03-11,2,26
Havale,2025-03-11,6,20
Havale,2025-03-11,7,14
Havale,2025-03-11,8,75
Havale,2025-03-11,9,13
Havale,2025-03-11,10,32
Havale,2025-03-11,11,31
Havale,2025-03-11,12,34
Havale,2025-03-11,13,20
Havale,2025-03-11,14,16
Havale,2025-03-11,15,49
Havale,2025-03-11,16,14
Havale,2025-03-11,17,13
Havale,2025-03-11,19,13
Havale,2025-03-12,1,2
Havale,2025-03-12,4,2
Havale,2025-03-12,5,5
Havale,2025-03-12,6,4
Havale,2025-03-12,7,12
Havale,2025-03-12,8,29
Havale,2025-03-12,9,65
Havale,2025-03-12,10,43
Havale,2025-03-12,11,54
Havale,2025-03-12,12,48
Havale,2025-03-12,13,22
Havale,2025-03-12,14,58
Havale,2025-03-12,15,21
Havale,2025-03-12,16,29
Havale,2025-03-12,17,18
Havale,2025-03-12,18,7
Havale,2025-03-12,22,2
Havale,2025-03-13,5,48
Havale,2025-03-13,6,4
Havale,2025-03-13,7,14
Havale,2025-03-13,8,21
Havale,2025-03-13,9,30
Havale,2025-03-13,10,20
Havale,2025-03-13,11,57
Havale,2025-03-13,12,51
Havale,2025-03-13,13,41
Havale,2025-03-13,14,28
Havale,2025-03-13,15,34
Havale,2025-03-13,16,32
Havale,2025-03-13,17,18
Havale,2025-03-13,18,20
Havale,2025-03-13,19,2
Havale,2025-03-14,0,2
Havale,2025-03-14,2,3
Havale,2025-03-14,6,10
Havale,2025-03-14,7,3
Havale,2025-03-14,8,33
Havale,2025-03-14,9,13
Havale,2025-03-14,10,27
Havale,2025-03-14,11,59
Havale,2025-03-14,12,12
Havale,2025-03-14,13,41
Havale,2025-03-14,14,32
Havale,2025-03-14,15,2
Havale,2025-03-14,16,9
Havale,2025-03-14,17,10
Havale,2025-03-14,18,3
Havale,2025-03-14,19,1
Havale,2025-03-17,2,50
Havale,2025-03-17,5,1
Havale,2025-03-17,6,28
Havale,2025-03-17,7,29
Havale,2025-03-17,8,27
Havale,2025-03-17,9,34
Havale,2025-03-17,10,39
Havale,2025-03-17,11,15
Havale,2025-03-17,12,9
Havale,2025-03-17,13,64
Havale,2025-03-17,14,97
Havale,2025-03-17,15,41
Havale,2025-03-17,16,2
Havale,2025-03-17,17,64
Havale,2025-03-17,18,8
Havale,2025-03-17,19,5
Havale,2025-03-18,1,1
Havale,2025-03-18,4,9
Havale,2025-03-18,6,9
Havale,2025-03-18,7,4
Havale,2025-03-18,8,47
Havale,2025-03-18,9,18
Havale,2025-03-18,10,33
Havale,2025-03-18,11,14
Havale,2025-03-18,12,25
Havale,2025-03-18,13,27
Havale,2025-03-18,14,39
Havale,2025-03-18,15,8
Havale,2025-03-18,16,25
Havale,2025-03-18,17,52
Havale,2025-03-18,18,32
Havale,2025-03-18,21,9
Havale,2025-03-19,0,2
Havale,2025-03-19,6,1
Havale,2025-03-19,7,3
Havale,2025-03-19,8,36
Havale,2025-03-19,9,37
Havale,2025-03-19,10,23
Havale,2025-03-19,11,40
Havale,2025-03-19,12,11
Havale,2025-03-19,13,8
Havale,2025-03-19,14,105
Havale,2025-03-19,15,20
Havale,2025-03-19,16,23
Havale,2025-03-19,17,8
Havale,2025-03-19,18,9
Havale,2025-03-19,19,3
Havale,2025-03-20,0,5
Havale,2025-03-20,4,1
Havale,2025-03-20,7,19
Havale,2025-03-20,8,100
Havale,2025-03-20,9,64
Havale,2025-03-20,10,20
Havale,2025-03-20,11,31
Havale,2025-03-20,12,65
Havale,2025-03-20,14,16
Havale,2025-03-20,15,32
Havale,2025-03-20,16,37
Havale,2025-03-20,17,69
Havale,2025-03-20,18,4
Havale,2025-03-21,6,10
Havale,2025-03-21,7,3
Havale,2025-03-21,8,45
Havale,2025-03-21,9,51
Havale,2025-03-21,10,46
Havale,2025-03-21,11,33
Havale,2025-03-21,12,21
Havale,2025-03-21,13,11
Havale,2025-03-21,14,59
Havale,2025-03-21,15,46
Havale,2025-03-21,16,4
Havale,2025-03-21,17,25
Havale,2025-03-21,18,1
Havale,2025-03-21,19,17
Havale,2025-03-21,20,1
Havale,2025-03-21,23,3
Havale,2025-03-24,3,9
Havale,2025-03-24,6,17
Havale,2025-03-24,7,5
Havale,2025-03-24,8,2
Havale,2025-03-24,9,127
Havale,2025-03-24,10,37
Havale,2025-03-24,11,80
Havale,2025-03-24,12,11
Havale,2025-03-24,13,97
Havale,2025-03-24,14,35
Havale,2025-03-24,15,24
Havale,2025-03-24,16,61
Havale,2025-03-24,18,9
Havale,2025-03-24,23,21
Havale,2025-03-25,2,2
Havale,2025-03-25,6,3
Havale,2025-03-25,7,66
Havale,2025-03-25,8,103
Havale,2025-03-25,9,31
Havale,2025-03-25,10,36
Havale,2025-03-25,11,97
Havale,2025-03-25,12,47
Havale,2025-03-25,13,4
Havale,2025-03-25,14,13
Havale,2025-03-25,15,4
Havale,2025-03-25,16,17
Havale,2025-03-25,17,28
Havale,2025-03-25,19,1
Havale,2025-03-25,20,1
Havale,2025-03-26,3,3
Havale,2025-03-26,5,20
Havale,2025-03-26,6,1
Havale,2025-03-26,7,14
Havale,2025-03-26,8,32
Havale,2025-03-26,9,31
Havale,2025-03-26,10,78
Havale,2025-03-26,11,58
Havale,2025-03-26,12,23
Havale,2025-03-26,13,13
Havale,2025-03-26,14,41
Havale,2025-03-26,15,111
Havale,2025-03-26,16,1
Havale,2025-03-26,17,30
Havale,2025-03-26,18,1
Havale,2025-03-27,0,5
Havale,2025-03-27,2,1
Havale,2025-03-27,5,9
Havale,2025-03-27,6,3
Havale,2025-03-27,7,32
Havale,2025-03-27,8,23
Havale,2025-03-27,9,24
Havale,2025-03-27,10,32
Havale,2025-03-27,11,25
Havale,2025-03-27,12,24
Havale,2025-03-27,13,32
Havale,2025-03-27,14,60
Havale,2025-03-27,15,17
Havale,2025-03-27,16,43
Havale,2025-03-27,17,14
Havale,2025-03-27,18,3
Havale,2025-03-27,19,1
Havale,2025-03-27,20,25
Havale,2025-03-28,2,7
Havale,2025-03-28,5,1
Havale,2025-03-28,6,1
Havale,2025-03-28,8,32
Havale,2025-03-28,9,51
Havale,2025-03-28,10,21
Havale,2025-03-28,11,13
Havale,2025-03-28,12,27
Havale,2025-03-28,13,54
Havale,2025-03-28,14,15
Havale,2025-03-28,15,52
Havale,2025-03-28,16,20
Havale,2025-03-28,17,6
Havale,2025-03-28,18,6
Havale,2025-04-02,4,20
Havale,2025-04-02,5,1
Havale,2025-04-02,6,40
Havale,2025-04-02,8,12
Havale,2025-04-02,9,21
Havale,2025-04-02,10,15
Havale,2025-04-02,11,18
Havale,2025-04-02,12,41
Havale,2025-04-02,13,29
Havale,2025-04-02,14,26
Havale,2025-04-02,15,25
Havale,2025-04-02,16,15
Havale,2025-04-02,17,21
Havale,2025-04-02,18,25
Havale,2025-04-02,20,2
Havale,2025-04-02,21,1
Havale,2025-04-02,23,3
Havale,2025-04-03,0,6
Havale,2025-04-03,1,18
Havale,2025-04-03,2,1
Havale,2025-04-03,3,41
Havale,2025-04-03,7,75
Havale,2025-04-03,8,17
Havale,2025-04-03,9,58
Havale,2025-04-03,10,79
Havale,2025-04-03,11,43
Havale,2025-04-03,12,57
Havale,2025-04-03,13,98
Havale,2025-04-03,14,17
Havale,2025-04-03,15,15
Havale,2025-04-03,16,17
Havale,2025-04-03,17,31
Havale,2025-04-03,19,3
Havale,2025-04-03,22,5
Havale,2025-04-04,1,5
Havale,2025-04-04,3,8
Havale,2025-04-04,6,6
Havale,2025-04-04,7,13
Havale,2025-04-04,8,40
Havale,2025-04-04,9,26
Havale,2025-04-04,10,10
Havale,2025-04-04,11,25
Havale,2025-04-04,12,15
Havale,2025-04-04,13,14
Havale,2025-04-04,14,36
Havale,2025-04-04,15,24
Havale,2025-04-04,16,13
Havale,2025-04-04,17,2
Havale,2025-04-04,18,2
Havale,2025-04-04,19,13
Havale,2025-04-07,0,4
Havale,2025-04-07,1,2
Havale,2025-04-07,2,27
Havale,2025-04-07,4,1
Havale,2025-04-07,6,4
Havale,2025-04-07,7,4
Havale,2025-04-07,8,72
Havale,2025-04-07,9,82
Havale,2025-04-07,10,33
Havale,2025-04-07,11,25
Havale,2025-04-07,12,56
Havale,2025-04-07,13,59
Havale,2025-04-07,14,74
Havale,2025-04-07,15,71
Havale,2025-04-07,16,10
Havale,2025-04-07,17,4
Havale,2025-04-07,18,3
Havale,2025-04-07,19,4
Havale,2025-04-07,21,2
Havale,2025-04-07,22,2
Havale,2025-04-08,5,5
Havale,2025-04-08,6,26
Havale,2025-04-08,7,22
Havale,2025-04-08,8,13
Havale,2025-04-08,9,56
Havale,2025-04-08,10,38
Havale,2025-04-08,11,7
Havale,2025-04-08,12,16
Havale,2025-04-08,13,22
Havale,2025-04-08,14,5
Havale,2025-04-08,15,33
Havale,2025-04-08,16,40
Havale,2025-04-08,17,19
Havale,2025-04-08,18,4
Havale,2025-04-08,23,3
Havale,2025-04-09,0,1
Havale,2025-04-09,1,7
Havale,2025-04-09,3,1
Havale,2025-04-09,5,4
Havale,2025-04-09,6,1
Havale,2025-04-09,7,3
Havale,2025-04-09,8,25
Havale,2025-04-09,9,41
Havale,2025-04-09,10,60
Havale,2025-04-09,11,11
Havale,2025-04-09,12,41
Havale,2025-04-09,13,32
Havale,2025-04-09,14,17
Havale,2025-04-09,15,69
Havale,2025-04-09,16,92
Havale,2025-04-09,17,11
Havale,2025-04-09,18,5
Havale,2025-04-09,19,4
Havale,2025-04-09,20,7
Havale,2025-04-10,0,1
Havale,2025-04-10,6,8
Havale,2025-04-10,7,4
Havale,2025-04-10,8,49
Havale,2025-04-10,9,48
Havale,2025-04-10,10,39
Havale,2025-04-10,11,117
Havale,2025-04-10,12,15
Havale,2025-04-10,13,30
Havale,2025-04-10,14,22
Havale,2025-04-10,15,63
Havale,2025-04-10,16,19
Havale,2025-04-10,17,6
Havale,2025-04-10,18,8
Havale,2025-04-11,0,3
Havale,2025-04-11,4,2
Havale,2025-04-11,6,3
Havale,2025-04-11,7,2
Havale,2025-04-11,8,27
Havale,2025-04-11,9,137
Havale,2025-04-11,10,27
Havale,2025-04-11,11,21
Havale,2025-04-11,12,15
Havale,2025-04-11,13,9
Havale,2025-04-11,14,10
Havale,2025-04-11,15,5
Havale,2025-04-11,16,8
Havale,2025-04-11,17,55
Havale,2025-04-11,19,2
Havale,2025-04-11,21,6
Havale,2025-04-14,0,5
Havale,2025-04-14,6,47
Havale,2025-04-14,7,21
Havale,2025-04-14,8,107
Havale,2025-04-14,9,23
Havale,2025-04-14,10,160
Havale,2025-04-14,11,13
Havale,2025-04-14,12,16
Havale,2025-04-14,13,67
Havale,2025-04-14,14,80
Havale,2025-04-14,15,19
Havale,2025-04-14,16,36
Havale,2025-04-14,17,19
Havale,2025-04-14,18,19
Havale,2025-04-14,19,5
Havale,2025-04-14,20,1
Havale,2025-04-15,1,1
Havale,2025-04-15,2,1
Havale,2025-04-15,6,34
Havale,2025-04-15,7,14
Havale,2025-04-15,8,45
Havale,2025-04-15,9,95
Havale,2025-04-15,10,16
Havale,2025-04-15,11,23
Havale,2025-04-15,12,28
Havale,2025-04-15,13,27
Havale,2025-04-15,14,24
Havale,2025-04-15,15,23
Havale,2025-04-15,16,11
Havale,2025-04-15,17,7
Havale,2025-04-15,18,4
Havale,2025-04-15,19,10
Havale,2025-04-16,4,7
Havale,2025-04-16,6,6
Havale,2025-04-16,7,1
Havale,2025-04-16,8,51
Havale,2025-04-16,9,39
Havale,2025-04-16,10,42
Havale,2025-04-16,11,77
Havale,2025-04-16,12,12
Havale,2025-04-16,13,84
Havale,2025-04-16,14,39
Havale,2025-04-16,15,15
Havale,2025-04-16,16,5
Havale,2025-04-16,17,4
Havale,2025-04-16,18,35
Havale,2025-04-16,19,1
Havale,2025-04-16,22,3
Havale,2025-04-16,23,11
Havale,2025-04-17,2,59
Havale,2025-04-17,6,30
Havale,2025-04-17,7,5
Havale,2025-04-17,8,69
Havale,2025-04-17,9,18
Havale,2025-04-17,10,97
Havale,2025-04-17,11,12
Havale,2025-04-17,12,11
Havale,2025-04-17,13,28
Havale,2025-04-17,14,39
Havale,2025-04-17,15,61
Havale,2025-04-17,16,2
Havale,2025-04-17,17,19
Havale,2025-04-17,18,16
Havale,2025-04-18,5,5
Havale,2025-04-18,6,3
Havale,2025-04-18,7,8
Havale,2025-04-18,8,10
Havale,2025-04-18,9,39
Havale,2025-04-18,10,73
Havale,2025-04-18,11,23
Havale,2025-04-18,12,14
Havale,2025-04-18,13,19
Havale,2025-04-18,14,8
Havale,2025-04-18,15,1
Havale,2025-04-18,16,5
Havale,2025-04-18,17,41
Havale,2025-04-18,19,15
Havale,2025-04-18,20,10
Havale,2025-04-18,21,1
Havale,2025-04-18,22,16
Havale,2025-04-21,3,1
Havale,2025-04-21,4,13
Havale,2025-04-21,5,2
Havale,2025-04-21,6,4
Havale,2025-04-21,7,29
Havale,2025-04-21,8,119
Havale,2025-04-21,9,36
Havale,2025-04-21,10,86
Havale,2025-04-21,11,52
Havale,2025-04-21,12,58
Havale,2025-04-21,13,81
Havale,2025-04-21,14,10
Havale,2025-04-21,15,15
Havale,2025-04-21,16,114
Havale,2025-04-21,17,44
Havale,2025-04-21,18,10
Havale,2025-04-21,19,17
Havale,2025-04-22,0,9
Havale,2025-04-22,7,11
Havale,2025-04-22,8,47
Havale,2025-04-22,9,27
Havale,2025-04-22,10,47
Havale,2025-04-22,11,36
Havale,2025-04-22,12,56
Havale,2025-04-22,13,11
Havale,2025-04-22,14,31
Havale,2025-04-22,15,4
Havale,2025-04-22,16,1
Havale,2025-04-22,17,14
Havale,2025-04-22,19,30
Havale,2025-04-22,20,3
Havale,2025-04-22,23,10
Havale,2025-04-24,0,9
Havale,2025-04-24,5,48
Havale,2025-04-24,6,33
Havale,2025-04-24,7,4
Havale,2025-04-24,8,89
Havale,2025-04-24,9,69
Havale,2025-04-24,10,149
Havale,2025-04-24,11,38
Havale,2025-04-24,12,22
Havale,2025-04-24,13,140
Havale,2025-04-24,14,33
Havale,2025-04-24,15,19
Havale,2025-04-24,16,39
Havale,2025-04-24,17,55
Havale,2025-04-24,18,12
Havale,2025-04-24,20,15
Havale,2025-04-25,2,1
Havale,2025-04-25,6,8
Havale,2025-04-25,7,4
Havale,2025-04-25,8,40
Havale,2025-04-25,9,23
Havale,2025-04-25,10,76
Havale,2025-04-25,11,83
Havale,2025-04-25,12,5
Havale,2025-04-25,13,73
Havale,2025-04-25,14,54
Havale,2025-04-25,15,24
Havale,2025-04-25,16,12
Havale,2025-04-25,17,39
Havale,2025-04-25,18,14
Havale,2025-04-25,19,32
Havale,2025-04-25,22,2
Havale,2025-04-28,0,13
Havale,2025-04-28,4,1
Havale,2025-04-28,5,1
Havale,2025-04-28,6,20
Havale,2025-04-28,7,43
Havale,2025-04-28,8,5
Havale,2025-04-28,9,58
Havale,2025-04-28,10,80
Havale,2025-04-28,11,42
Havale,2025-04-28,13,10
Havale,2025-04-28,14,9
Havale,2025-04-28,15,115
Havale,2025-04-28,16,31
Havale,2025-04-28,17,25
Havale,2025-04-28,19,20
Havale,2025-04-29,0,40
Havale,2025-04-29,1,4
Havale,2025-04-29,3,1
Havale,2025-04-29,5,1
Havale,2025-04-29,7,19
Havale,2025-04-29,8,63
Havale,2025-04-29,9,39
Havale,2025-04-29,10,13
Havale,2025-04-29,11,21
Havale,2025-04-29,12,43
Havale,2025-04-29,13,14
Havale,2025-04-29,14,3
Havale,2025-04-29,15,12
Havale,2025-04-29,16,33
Havale,2025-04-29,17,3
Havale,2025-04-29,18,12
Havale,2025-04-29,22,1
Havale,2025-04-30,1,3
Havale,2025-04-30,4,12
Havale,2025-04-30,6,6
Havale,2025-04-30,7,41
Havale,2025-04-30,8,26
Havale,2025-04-30,9,41
Havale,2025-04-30,10,73
Havale,2025-04-30,11,77
Havale,2025-04-30,12,56
Havale,2025-04-30,13,17
Havale,2025-04-30,14,5
Havale,2025-04-30,15,31
Havale,2025-04-30,16,26
Havale,2025-04-30,17,16
Havale,2025-04-30,18,3
Havale,2025-04-30,19,11
Havale,2025-04-30,21,2
Havale,2025-05-02,2,5
Havale,2025-05-02,6,4
Havale,2025-05-02,7,6
Havale,2025-05-02,8,8
Havale,2025-05-02,9,50
Havale,2025-05-02,10,21
Havale,2025-05-02,11,30
Havale,2025-05-02,12,7
Havale,2025-05-02,13,15
Havale,2025-05-02,14,82
Havale,2025-05-02,15,52
Havale,2025-05-02,16,46
Havale,2025-05-02,17,25
Havale,2025-05-02,18,3
Havale,2025-05-05,2,4
Havale,2025-05-05,7,1
Havale,2025-05-05,8,40
Havale,2025-05-05,9,15
Havale,2025-05-05,10,67
Havale,2025-05-05,11,40
Havale,2025-05-05,12,37
Havale,2025-05-05,13,12
Havale,2025-05-05,14,49
Havale,2025-05-05,15,32
Havale,2025-05-05,16,71
Havale,2025-05-05,17,22
Havale,2025-05-06,0,4
Havale,2025-05-06,3,17
Havale,2025-05-06,5,4
Havale,2025-05-06,6,1
Havale,2025-05-06,7,7
Havale,2025-05-06,8,41
Havale,2025-05-06,9,62
Havale,2025-05-06,10,135
Havale,2025-05-06,11,100
Havale,2025-05-06,12,27
Havale,2025-05-06,13,23
Havale,2025-05-06,14,9
Havale,2025-05-06,15,15
Havale,2025-05-06,16,75
Havale,2025-05-06,18,1
Havale,2025-05-06,19,17
Havale,2025-05-07,0,6
Havale,2025-05-07,6,3
Havale,2025-05-07,7,2
Havale,2025-05-07,8,50
Havale,2025-05-07,9,38
Havale,2025-05-07,10,42
Havale,2025-05-07,11,25
Havale,2025-05-07,12,26
Havale,2025-05-07,13,14
Havale,2025-05-07,14,19
Havale,2025-05-07,15,8
Havale,2025-05-07,16,26
Havale,2025-05-07,17,15
Havale,2025-05-07,18,3
Havale,2025-05-07,20,9
Havale,2025-05-08,6,4
Havale,2025-05-08,7,39
Havale,2025-05-08,8,31
Havale,2025-05-08,9,14
Havale,2025-05-08,10,32
Havale,2025-05-08,11,40
Havale,2025-05-08,12,35
Havale,2025-05-08,13,9
Havale,2025-05-08,14,63
Havale,2025-05-08,15,13
Havale,2025-05-08,16,90
Havale,2025-05-08,17,8
Havale,2025-05-08,19,3
Havale,2025-05-08,21,1
Havale,2025-05-08,23,23
Havale,2025-05-09,4,3
Havale,2025-05-09,6,14
Havale,2025-05-09,7,18
Havale,2025-05-09,8,27
Havale,2025-05-09,9,37
Havale,2025-05-09,10,21
Havale,2025-05-09,11,62
Havale,2025-05-09,12,42
Havale,2025-05-09,13,9
Havale,2025-05-09,14,37
Havale,2025-05-09,15,25
Havale,2025-05-09,16,16
Havale,2025-05-09,17,24
Havale,2025-05-09,18,19
Havale,2025-05-09,21,1
Havale,2025-05-12,3,2
Havale,2025-05-12,5,2
Havale,2025-05-12,7,47
Havale,2025-05-12,8,13
Havale,2025-05-12,9,40
Havale,2025-05-12,10,30
Havale,2025-05-12,11,129
Havale,2025-05-12,12,10
Havale,2025-05-12,13,2
Havale,2025-05-12,14,101
Havale,2025-05-12,15,16
Havale,2025-05-12,16,28
Havale,2025-05-12,17,69
Havale,2025-05-12,18,10
Havale,2025-05-12,19,29
Havale,2025-05-12,21,5
Havale,2025-05-13,6,3
Havale,2025-05-13,7,9
Havale,2025-05-13,8,12
Havale,2025-05-13,9,51
Havale,2025-05-13,10,11
Havale,2025-05-13,11,24
Havale,2025-05-13,12,6
Havale,2025-05-13,13,28
Havale,2025-05-13,14,12
Havale,2025-05-13,15,52
Havale,2025-05-13,16,56
Havale,2025-05-13,17,5
Havale,2025-05-13,18,4
Havale,2025-05-13,19,30
Havale,2025-05-13,21,2
Havale,2025-05-14,0,9
Havale,2025-05-14,2,3
Havale,2025-05-14,6,13
Havale,2025-05-14,7,26
Havale,2025-05-14,8,31
Havale,2025-05-14,9,31
Havale,2025-05-14,10,81
Havale,2025-05-14,11,122
Havale,2025-05-14,12,10
Havale,2025-05-14,13,19
Havale,2025-05-14,14,30
Havale,2025-05-14,15,46
Havale,2025-05-14,16,74
Havale,2025-05-14,17,14
Havale,2025-05-14,18,2
Havale,2025-05-14,19,18
Havale,2025-05-14,21,1
Havale,2025-05-14,22,9
Havale,2025-05-15,1,3
Havale,2025-05-15,3,1
Havale,2025-05-15,5,11
Havale,2025-05-15,6,29
Havale,2025-05-15,7,13
Havale,2025-05-15,8,29
Havale,2025-05-15,9,54
Havale,2025-05-15,10,41
Havale,2025-05-15,11,31
Havale,2025-05-15,12,10
Havale,2025-05-15,13,17
Havale,2025-05-15,14,127
Havale,2025-05-15,15,28
Havale,2025-05-15,16,30
Havale,2025-05-15,17,49
Havale,2025-05-15,18,1
Havale,2025-05-15,19,4
Havale,2025-05-15,22,1
Havale,2025-05-16,7,8
Havale,2025-05-16,8,51
Havale,2025-05-16,9,23
Havale,2025-05-16,10,17
Havale,2025-05-16,11,8
Havale,2025-05-16,12,32
Havale,2025-05-16,13,16
Havale,2025-05-16,14,47
Havale,2025-05-16,15,18
Havale,2025-05-16,16,33
Havale,2025-05-16,17,17
Havale,2025-05-16,18,3
Havale,2025-05-16,19,12
Havale,2025-05-16,21,8
Havale,2025-05-20,2,4
Havale,2025-05-20,6,32
Havale,2025-05-20,7,8
Havale,2025-05-20,8,18
Havale,2025-05-20,9,59
Havale,2025-05-20,10,80
Havale,2025-05-20,11,83
Havale,2025-05-20,12,18
Havale,2025-05-20,13,49
Havale,2025-05-20,14,24
Havale,2025-05-20,15,13
Havale,2025-05-20,16,10
Havale,2025-05-20,17,32
Havale,2025-05-20,18,54
Havale,2025-05-20,19,3
Havale,2025-05-20,21,1
Havale,2025-05-21,0,4
Havale,2025-05-21,2,8
Havale,2025-05-21,3,6
Havale,2025-05-21,4,6
Havale,2025-05-21,6,3
Havale,2025-05-21,7,16
Havale,2025-05-21,8,48
Havale,2025-05-21,9,46
Havale,2025-05-21,10,19
Havale,2025-05-21,11,96
Havale,2025-05-21,12,11
Havale,2025-05-21,13,2
Havale,2025-05-21,14,23
Havale,2025-05-21,15,21
Havale,2025-05-21,16,9
Havale,2025-05-21,17,1
Havale,2025-05-21,18,2
Havale,2025-05-21,19,27
Havale,2025-05-22,0,4
Havale,2025-05-22,2,1
Havale,2025-05-22,3,1
Havale,2025-05-22,5,8
Havale,2025-05-22,6,1
Havale,2025-05-22,8,41
Havale,2025-05-22,9,62
Havale,2025-05-22,10,31
Havale,2025-05-22,11,37
Havale,2025-05-22,12,11
Havale,2025-05-22,13,76
Havale,2025-05-22,14,10
Havale,2025-05-22,15,1
Havale,2025-05-22,16,19
Havale,2025-05-22,17,10
Havale,2025-05-22,19,11
Havale,2025-05-22,20,8
Havale,2025-05-23,0,10
Havale,2025-05-23,5,5
Havale,2025-05-23,7,10
Havale,2025-05-23,8,14
Havale,2025-05-23,9,5
Havale,2025-05-23,10,42
Havale,2025-05-23,11,22
Havale,2025-05-23,12,26
Havale,2025-05-23,13,18
Havale,2025-05-23,14,4
Havale,2025-05-23,15,34
Havale,2025-05-23,16,18
Havale,2025-05-23,17,11
Havale,2025-05-23,18,4
Havale,2025-05-23,19,29
Havale,2025-05-26,6,3
Havale,2025-05-26,7,47
Havale,2025-05-26,8,56
Havale,2025-05-26,9,49
Havale,2025-05-26,10,14
Havale,2025-05-26,11,21
Havale,2025-05-26,12,31
Havale,2025-05-26,13,35
Havale,2025-05-26,14,55
Havale,2025-05-26,15,64
Havale,2025-05-26,16,15
Havale,2025-05-26,17,20
Havale,2025-05-26,18,53
Havale,2025-05-26,19,10
Havale,2025-05-27,2,8
Havale,2025-05-27,5,6
Havale,2025-05-27,6,10
Havale,2025-05-27,7,2
Havale,2025-05-27,8,39
Havale,2025-05-27,9,38
Havale,2025-05-27,10,41
Havale,2025-05-27,11,66
Havale,2025-05-27,12,21
Havale,2025-05-27,13,28
Havale,2025-05-27,14,30
Havale,2025-05-27,15,17
Havale,2025-05-27,16,15
Havale,2025-05-27,18,14
Havale,2025-05-27,19,18
Havale,2025-05-27,20,1
Havale,2025-05-28,1,16
Havale,2025-05-28,4,1
Havale,2025-05-28,6,3
Havale,2025-05-28,7,22
Havale,2025-05-28,8,70
Havale,2025-05-28,9,40
Havale,2025-05-28,10,13
Havale,2025-05-28,11,36
Havale,2025-05-28,12,56
Havale,2025-05-28,13,27
Havale,2025-05-28,14,66
Havale,2025-05-28,15,39
Havale,2025-05-28,16,6
Havale,2025-05-28,17,73
Havale,2025-05-28,18,1
Havale,2025-05-28,19,13
Havale,2025-05-28,20,2
Havale,2025-05-29,2,19
Havale,2025-05-29,7,33
Havale,2025-05-29,8,23
Havale,2025-05-29,9,72
Havale,2025-05-29,10,23
Havale,2025-05-29,11,37
Havale,2025-05-29,12,9
Havale,2025-05-29,13,25
Havale,2025-05-29,14,51
Havale,2025-05-29,15,83
Havale,2025-05-29,16,18
Havale,2025-05-29,18,5
Havale,2025-05-29,19,14
Havale,2025-05-29,23,2
Havale,2025-05-30,0,2
Havale,2025-05-30,3,7
Havale,2025-05-30,5,2
Havale,2025-05-30,6,23
Havale,2025-05-30,7,32
Havale,2025-05-30,8,27
Havale,2025-05-30,9,19
Havale,2025-05-30,10,98
Havale,2025-05-30,11,40
Havale,2025-05-30,12,36
Havale,2025-05-30,13,8
Havale,2025-05-30,14,20
Havale,2025-05-30,15,25
Havale,2025-05-30,16,86
Havale,2025-05-30,17,1
Havale,2025-05-30,18,5
Havale,2025-05-30,19,1
Havale,2025-05-30,23,4
Havale,2025-06-02,2,7
Havale,2025-06-02,4,2
Havale,2025-06-02,6,3
Havale,2025-06-02,7,32
Havale,2025-06-02,8,30
Havale,2025-06-02,9,52
Havale,2025-06-02,10,18
Havale,2025-06-02,11,64
Havale,2025-06-02,12,35
Havale,2025-06-02,13,27
Havale,2025-06-02,14,13
Havale,2025-06-02,15,23
Havale,2025-06-02,16,13
Havale,2025-06-02,17,6
Havale,2025-06-02,18,2
Havale,2025-06-02,20,29
Havale,2025-06-02,23,62
Havale,2025-06-03,1,1
Havale,2025-06-03,4,2
Havale,2025-06-03,7,7
Havale,2025-06-03,8,46
Havale,2025-06-03,9,23
Havale,2025-06-03,10,59
Havale,2025-06-03,11,32
Havale,2025-06-03,12,17
Havale,2025-06-03,13,46
Havale,2025-06-03,14,56
Havale,2025-06-03,15,34
Havale,2025-06-03,16,32
Havale,2025-06-03,17,62
Havale,2025-06-03,18,1
Havale,2025-06-03,19,3
Havale,2025-06-03,22,13
Havale,2025-06-04,0,2
Havale,2025-06-04,6,47
Havale,2025-06-04,7,44
Havale,2025-06-04,8,32
Havale,2025-06-04,9,104
Havale,2025-06-04,10,1
Havale,2025-06-04,11,12
Havale,2025-06-04,12,6
Havale,2025-06-04,13,30
Havale,2025-06-04,14,101
Havale,2025-06-04,15,38
Havale,2025-06-04,16,44
Havale,2025-06-04,17,4
Havale,2025-06-04,18,3
Havale,2025-06-04,19,6
Havale,2025-06-04,20,3
Havale,2025-06-04,23,2
Havale,2025-06-05,6,1
Havale,2025-06-05,7,38
Havale,2025-06-05,8,43
Havale,2025-06-05,9,46
Havale,2025-06-05,10,64
Havale,2025-06-05,11,56
Havale,2025-06-05,12,1
Havale,2025-06-05,13,53
Havale,2025-06-05,14,17
Havale,2025-06-05,15,19
Havale,2025-06-05,16,30
Havale,2025-06-05,17,3
Havale,2025-06-05,18,20
Havale,2025-06-05,19,3
Havale,2025-06-05,22,21
Havale,2025-06-10,1,8
Havale,2025-06-10,3,1
Havale,2025-06-10,6,19
Havale,2025-06-10,7,3
Havale,2025-06-10,8,10
Havale,2025-06-10,9,79
Havale,2025-06-10,10,60
Havale,2025-06-10,11,20
Havale,2025-06-10,12,20
Havale,2025-06-10,13,16
Havale,2025-06-10,14,10
Havale,2025-06-10,15,28
Havale,2025-06-10,16,33
Havale,2025-06-10,17,29
Havale,2025-06-10,18,15
Havale,2025-06-10,19,8
Havale,2025-06-10,20,9
Havale,2025-06-11,2,7
Havale,2025-06-11,6,7
Havale,2025-06-11,7,15
Havale,2025-06-11,8,16
Havale,2025-06-11,9,38
Havale,2025-06-11,10,9
Havale,2025-06-11,11,56
Havale,2025-06-11,12,42
Havale,2025-06-11,13,5
Havale,2025-06-11,14,59
Havale,2025-06-11,15,33
Havale,2025-06-11,16,11
Havale,2025-06-11,17,35
Havale,2025-06-11,18,4
Havale,2025-06-11,19,26
Havale,2025-06-12,0,17
Havale,2025-06-12,6,29
Havale,2025-06-12,7,29
Havale,2025-06-12,8,94
Havale,2025-06-12,9,60
Havale,2025-06-12,10,61
Havale,2025-06-12,11,17
Havale,2025-06-12,12,32
Havale,2025-06-12,13,23
Havale,2025-06-12,14,39
Havale,2025-06-12,15,21
Havale,2025-06-12,16,20
Havale,2025-06-12,17,27
Havale,2025-06-12,18,9
Havale,2025-06-12,19,2
Havale,2025-06-13,1,2
Havale,2025-06-13,6,14
Havale,2025-06-13,7,37
Havale,2025-06-13,8,18
Havale,2025-06-13,9,45
Havale,2025-06-13,10,15
Havale,2025-06-13,11,5
Havale,2025-06-13,12,4
Havale,2025-06-13,13,42
Havale,2025-06-13,14,23
Havale,2025-06-13,15,23
Havale,2025-06-13,16,7
Havale,2025-06-13,17,10
Havale,2025-06-13,18,3
Havale,2025-06-13,19,16
Havale,2025-06-13,20,1
Havale,2025-06-13,21,4
Havale,2025-06-16,3,2
Havale,2025-06-16,6,2
Havale,2025-06-16,7,29
Havale,2025-06-16,8,23
Havale,2025-06-16,9,60
Havale,2025-06-16,10,20
Havale,2025-06-16,11,46
Havale,2025-06-16,12,8
Havale,2025-06-16,13,18
Havale,2025-06-16,14,29
Havale,2025-06-16,15,11
Havale,2025-06-16,16,47
Havale,2025-06-16,17,5
Havale,2025-06-16,18,1
Havale,2025-06-16,19,2
Havale,2025-06-16,23,1
Havale,2025-06-17,0,3
Havale,2025-06-17,5,2
Havale,2025-06-17,6,10
Havale,2025-06-17,7,56
Havale,2025-06-17,8,27
Havale,2025-06-17,9,12
Havale,2025-06-17,10,48
Havale,2025-06-17,11,28
Havale,2025-06-17,12,12
Havale,2025-06-17,13,18
Havale,2025-06-17,14,28
Havale,2025-06-17,15,17
Havale,2025-06-17,16,13
Havale,2025-06-17,17,20
Havale,2025-06-17,18,5
Havale,2025-06-17,19,4
Havale,2025-06-17,21,1
Havale,2025-06-18,4,15
Havale,2025-06-18,6,55
Havale,2025-06-18,7,12
Havale,2025-06-18,8,14
Havale,2025-06-18,9,48
Havale,2025-06-18,10,61
Havale,2025-06-18,11,52
Havale,2025-06-18,12,22
Havale,2025-06-18,13,29
Havale,2025-06-18,14,2
Havale,2025-06-18,15,7
Havale,2025-06-18,16,13
Havale,2025-06-18,17,12
Havale,2025-06-18,18,41
Havale,2025-06-18,19,4
Havale,2025-06-18,23,5
Havale,2025-06-19,3,7
Havale,2025-06-19,5,9
Havale,2025-06-19,6,2
Havale,2025-06-19,7,24
Havale,2025-06-19,8,80
Havale,2025-06-19,9,51
Havale,2025-06-19,10,21
Havale,2025-06-19,11,47
Havale,2025-06-19,12,27
Havale,2025-06-19,13,47
Havale,2025-06-19,14,10
Havale,2025-06-19,15,11
Havale,2025-06-19,16,61
Havale,2025-06-19,17,4
Havale,2025-06-19,18,7
Havale,2025-06-20,2,1
Havale,2025-06-20,6,1
Havale,2025-06-20,7,8
Havale,2025-06-20,8,28
Havale,2025-06-20,9,32
Havale,2025-06-20,10,17
Havale,2025-06-20,11,16
Havale,2025-06-20,12,4
Havale,2025-06-20,13,22
Havale,2025-06-20,14,67
Havale,2025-06-20,15,9
Havale,2025-06-20,16,6
Havale,2025-06-20,17,10
Havale,2025-06-20,18,19
Havale,2025-06-20,19,9
Havale,2025-06-20,21,19
Havale,2025-06-23,0,2
Havale,2025-06-23,2,1
Havale,2025-06-23,6,12
Havale,2025-06-23,7,2
Havale,2025-06-23,8,32
Havale,2025-06-23,9,20
Havale,2025-06-23,10,22
Havale,2025-06-23,11,166
Havale,2025-06-23,12,53
Havale,2025-06-23,13,12
Havale,2025-06-23,14,12
Havale,2025-06-23,15,34
Havale,2025-06-23,16,2
Havale,2025-06-23,17,18
Havale,2025-06-23,18,47
Havale,2025-06-23,19,4
Havale,2025-06-23,22,34
Havale,2025-06-23,23,3
Havale,2025-06-24,0,2
Havale,2025-06-24,1,8
Havale,2025-06-24,2,2
Havale,2025-06-24,4,2
Havale,2025-06-24,5,12
Havale,2025-06-24,6,1
Havale,2025-06-24,7,8
Havale,2025-06-24,8,21
Havale,2025-06-24,9,69
Havale,2025-06-24,10,39
Havale,2025-06-24,11,78
Havale,2025-06-24,12,37
Havale,2025-06-24,13,116
Havale,2025-06-24,14,50
Havale,2025-06-24,15,25
Havale,2025-06-24,16,42
Havale,2025-06-24,17,67
Havale,2025-06-24,18,29
Havale,2025-06-24,19,3
Havale,2025-06-24,22,4
Havale,2025-06-25,6,1
Havale,2025-06-25,7,26
Havale,2025-06-25,8,37
Havale,2025-06-25,9,39
Havale,2025-06-25,10,32
Havale,2025-06-25,11,126
Havale,2025-06-25,12,56
Havale,2025-06-25,13,10
Havale,2025-06-25,14,24
Havale,2025-06-25,15,54
Havale,2025-06-25,16,51
Havale,2025-06-25,17,17
Havale,2025-06-25,18,7
Havale,2025-06-25,19,18
Havale,2025-06-25,20,5
Havale,2025-06-25,22,4
Havale,2025-06-26,6,1
Havale,2025-06-26,7,6
Havale,2025-06-26,8,41
Havale,2025-06-26,9,28
Havale,2025-06-26,10,22
Havale,2025-06-26,11,20
Havale,2025-06-26,12,5
Havale,2025-06-26,13,24
Havale,2025-06-26,14,24
Havale,2025-06-26,15,42
Havale,2025-06-26,16,3
Havale,2025-06-26,17,4
Havale,2025-06-26,18,7
Havale,2025-06-26,19,9
Havale,2025-06-26,21,4
Havale,2025-06-26,22,2
Havale,2025-06-27,7,1
Havale,2025-06-27,8,15
Havale,2025-06-27,9,22
Havale,2025-06-27,10,44
Havale,2025-06-27,11,89
Havale,2025-06-27,12,22
Havale,2025-06-27,13,5
Havale,2025-06-27,14,19
Havale,2025-06-27,15,20
Havale,2025-06-27,16,7
Havale,2025-06-27,17,22
Havale,2025-06-27,18,4
Havale,2025-06-27,19,23
Havale,2025-06-27,21,1
Havale,2025-06-30,6,10
Havale,2025-06-30,7,4
Havale,2025-06-30,8,47
Havale,2025-06-30,9,26
Havale,2025-06-30,10,41
Havale,2025-06-30,11,64
Havale,2025-06-30,12,5
Havale,2025-06-30,13,40
Havale,2025-06-30,14,53
Havale,2025-06-30,15,11
Havale,2025-06-30,16,12
Havale,2025-06-30,17,3
Havale,2025-06-30,18,44
Havale,2025-06-30,19,16
Havale,2025-06-30,20,5
Havale,2025-06-30,21,4
Havale,2025-06-30,22,15
Havale,2025-06-30,23,1
Kredi Ödemesi,2024-01-02,3,3
Kredi Ödemesi,2024-01-02,6,12
Kredi Ödemesi,2024-01-02,7,6
Kredi Ödemesi,2024-01-02,8,41
Kredi Ödemesi,2024-01-02,9,15
Kredi Ödemesi,2024-01-02,10,40
Kredi Ödemesi,2024-01-02,11,19
Kredi Ödemesi,2024-01-02,12,28
Kredi Ödemesi,2024-01-02,13,22
Kredi Ödemesi,2024-01-02,14,3
Kredi Ödemesi,2024-01-02,15,35
Kredi Ödemesi,2024-01-02,16,47
Kredi Ödemesi,2024-01-02,17,5
Kredi Ödemesi,2024-01-02,18,1
Kredi Ödemesi,2024-01-02,19,1
Kredi Ödemesi,2024-01-02,20,2
Kredi Ödemesi,2024-01-03,6,2
Kredi Ödemesi,2024-01-03,7,6
Kredi Ödemesi,2024-01-03,8,2
Kredi Ödemesi,2024-01-03,9,13
Kredi Ödemesi,2024-01-03,10,11
Kredi Ödemesi,2024-01-03,11,6
Kredi Ödemesi,2024-01-03,12,9
Kredi Ödemesi,2024-01-03,13,3
Kredi Ödemesi,2024-01-03,14,8
Kredi Ödemesi,2024-01-03,15,17
Kredi Ödemesi,2024-01-03,16,2
Kredi Ödemesi,2024-01-03,17,2
Kredi Ödemesi,2024-01-04,3,3
Kredi Ödemesi,2024-01-04,6,1
Kredi Ödemesi,2024-01-04,7,1
Kredi Ödemesi,2024-01-04,8,12
Kredi Ödemesi,2024-01-04,9,5
Kredi Ödemesi,2024-01-04,10,2
Kredi Ödemesi,2024-01-04,13,4
Kredi Ödemesi,2024-01-04,14,7
Kredi Ödemesi,2024-01-04,15,1
Kredi Ödemesi,2024-01-04,16,4
Kredi Ödemesi,2024-01-04,22,1
Kredi Ödemesi,2024-01-05,1,3
Kredi Ödemesi,2024-01-05,7,14
Kredi Ödemesi,2024-01-05,8,13
Kredi Ödemesi,2024-01-05,9,46
Kredi Ödemesi,2024-01-05,10,60
Kredi Ödemesi,2024-01-05,11,8
Kredi Ödemesi,2024-01-05,12,6
Kredi Ödemesi,2024-01-05,13,3
Kredi Ödemesi,2024-01-05,14,18
Kredi Ödemesi,2024-01-05,15,51
Kredi Ödemesi,2024-01-05,16,7
Kredi Ödemesi,2024-01-05,17,4
Kredi Ödemesi,2024-01-05,19,3
Kredi Ödemesi,2024-01-05,23,1
Kredi Ödemesi,2024-01-08,3,23
Kredi Ödemesi,2024-01-08,6,9
Kredi Ödemesi,2024-01-08,7,24
Kredi Ödemesi,2024-01-08,8,130
Kredi Ödemesi,2024-01-08,9,43
Kredi Ödemesi,2024-01-08,10,44
Kredi Ödemesi,2024-01-08,11,37
Kredi Ödemesi,2024-01-08,12,17
Kredi Ödemesi,2024-01-08,13,54
Kredi Ödemesi,2024-01-08,14,34
Kredi Ödemesi,2024-01-08,15,75
Kredi Ödemesi,2024-01-08,16,9
Kredi Ödemesi,2024-01-08,17,25
Kredi Ödemesi,2024-01-08,18,75
Kredi Ödemesi,2024-01-08,19,48
Kredi Ödemesi,2024-01-08,20,1
Kredi Ödemesi,2024-01-08,21,11
Kredi Ödemesi,2024-01-09,0,1
Kredi Ödemesi,2024-01-09,2,1
Kredi Ödemesi,2024-01-09,7,14
Kredi Ödemesi,2024-01-09,8,4
Kredi Ödemesi,2024-01-09,9,58
Kredi Ödemesi,2024-01-09,10,16
Kredi Ödemesi,2024-01-09,11,3
Kredi Ödemesi,2024-01-09,12,45
Kredi Ödemesi,2024-01-09,13,16
Kredi Ödemesi,2024-01-09,14,19
Kredi Ödemesi,2024-01-09,15,21
Kredi Ödemesi,2024-01-09,16,35
Kredi Ödemesi,2024-01-09,17,4
Kredi Ödemesi,2024-01-09,18,11
Kredi Ödemesi,2024-01-09,19,10
Kredi Ödemesi,2024-01-09,20,10
Kredi Ödemesi,2024-01-09,21,16
Kredi Ödemesi,2024-01-10,0,1
Kredi Ödemesi,2024-01-10,5,3
Kredi Ödemesi,2024-01-10,6,2
Kredi Ödemesi,2024-01-10,7,5
Kredi Ödemesi,2024-01-10,8,23
Kredi Ödemesi,2024-01-10,9,11
Kredi Ödemesi,2024-01-10,10,9
Kredi Ödemesi,2024-01-10,11,15
Kredi Ödemesi,2024-01-10,12,10
Kredi Ödemesi,2024-01-10,13,7
Kredi Ödemesi,2024-01-10,14,9
Kredi Ödemesi,2024-01-10,15,5
Kredi Ödemesi,2024-01-10,16,4
Kredi Ödemesi,2024-01-10,17,4
Kredi Ödemesi,2024-01-10,20,1
Kredi Ödemesi,2024-01-10,23,1
Kredi Ödemesi,2024-01-11,4,2
Kredi Ödemesi,2024-01-11,5,2
Kredi Ödemesi,2024-01-11,6,2
Kredi Ödemesi,2024-01-11,7,1
Kredi Ödemesi,2024-01-11,8,14
Kredi Ödemesi,2024-01-11,9,14
Kredi Ödemesi,2024-01-11,10,1
Kredi Ödemesi,2024-01-11,11,24
Kredi Ödemesi,2024-01-11,12,4
Kredi Ödemesi,2024-01-11,13,8
Kredi Ödemesi,2024-01-11,14,11
Kredi Ödemesi,2024-01-11,15,2
Kredi Ödemesi,2024-01-11,16,1
Kredi Ödemesi,2024-01-11,17,2
Kredi Ödemesi,2024-01-11,19,1
Kredi Ödemesi,2024-01-11,20,23
Kredi Ödemesi,2024-01-11,21,19
Kredi Ödemesi,2024-01-12,6,4
Kredi Ödemesi,2024-01-12,7,3
Kredi Ödemesi,2024-01-12,8,6
Kredi Ödemesi,2024-01-12,9,9
Kredi Ödemesi,2024-01-12,10,18
Kredi Ödemesi,2024-01-12,11,16
Kredi Ödemesi,2024-01-12,12,10
Kredi Ödemesi,2024-01-12,13,17
Kredi Ödemesi,2024-01-12,14,15
Kredi Ödemesi,2024-01-12,15,16
Kredi Ödemesi,2024-01-12,16,5
Kredi Ödemesi,2024-01-12,17,5
Kredi Ödemesi,2024-01-12,18,11
Kredi Ödemesi,2024-01-12,19,1
Kredi Ödemesi,2024-01-12,22,1
Kredi Ödemesi,2024-01-15,1,3
Kredi Ödemesi,2024-01-15,5,1
Kredi Ödemesi,2024-01-15,6,1
Kredi Ödemesi,2024-01-15,7,3
Kredi Ödemesi,2024-01-15,8,85
Kredi Ödemesi,2024-01-15,9,65
Kredi Ödemesi,2024-01-15,10,9
Kredi Ödemesi,2024-01-15,11,52
Kredi Ödemesi,2024-01-15,12,3
Kredi Ödemesi,2024-01-15,13,34
Kredi Ödemesi,2024-01-15,14,50
Kredi Ödemesi,2024-01-15,15,53
Kredi Ödemesi,2024-01-15,16,21
Kredi Ödemesi,2024-01-15,17,6
Kredi Ödemesi,2024-01-15,18,5
Kredi Ödemesi,2024-01-15,19,7
Kredi Ödemesi,2024-01-16,6,2
Kredi Ödemesi,2024-01-16,8,14
Kredi Ödemesi,2024-01-16,9,16
Kredi Ödemesi,2024-01-16,10,5
Kredi Ödemesi,2024-01-16,11,6
Kredi Ödemesi,2024-01-16,12,25
Kredi Ödemesi,2024-01-16,13,31
Kredi Ödemesi,2024-01-16,14,3
Kredi Ödemesi,2024-01-16,15,13
Kredi Ödemesi,2024-01-16,16,2
Kredi Ödemesi,2024-01-16,17,16
Kredi Ödemesi,2024-01-16,18,4
Kredi Ödemesi,2024-01-16,19,3
Kredi Ödemesi,2024-01-17,2,1
Kredi Ödemesi,2024-01-17,5,14
Kredi Ödemesi,2024-01-17,6,9
Kredi Ödemesi,2024-01-17,7,5
Kredi Ödemesi,2024-01-17,8,133
Kredi Ödemesi,2024-01-17,9,21
Kredi Ödemesi,2024-01-17,10,8
Kredi Ödemesi,2024-01-17,11,58
Kredi Ödemesi,2024-01-17,12,13
Kredi Ödemesi,2024-01-17,13,13
Kredi Ödemesi,2024-01-17,14,55
Kredi Ödemesi,2024-01-17,15,29
Kredi Ödemesi,2024-01-17,16,49
Kredi Ödemesi,2024-01-17,17,10
Kredi Ödemesi,2024-01-17,18,9
Kredi Ödemesi,2024-01-17,19,1
Kredi Ödemesi,2024-01-17,23,4
Kredi Ödemesi,2024-01-18,1,1
Kredi Ödemesi,2024-01-18,5,7
Kredi Ödemesi,2024-01-18,6,1
Kredi Ödemesi,2024-01-18,7,1
Kredi Ödemesi,2024-01-18,8,15
Kredi Ödemesi,2024-01-18,9,20
Kredi Ödemesi,2024-01-18,10,16
Kredi Ödemesi,2024-01-18,11,11
Kredi Ödemesi,2024-01-18,12,8
Kredi Ödemesi,2024-01-18,13,4
Kredi Ödemesi,2024-01-18,14,2
Kredi Ödemesi,2024-01-18,15,2
Kredi Ödemesi,2024-01-18,16,4
Kredi Ödemesi,2024-01-18,17,4
Kredi Ödemesi,2024-01-18,18,10
Kredi Ödemesi,2024-01-19,3,2
Kredi Ödemesi,2024-01-19,7,5
Kredi Ödemesi,2024-01-19,8,62
Kredi Ödemesi,2024-01-19,9,39
Kredi Ödemesi,2024-01-19,10,22
Kredi Ödemesi,2024-01-19,11,26
Kredi Ödemesi,2024-01-19,12,8
Kredi Ödemesi,2024-01-19,13,33
Kredi Ödemesi,2024-01-19,14,4
Kredi Ödemesi,2024-01-19,15,29
Kredi Ödemesi,2024-01-19,16,37
Kredi Ödemesi,2024-01-19,17,2
Kredi Ödemesi,2024-01-19,18,10
Kredi Ödemesi,2024-01-22,1,8
Kredi Ödemesi,2024-01-22,6,5
Kredi Ödemesi,2024-01-22,7,1
Kredi Ödemesi,2024-01-22,8,21
Kredi Ödemesi,2024-01-22,9,17
Kredi Ödemesi,2024-01-22,10,20
Kredi Ödemesi,2024-01-22,11,13
Kredi Ödemesi,2024-01-22,12,1
Kredi Ödemesi,2024-01-22,13,26
Kredi Ödemesi,2024-01-22,14,3
Kredi Ödemesi,2024-01-22,15,8
Kredi Ödemesi,2024-01-22,16,4
Kredi Ödemesi,2024-01-22,17,10
Kredi Ödemesi,2024-01-22,18,3
Kredi Ödemesi,2024-01-22,19,11
Kredi Ödemesi,2024-01-22,20,2
Kredi Ödemesi,2024-01-23,6,15
Kredi Ödemesi,2024-01-23,7,2
Kredi Ödemesi,2024-01-23,8,25
Kredi Ödemesi,2024-01-23,9,58
Kredi Ödemesi,2024-01-23,10,18
Kredi Ödemesi,2024-01-23,12,3
Kredi Ödemesi,2024-01-23,13,14
Kredi Ödemesi,2024-01-23,14,13
Kredi Ödemesi,2024-01-23,15,9
Kredi Ödemesi,2024-01-23,16,4
Kredi Ödemesi,2024-01-23,17,3
Kredi Ödemesi,2024-01-23,18,7
Kredi Ödemesi,2024-01-23,20,2
Kredi Ödemesi,2024-01-24,1,2
Kredi Ödemesi,2024-01-24,5,12
Kredi Ödemesi,2024-01-24,7,4
Kredi Ödemesi,2024-01-24,8,22
Kredi Ödemesi,2024-01-24,9,25
Kredi Ödemesi,2024-01-24,10,93
Kredi Ödemesi,2024-01-24,11,38
Kredi Ödemesi,2024-01-24,12,17
Kredi Ödemesi,2024-01-24,13,60
Kredi Ödemesi,2024-01-24,14,20
Kredi Ödemesi,2024-01-24,15,9
Kredi Ödemesi,2024-01-24,16,16
Kredi Ödemesi,2024-01-24,17,6
Kredi Ödemesi,2024-01-24,18,10
Kredi Ödemesi,2024-01-24,19,4
Kredi Ödemesi,2024-01-25,6,6
Kredi Ödemesi,2024-01-25,7,24
Kredi Ödemesi,2024-01-25,8,21
Kredi Ödemesi,2024-01-25,9,13
Kredi Ödemesi,2024-01-25,10,19
Kredi Ödemesi,2024-01-25,11,13
Kredi Ödemesi,2024-01-25,12,7
Kredi Ödemesi,2024-01-25,13,21
Kredi Ödemesi,2024-01-25,14,14
Kredi Ödemesi,2024-01-25,15,17
Kredi Ödemesi,2024-01-25,16,10
Kredi Ödemesi,2024-01-25,17,7
Kredi Ödemesi,2024-01-25,18,1
Kredi Ödemesi,2024-01-25,19,1
Kredi Ödemesi,2024-01-25,20,1
Kredi Ödemesi,2024-01-25,23,2
Kredi Ödemesi,2024-01-26,3,1
Kredi Ödemesi,2024-01-26,4,16
Kredi Ödemesi,2024-01-26,5,1
Kredi Ödemesi,2024-01-26,6,12
Kredi Ödemesi,2024-01-26,7,9
Kredi Ödemesi,2024-01-26,8,14
Kredi Ödemesi,2024-01-26,9,5
Kredi Ödemesi,2024-01-26,10,30
Kredi Ödemesi,2024-01-26,11,2
Kredi Ödemesi,2024-01-26,12,4
Kredi Ödemesi,2024-01-26,13,12
Kredi Ödemesi,2024-01-26,14,7
Kredi Ödemesi,2024-01-26,15,13
Kredi Ödemesi,2024-01-26,16,8
Kredi Ödemesi,2024-01-26,17,3
Kredi Ödemesi,2024-01-26,18,9
Kredi Ödemesi,2024-01-26,19,13
Kredi Ödemesi,2024-01-26,21,1
Kredi Ödemesi,2024-01-29,0,3
Kredi Ödemesi,2024-01-29,5,2
Kredi Ödemesi,2024-01-29,6,7
Kredi Ödemesi,2024-01-29,7,7
Kredi Ödemesi,2024-01-29,8,122
Kredi Ödemesi,2024-01-29,9,49
Kredi Ödemesi,2024-01-29,10,98
Kredi Ödemesi,2024-01-29,11,60
Kredi Ödemesi,2024-01-29,12,57
Kredi Ödemesi,2024-01-29,13,4
Kredi Ödemesi,2024-01-29,14,60
Kredi Ödemesi,2024-01-29,15,19
Kredi Ödemesi,2024-01-29,16,19
Kredi Ödemesi,2024-01-29,17,19
Kredi Ödemesi,2024-01-29,18,9
Kredi Ödemesi,2024-01-29,19,10
Kredi Ödemesi,2024-01-29,22,18
Kredi Ödemesi,2024-01-30,7,7
Kredi Ödemesi,2024-01-30,8,21
Kredi Ödemesi,2024-01-30,9,1
Kredi Ödemesi,2024-01-30,10,17
Kredi Ödemesi,2024-01-30,11,5
Kredi Ödemesi,2024-01-30,12,10
Kredi Ödemesi,2024-01-30,13,4
Kredi Ödemesi,2024-01-30,14,5
Kredi Ödemesi,2024-01-30,15,24
Kredi Ödemesi,2024-01-30,16,53
Kredi Ödemesi,2024-01-30,17,4
Kredi Ödemesi,2024-01-30,18,5
Kredi Ödemesi,2024-01-31,6,9
Kredi Ödemesi,2024-01-31,7,15
Kredi Ödemesi,2024-01-31,8,71
Kredi Ödemesi,2024-01-31,9,50
Kredi Ödemesi,2024-01-31,10,115
Kredi Ödemesi,2024-01-31,11,127
Kredi Ödemesi,2024-01-31,12,39
Kredi Ödemesi,2024-01-31,13,27
Kredi Ödemesi,2024-01-31,14,41
Kredi Ödemesi,2024-01-31,15,20
Kredi Ödemesi,2024-01-31,16,31
Kredi Ödemesi,2024-01-31,17,58
Kredi Ödemesi,2024-01-31,18,47
Kredi Ödemesi,2024-01-31,19,39
Kredi Ödemesi,2024-01-31,23,1
Kredi Ödemesi,2024-02-01,2,1
Kredi Ödemesi,2024-02-01,6,2
Kredi Ödemesi,2024-02-01,7,3
Kredi Ödemesi,2024-02-01,8,20
Kredi Ödemesi,2024-02-01,9,28
Kredi Ödemesi,2024-02-01,10,7
Kredi Ödemesi,2024-02-01,11,4
Kredi Ödemesi,2024-02-01,12,10
Kredi Ödemesi,2024-02-01,13,5
Kredi Ödemesi,2024-02-01,14,41
Kredi Ödemesi,2024-02-01,15,20
Kredi Ödemesi,2024-02-01,16,7
Kredi Ödemesi,2024-02-01,17,7
Kredi Ödemesi,2024-02-02,7,1
Kredi Ödemesi,2024-02-02,8,15
Kredi Ödemesi,2024-02-02,9,14
Kredi Ödemesi,2024-02-02,10,13
Kredi Ödemesi,2024-02-02,11,17
Kredi Ödemesi,2024-02-02,12,20
Kredi Ödemesi,2024-02-02,13,44
Kredi Ödemesi,2024-02-02,14,21
Kredi Ödemesi,2024-02-02,15,19
Kredi Ödemesi,2024-02-02,16,21
Kredi Ödemesi,2024-02-02,17,2
Kredi Ödemesi,2024-02-02,18,4
Kredi Ödemesi,2024-02-02,19,10
Kredi Ödemesi,2024-02-05,4,1
Kredi Ödemesi,2024-02-05,5,2
Kredi Ödemesi,2024-02-05,6,8
Kredi Ödemesi,2024-02-05,7,3
Kredi Ödemesi,2024-02-05,8,7
Kredi Ödemesi,2024-02-05,9,31
Kredi Ödemesi,2024-02-05,10,21
Kredi Ödemesi,2024-02-05,11,5
Kredi Ödemesi,2024-02-05,12,4
Kredi Ödemesi,2024-02-05,13,3
Kredi Ödemesi,2024-02-05,15,15
Kredi Ödemesi,2024-02-05,16,12
Kredi Ödemesi,2024-02-05,18,1
Kredi Ödemesi,2024-02-05,19,6
Kredi Ödemesi,2024-02-06,6,2
Kredi Ödemesi,2024-02-06,7,2
Kredi Ödemesi,2024-02-06,8,16
Kredi Ödemesi,2024-02-06,9,12
Kredi Ödemesi,2024-02-06,10,5
Kredi Ödemesi,2024-02-06,11,6
Kredi Ödemesi,2024-02-06,12,2
Kredi Ödemesi,2024-02-06,13,3
Kredi Ödemesi,2024-02-06,14,9
Kredi Ödemesi,2024-02-06,15,8
Kredi Ödemesi,2024-02-06,16,20
Kredi Ödemesi,2024-02-06,17,1
Kredi Ödemesi,2024-02-06,18,1
Kredi Ödemesi,2024-02-06,19,2
Kredi Ödemesi,2024-02-07,0,16
Kredi Ödemesi,2024-02-07,5,3
Kredi Ödemesi,2024-02-07,6,5
Kredi Ödemesi,2024-02-07,7,29
Kredi Ödemesi,2024-02-07,8,60
Kredi Ödemesi,2024-02-07,9,65
Kredi Ödemesi,2024-02-07,10,27
Kredi Ödemesi,2024-02-07,11,16
Kredi Ödemesi,2024-02-07,12,9
Kredi Ödemesi,2024-02-07,13,25
Kredi Ödemesi,2024-02-07,14,20
Kredi Ödemesi,2024-02-07,15,2
Kredi Ödemesi,2024-02-07,16,4
Kredi Ödemesi,2024-02-07,17,3
Kredi Ödemesi,2024-02-07,18,8
Kredi Ödemesi,2024-02-07,19,16
Kredi Ödemesi,2024-02-07,22,1
Kredi Ödemesi,2024-02-08,0,1
Kredi Ödemesi,2024-02-08,1,3
Kredi Ödemesi,2024-02-08,2,1
Kredi Ödemesi,2024-02-08,3,1
Kredi Ödemesi,2024-02-08,4,2
Kredi Ödemesi,2024-02-08,6,27
Kredi Ödemesi,2024-02-08,7,15
Kredi Ödemesi,2024-02-08,8,5
Kredi Ödemesi,2024-02-08,9,3
Kredi Ödemesi,2024-02-08,10,21
Kredi Ödemesi,2024-02-08,11,20
Kredi Ödemesi,2024-02-08,12,5
Kredi Ödemesi,2024-02-08,14,10
Kredi Ödemesi,2024-02-08,15,28
Kredi Ödemesi,2024-02-08,16,13
Kredi Ödemesi,2024-02-08,17,26
Kredi Ödemesi,2024-02-08,19,3
Kredi Ödemesi,2024-02-09,2,2
Kredi Ödemesi,2024-02-09,6,2
Kredi Ödemesi,2024-02-09,7,7
Kredi Ödemesi,2024-02-09,8,40
Kredi Ödemesi,2024-02-09,9,23
Kredi Ödemesi,2024-02-09,10,1
Kredi Ödemesi,2024-02-09,11,36
Kredi Ödemesi,2024-02-09,12,16
Kredi Ödemesi,2024-02-09,13,11
Kredi Ödemesi,2024-02-09,14,16
Kredi Ödemesi,2024-02-09,15,28
Kredi Ödemesi,2024-02-09,16,37
Kredi Ödemesi,2024-02-09,17,1
Kredi Ödemesi,2024-02-09,18,6
Kredi Ödemesi,2024-02-09,19,9
Kredi Ödemesi,2024-02-09,20,1
Kredi Ödemesi,2024-02-09,22,7
Kredi Ödemesi,2024-02-12,7,4
Kredi Ödemesi,2024-02-12,8,32
Kredi Ödemesi,2024-02-12,9,16
Kredi Ödemesi,2024-02-12,10,10
Kredi Ödemesi,2024-02-12,11,7
Kredi Ödemesi,2024-02-12,12,21
Kredi Ödemesi,2024-02-12,13,16
Kredi Ödemesi,2024-02-12,14,11
Kredi Ödemesi,2024-02-12,15,18
Kredi Ödemesi,2024-02-12,16,4
Kredi Ödemesi,2024-02-12,18,8
Kredi Ödemesi,2024-02-12,23,1
Kredi Ödemesi,2024-02-13,2,1
Kredi Ödemesi,2024-02-13,3,1
Kredi Ödemesi,2024-02-13,7,10
Kredi Ödemesi,2024-02-13,8,30
Kredi Ödemesi,2024-02-13,9,21
Kredi Ödemesi,2024-02-13,10,8
Kredi Ödemesi,2024-02-13,11,3
Kredi Ödemesi,2024-02-13,12,20
Kredi Ödemesi,2024-02-13,13,59
Kredi Ödemesi,2024-02-13,14,13
Kredi Ödemesi,2024-02-13,15,2
Kredi Ödemesi,2024-02-13,16,7
Kredi Ödemesi,2024-02-13,17,1
Kredi Ödemesi,2024-02-13,18,4
Kredi Ödemesi,2024-02-13,19,1
Kredi Ödemesi,2024-02-13,21,2
Kredi Ödemesi,2024-02-14,3,2
Kredi Ödemesi,2024-02-14,4,1
Kredi Ödemesi,2024-02-14,8,9
Kredi Ödemesi,2024-02-14,9,7
Kredi Ödemesi,2024-02-14,10,8
Kredi Ödemesi,2024-02-14,11,4
Kredi Ödemesi,2024-02-14,12,4
Kredi Ödemesi,2024-02-14,13,10
Kredi Ödemesi,2024-02-14,15,15
Kredi Ödemesi,2024-02-14,16,8
Kredi Ödemesi,2024-02-14,17,3
Kredi Ödemesi,2024-02-14,18,5
Kredi Ödemesi,2024-02-15,2,1
Kredi Ödemesi,2024-02-15,6,1
Kredi Ödemesi,2024-02-15,7,16
Kredi Ödemesi,2024-02-15,8,46
Kredi Ödemesi,2024-02-15,9,17
Kredi Ödemesi,2024-02-15,10,35
Kredi Ödemesi,2024-02-15,11,14
Kredi Ödemesi,2024-02-15,12,23
Kredi Ödemesi,2024-02-15,13,14
Kredi Ödemesi,2024-02-15,14,47
Kredi Ödemesi,2024-02-15,15,11
Kredi Ödemesi,2024-02-15,16,5
Kredi Ödemesi,2024-02-15,17,6
Kredi Ödemesi,2024-02-15,18,4
Kredi Ödemesi,2024-02-15,19,9
Kredi Ödemesi,2024-02-15,21,2
Kredi Ödemesi,2024-02-16,7,3
Kredi Ödemesi,2024-02-16,8,14
Kredi Ödemesi,2024-02-16,9,12
Kredi Ödemesi,2024-02-16,10,7
Kredi Ödemesi,2024-02-16,11,20
Kredi Ödemesi,2024-02-16,12,17
Kredi Ödemesi,2024-02-16,13,1
Kredi Ödemesi,2024-02-16,14,1
Kredi Ödemesi,2024-02-16,15,24
Kredi Ödemesi,2024-02-16,16,2
Kredi Ödemesi,2024-02-16,18,1
Kredi Ödemesi,2024-02-19,2,2
Kredi Ödemesi,2024-02-19,6,1
Kredi Ödemesi,2024-02-19,7,40
Kredi Ödemesi,2024-02-19,8,9
Kredi Ödemesi,2024-02-19,9,58
Kredi Ödemesi,2024-02-19,10,32
Kredi Ödemesi,2024-02-19,11,70
Kredi Ödemesi,2024-02-19,12,22
Kredi Ödemesi,2024-02-19,13,21
Kredi Ödemesi,2024-02-19,14,31
Kredi Ödemesi,2024-02-19,15,9
Kredi Ödemesi,2024-02-19,16,6
Kredi Ödemesi,2024-02-19,17,22
Kredi Ödemesi,2024-02-19,19,16
Kredi Ödemesi,2024-02-19,21,1
Kredi Ödemesi,2024-02-20,2,1
Kredi Ödemesi,2024-02-20,5,7
Kredi Ödemesi,2024-02-20,6,7
Kredi Ödemesi,2024-02-20,7,10
Kredi Ödemesi,2024-02-20,8,4
Kredi Ödemesi,2024-02-20,9,19
Kredi Ödemesi,2024-02-20,10,2
Kredi Ödemesi,2024-02-20,11,36
Kredi Ödemesi,2024-02-20,12,27
Kredi Ödemesi,2024-02-20,13,9
Kredi Ödemesi,2024-02-20,14,6
Kredi Ödemesi,2024-02-20,15,6
Kredi Ödemesi,2024-02-20,16,1
Kredi Ödemesi,2024-02-20,17,12
Kredi Ödemesi,2024-02-20,18,6
Kredi Ödemesi,2024-02-20,21,2
Kredi Ödemesi,2024-02-21,5,2
Kredi Ödemesi,2024-02-21,6,7
Kredi Ödemesi,2024-02-21,7,15
Kredi Ödemesi,2024-02-21,8,5
Kredi Ödemesi,2024-02-21,9,15
Kredi Ödemesi,2024-02-21,10,42
Kredi Ödemesi,2024-02-21,11,3
Kredi Ödemesi,2024-02-21,12,8
Kredi Ödemesi,2024-02-21,13,14
Kredi Ödemesi,2024-02-21,14,44
Kredi Ödemesi,2024-02-21,15,23
Kredi Ödemesi,2024-02-21,16,18
Kredi Ödemesi,2024-02-21,17,19
Kredi Ödemesi,2024-02-21,18,5
Kredi Ödemesi,2024-02-21,19,4
Kredi Ödemesi,2024-02-21,21,2
Kredi Ödemesi,2024-02-21,23,1
Kredi Ödemesi,2024-02-22,4,9
Kredi Ödemesi,2024-02-22,7,8
Kredi Ödemesi,2024-02-22,8,22
Kredi Ödemesi,2024-02-22,9,19
Kredi Ödemesi,2024-02-22,10,17
Kredi Ödemesi,2024-02-22,11,15
Kredi Ödemesi,2024-02-22,12,22
Kredi Ödemesi,2024-02-22,13,7
Kredi Ödemesi,2024-02-22,14,25
Kredi Ödemesi,2024-02-22,15,7
Kredi Ödemesi,2024-02-22,16,13
Kredi Ödemesi,2024-02-22,17,12
Kredi Ödemesi,2024-02-22,19,3
Kredi Ödemesi,2024-02-22,20,2
Kredi Ödemesi,2024-02-22,23,1
Kredi Ödemesi,2024-02-23,2,2
Kredi Ödemesi,2024-02-23,4,1
Kredi Ödemesi,2024-02-23,5,1
Kredi Ödemesi,2024-02-23,6,11
Kredi Ödemesi,2024-02-23,7,2
Kredi Ödemesi,2024-02-23,8,15
Kredi Ödemesi,2024-02-23,9,19
Kredi Ödemesi,2024-02-23,10,56
Kredi Ödemesi,2024-02-23,11,22
Kredi Ödemesi,2024-02-23,12,4
Kredi Ödemesi,2024-02-23,13,35
Kredi Ödemesi,2024-02-23,14,1
Kredi Ödemesi,2024-02-23,15,6
Kredi Ödemesi,2024-02-23,16,13
Kredi Ödemesi,2024-02-23,17,13
Kredi Ödemesi,2024-02-23,18,2
Kredi Ödemesi,2024-02-23,19,2
Kredi Ödemesi,2024-02-23,20,1
Kredi Ödemesi,2024-02-26,0,1
Kredi Ödemesi,2024-02-26,6,15
Kredi Ödemesi,2024-02-26,7,32
Kredi Ödemesi,2024-02-26,8,38
Kredi Ödemesi,2024-02-26,9,16
Kredi Ödemesi,2024-02-26,10,29
Kredi Ödemesi,2024-02-26,11,51
Kredi Ödemesi,2024-02-26,12,45
Kredi Ödemesi,2024-02-26,13,7
Kredi Ödemesi,2024-02-26,14,12
Kredi Ödemesi,2024-02-26,15,22
Kredi Ödemesi,2024-02-26,16,1
Kredi Ödemesi,2024-02-26,17,7
Kredi Ödemesi,2024-02-26,18,35
Kredi Ödemesi,2024-02-26,19,1
Kredi Ödemesi,2024-02-26,20,1
Kredi Ödemesi,2024-02-26,22,5
Kredi Ödemesi,2024-02-26,23,12
Kredi Ödemesi,2024-02-27,2,1
Kredi Ödemesi,2024-02-27,6,1
Kredi Ödemesi,2024-02-27,7,11
Kredi Ödemesi,2024-02-27,8,30
Kredi Ödemesi,2024-02-27,9,75
Kredi Ödemesi,2024-02-27,10,23
Kredi Ödemesi,2024-02-27,11,47
Kredi Ödemesi,2024-02-27,12,17
Kredi Ödemesi,2024-02-27,13,22
Kredi Ödemesi,2024-02-27,14,35
Kredi Ödemesi,2024-02-27,15,41
Kredi Ödemesi,2024-02-27,16,18
Kredi Ödemesi,2024-02-27,18,6
Kredi Ödemesi,2024-02-27,19,4
Kredi Ödemesi,2024-02-27,20,1
Kredi Ödemesi,2024-02-28,0,1
Kredi Ödemesi,2024-02-28,2,2
Kredi Ödemesi,2024-02-28,4,5
Kredi Ödemesi,2024-02-28,6,8
Kredi Ödemesi,2024-02-28,7,8
Kredi Ödemesi,2024-02-28,8,54
Kredi Ödemesi,2024-02-28,9,33
Kredi Ödemesi,2024-02-28,10,9
Kredi Ödemesi,2024-02-28,11,12
Kredi Ödemesi,2024-02-28,12,14
Kredi Ödemesi,2024-02-28,13,2
Kredi Ödemesi,2024-02-28,14,7
Kredi Ödemesi,2024-02-28,15,24
Kredi Ödemesi,2024-02-28,16,3
Kredi Ödemesi,2024-02-28,17,7
Kredi Ödemesi,2024-02-28,18,3
Kredi Ödemesi,2024-02-28,19,47
Kredi Ödemesi,2024-02-29,1,2
Kredi Ödemesi,2024-02-29,4,4
Kredi Ödemesi,2024-02-29,5,5
Kredi Ödemesi,2024-02-29,7,5
Kredi Ödemesi,2024-02-29,8,14
Kredi Ödemesi,2024-02-29,9,19
Kredi Ödemesi,2024-02-29,10,18
Kredi Ödemesi,2024-02-29,11,26
Kredi Ödemesi,2024-02-29,12,21
Kredi Ödemesi,2024-02-29,13,70
Kredi Ödemesi,2024-02-29,14,28
Kredi Ödemesi,2024-02-29,15,7
Kredi Ödemesi,2024-02-29,16,18
Kredi Ödemesi,2024-02-29,17,18
Kredi Ödemesi,2024-02-29,18,6
Kredi Ödemesi,2024-02-29,19,7
Kredi Ödemesi,2024-02-29,20,10
Kredi Ödemesi,2024-03-01,5,2
Kredi Ödemesi,2024-03-01,6,3
Kredi Ödemesi,2024-03-01,7,6
Kredi Ödemesi,2024-03-01,8,4
Kredi Ödemesi,2024-03-01,9,17
Kredi Ödemesi,2024-03-01,10,8
Kredi Ödemesi,2024-03-01,11,11
Kredi Ödemesi,2024-03-01,12,14
Kredi Ödemesi,2024-03-01,13,9
Kredi Ödemesi,2024-03-01,14,6
Kredi Ödemesi,2024-03-01,15,23
Kredi Ödemesi,2024-03-01,16,5
Kredi Ödemesi,2024-03-01,17,2
Kredi Ödemesi,2024-03-01,18,3
Kredi Ödemesi,2024-03-01,19,1
Kredi Ödemesi,2024-03-04,3,7
Kredi Ödemesi,2024-03-04,6,5
Kredi Ödemesi,2024-03-04,7,28
Kredi Ödemesi,2024-03-04,8,84
Kredi Ödemesi,2024-03-04,9,30
Kredi Ödemesi,2024-03-04,10,114
Kredi Ödemesi,2024-03-04,11,66
Kredi Ödemesi,2024-03-04,12,43
Kredi Ödemesi,2024-03-04,13,37
Kredi Ödemesi,2024-03-04,14,62
Kredi Ödemesi,2024-03-04,15,27
Kredi Ödemesi,2024-03-04,16,57
Kredi Ödemesi,2024-03-04,17,7
Kredi Ödemesi,2024-03-04,18,5
Kredi Ödemesi,2024-03-04,19,19
Kredi Ödemesi,2024-03-04,20,10
Kredi Ödemesi,2024-03-05,0,1
Kredi Ödemesi,2024-03-05,3,7
Kredi Ödemesi,2024-03-05,6,3
Kredi Ödemesi,2024-03-05,8,9
Kredi Ödemesi,2024-03-05,9,10
Kredi Ödemesi,2024-03-05,10,42
Kredi Ödemesi,2024-03-05,11,9
Kredi Ödemesi,2024-03-05,12,11
Kredi Ödemesi,2024-03-05,13,13
Kredi Ödemesi,2024-03-05,14,13
Kredi Ödemesi,2024-03-05,15,47
Kredi Ödemesi,2024-03-05,16,8
Kredi Ödemesi,2024-03-05,17,35
Kredi Ödemesi,2024-03-05,18,1
Kredi Ödemesi,2024-03-05,19,3
Kredi Ödemesi,2024-03-05,20,1
Kredi Ödemesi,2024-03-06,6,2
Kredi Ödemesi,2024-03-06,7,3
Kredi Ödemesi,2024-03-06,8,2
Kredi Ödemesi,2024-03-06,9,1
Kredi Ödemesi,2024-03-06,10,6
Kredi Ödemesi,2024-03-06,11,14
Kredi Ödemesi,2024-03-06,12,4
Kredi Ödemesi,2024-03-06,13,7
Kredi Ödemesi,2024-03-06,14,8
Kredi Ödemesi,2024-03-06,16,6
Kredi Ödemesi,2024-03-06,23,4
Kredi Ödemesi,2024-03-07,1,7
Kredi Ödemesi,2024-03-07,6,3
Kredi Ödemesi,2024-03-07,7,4
Kredi Ödemesi,2024-03-07,8,60
Kredi Ödemesi,2024-03-07,9,43
Kredi Ödemesi,2024-03-07,10,35
Kredi Ödemesi,2024-03-07,11,35
Kredi Ödemesi,2024-03-07,12,58
Kredi Ödemesi,2024-03-07,13,10
Kredi Ödemesi,2024-03-07,14,31
Kredi Ödemesi,2024-03-07,15,33
Kredi Ödemesi,2024-03-07,16,5
Kredi Ödemesi,2024-03-07,17,27
Kredi Ödemesi,2024-03-07,18,20
Kredi Ödemesi,2024-03-07,19,1
Kredi Ödemesi,2024-03-07,20,8
Kredi Ödemesi,2024-03-07,21,5
Kredi Ödemesi,2024-03-07,22,5
Kredi Ödemesi,2024-03-08,2,6
Kredi Ödemesi,2024-03-08,3,4
Kredi Ödemesi,2024-03-08,4,14
Kredi Ödemesi,2024-03-08,6,5
Kredi Ödemesi,2024-03-08,7,5
Kredi Ödemesi,2024-03-08,8,15
Kredi Ödemesi,2024-03-08,9,3
Kredi Ödemesi,2024-03-08,10,10
Kredi Ödemesi,2024-03-08,11,13
Kredi Ödemesi,2024-03-08,12,4
Kredi Ödemesi,2024-03-08,13,10
Kredi Ödemesi,2024-03-08,14,12
Kredi Ödemesi,2024-03-08,15,1
Kredi Ödemesi,2024-03-08,16,7
Kredi Ödemesi,2024-03-08,17,1
Kredi Ödemesi,2024-03-08,19,6
Kredi Ödemesi,2024-03-11,5,1
Kredi Ödemesi,2024-03-11,7,23
Kredi Ödemesi,2024-03-11,8,22
Kredi Ödemesi,2024-03-11,9,10
Kredi Ödemesi,2024-03-11,10,38
Kredi Ödemesi,2024-03-11,11,2
Kredi Ödemesi,2024-03-11,12,36
Kredi Ödemesi,2024-03-11,13,33
Kredi Ödemesi,2024-03-11,14,33
Kredi Ödemesi,2024-03-11,15,1
Kredi Ödemesi,2024-03-11,16,3
Kredi Ödemesi,2024-03-11,17,2
Kredi Ödemesi,2024-03-11,18,8
Kredi Ödemesi,2024-03-11,19,1
Kredi Ödemesi,2024-03-12,2,1
Kredi Ödemesi,2024-03-12,6,6
Kredi Ödemesi,2024-03-12,7,41
Kredi Ödemesi,2024-03-12,8,22
Kredi Ödemesi,2024-03-12,9,25
Kredi Ödemesi,2024-03-12,10,33
Kredi Ödemesi,2024-03-12,11,25
Kredi Ödemesi,2024-03-12,12,26
Kredi Ödemesi,2024-03-12,13,10
Kredi Ödemesi,2024-03-12,14,41
Kredi Ödemesi,2024-03-12,15,28
Kredi Ödemesi,2024-03-12,16,34
Kredi Ödemesi,2024-03-12,17,31
Kredi Ödemesi,2024-03-12,18,22
Kredi Ödemesi,2024-03-12,20,18
Kredi Ödemesi,2024-03-13,5,2
Kredi Ödemesi,2024-03-13,7,20
Kredi Ödemesi,2024-03-13,8,52
Kredi Ödemesi,2024-03-13,9,41
Kredi Ödemesi,2024-03-13,10,58
Kredi Ödemesi,2024-03-13,11,53
Kredi Ödemesi,2024-03-13,12,28
Kredi Ödemesi,2024-03-13,13,16
Kredi Ödemesi,2024-03-13,14,18
Kredi Ödemesi,2024-03-13,15,76
Kredi Ödemesi,2024-03-13,16,7
Kredi Ödemesi,2024-03-13,17,49
Kredi Ödemesi,2024-03-13,18,47
Kredi Ödemesi,2024-03-14,0,1
Kredi Ödemesi,2024-03-14,1,1
Kredi Ödemesi,2024-03-14,6,1
Kredi Ödemesi,2024-03-14,7,19
Kredi Ödemesi,2024-03-14,8,37
Kredi Ödemesi,2024-03-14,9,99
Kredi Ödemesi,2024-03-14,10,92
Kredi Ödemesi,2024-03-14,11,20
Kredi Ödemesi,2024-03-14,12,21
Kredi Ödemesi,2024-03-14,13,35
Kredi Ödemesi,2024-03-14,14,32
Kredi Ödemesi,2024-03-14,15,113
Kredi Ödemesi,2024-03-14,16,35
Kredi Ödemesi,2024-03-14,17,24
Kredi Ödemesi,2024-03-14,18,2
Kredi Ödemesi,2024-03-14,19,1
Kredi Ödemesi,2024-03-14,20,2
Kredi Ödemesi,2024-03-14,21,10
Kredi Ödemesi,2024-03-15,2,1
Kredi Ödemesi,2024-03-15,6,6
Kredi Ödemesi,2024-03-15,7,4
Kredi Ödemesi,2024-03-15,8,7
Kredi Ödemesi,2024-03-15,9,12
Kredi Ödemesi,2024-03-15,10,17
Kredi Ödemesi,2024-03-15,11,15
Kredi Ödemesi,2024-03-15,12,3
Kredi Ödemesi,2024-03-15,13,18
Kredi Ödemesi,2024-03-15,14,15
Kredi Ödemesi,2024-03-15,15,9
Kredi Ödemesi,2024-03-15,16,19
Kredi Ödemesi,2024-03-15,17,5
Kredi Ödemesi,2024-03-15,18,3
Kredi Ödemesi,2024-03-15,23,1
Kredi Ödemesi,2024-03-18,4,2
Kredi Ödemesi,2024-03-18,5,1
Kredi Ödemesi,2024-03-18,6,3
Kredi Ödemesi,2024-03-18,7,1
Kredi Ödemesi,2024-03-18,8,64
Kredi Ödemesi,2024-03-18,9,31
Kredi Ödemesi,2024-03-18,10,36
Kredi Ödemesi,2024-03-18,11,14
Kredi Ödemesi,2024-03-18,12,4
Kredi Ödemesi,2024-03-18,13,27
Kredi Ödemesi,2024-03-18,14,11
Kredi Ödemesi,2024-03-18,15,11
Kredi Ödemesi,2024-03-18,16,7
Kredi Ödemesi,2024-03-18,17,45
Kredi Ödemesi,2024-03-18,18,2
Kredi Ödemesi,2024-03-18,19,29
Kredi Ödemesi,2024-03-19,1,15
Kredi Ödemesi,2024-03-19,6,5
Kredi Ödemesi,2024-03-19,7,26
Kredi Ödemesi,2024-03-19,8,86
Kredi Ödemesi,2024-03-19,9,98
Kredi Ödemesi,2024-03-19,10,109
Kredi Ödemesi,2024-03-19,11,22
Kredi Ödemesi,2024-03-19,12,1
Kredi Ödemesi,2024-03-19,13,8
Kredi Ödemesi,2024-03-19,14,69
Kredi Ödemesi,2024-03-19,15,51
Kredi Ödemesi,2024-03-19,16,18
Kredi Ödemesi,2024-03-19,17,14
Kredi Ödemesi,2024-03-19,18,5
Kredi Ödemesi,2024-03-19,19,3
Kredi Ödemesi,2024-03-19,21,19
Kredi Ödemesi,2024-03-20,0,2
Kredi Ödemesi,2024-03-20,1,1
Kredi Ödemesi,2024-03-20,2,7
Kredi Ödemesi,2024-03-20,6,2
Kredi Ödemesi,2024-03-20,7,9
Kredi Ödemesi,2024-03-20,8,31
Kredi Ödemesi,2024-03-20,9,37
Kredi Ödemesi,2024-03-20,10,17
Kredi Ödemesi,2024-03-20,11,11
Kredi Ödemesi,2024-03-20,12,7
Kredi Ödemesi,2024-03-20,13,13
Kredi Ödemesi,2024-03-20,14,22
Kredi Ödemesi,2024-03-20,15,9
Kredi Ödemesi,2024-03-20,16,18
Kredi Ödemesi,2024-03-20,17,10
Kredi Ödemesi,2024-03-20,18,5
Kredi Ödemesi,2024-03-20,19,11
Kredi Ödemesi,2024-03-21,4,1
Kredi Ödemesi,2024-03-21,7,6
Kredi Ödemesi,2024-03-21,8,27
Kredi Ödemesi,2024-03-21,9,19
Kredi Ödemesi,2024-03-21,10,15
Kredi Ödemesi,2024-03-21,11,75
Kredi Ödemesi,2024-03-21,13,33
Kredi Ödemesi,2024-03-21,14,3
Kredi Ödemesi,2024-03-21,15,8
Kredi Ödemesi,2024-03-21,16,11
Kredi Ödemesi,2024-03-21,17,9
Kredi Ödemesi,2024-03-21,18,5
Kredi Ödemesi,2024-03-21,19,2
Kredi Ödemesi,2024-03-22,2,1
Kredi Ödemesi,2024-03-22,5,34
Kredi Ödemesi,2024-03-22,7,21
Kredi Ödemesi,2024-03-22,8,23
Kredi Ödemesi,2024-03-22,9,49
Kredi Ödemesi,2024-03-22,10,43
Kredi Ödemesi,2024-03-22,11,11
Kredi Ödemesi,2024-03-22,12,2
Kredi Ödemesi,2024-03-22,13,18
Kredi Ödemesi,2024-03-22,14,8
Kredi Ödemesi,2024-03-22,15,23
Kredi Ödemesi,2024-03-22,16,15
Kredi Ödemesi,2024-03-22,17,13
Kredi Ödemesi,2024-03-22,18,24
Kredi Ödemesi,2024-03-22,19,5
Kredi Ödemesi,2024-03-25,4,17
Kredi Ödemesi,2024-03-25,6,5
Kredi Ödemesi,2024-03-25,8,8
Kredi Ödemesi,2024-03-25,9,27
Kredi Ödemesi,2024-03-25,10,9
Kredi Ödemesi,2024-03-25,11,36
Kredi Ödemesi,2024-03-25,12,7
Kredi Ödemesi,2024-03-25,13,23
Kredi Ödemesi,2024-03-25,14,3
Kredi Ödemesi,2024-03-25,15,10
Kredi Ödemesi,2024-03-25,17,3
Kredi Ödemesi,2024-03-25,18,5
Kredi Ödemesi,2024-03-25,19,2
Kredi Ödemesi,2024-03-26,1,1
Kredi Ödemesi,2024-03-26,3,1
Kredi Ödemesi,2024-03-26,7,7
Kredi Ödemesi,2024-03-26,8,18
Kredi Ödemesi,2024-03-26,9,50
Kredi Ödemesi,2024-03-26,10,17
Kredi Ödemesi,2024-03-26,11,42
Kredi Ödemesi,2024-03-26,12,8
Kredi Ödemesi,2024-03-26,13,19
Kredi Ödemesi,2024-03-26,14,12
Kredi Ödemesi,2024-03-26,22,3
Kredi Ödemesi,2024-03-26,23,2
Kredi Ödemesi,2024-03-27,1,3
Kredi Ödemesi,2024-03-27,7,1
Kredi Ödemesi,2024-03-27,8,5
Kredi Ödemesi,2024-03-27,9,3
Kredi Ödemesi,2024-03-27,10,13
Kredi Ödemesi,2024-03-27,11,6
Kredi Ödemesi,2024-03-27,12,5
Kredi Ödemesi,2024-03-27,14,1
Kredi Ödemesi,2024-03-27,16,3
Kredi Ödemesi,2024-03-27,17,8
Kredi Ödemesi,2024-03-28,0,1
Kredi Ödemesi,2024-03-28,2,1
Kredi Ödemesi,2024-03-28,3,5
Kredi Ödemesi,2024-03-28,6,3
Kredi Ödemesi,2024-03-28,7,15
Kredi Ödemesi,2024-03-28,8,25
Kredi Ödemesi,2024-03-28,9,15
Kredi Ödemesi,2024-03-28,10,21
Kredi Ödemesi,2024-03-28,11,19
Kredi Ödemesi,2024-03-28,12,16
Kredi Ödemesi,2024-03-28,13,16
Kredi Ödemesi,2024-03-28,14,22
Kredi Ödemesi,2024-03-28,15,34
Kredi Ödemesi,2024-03-28,16,1
Kredi Ödemesi,2024-03-28,17,3
Kredi Ödemesi,2024-03-28,18,16
Kredi Ödemesi,2024-03-28,19,28
Kredi Ödemesi,2024-03-28,21,4
Kredi Ödemesi,2024-03-29,1,1
Kredi Ödemesi,2024-03-29,3,2
Kredi Ödemesi,2024-03-29,4,2
Kredi Ödemesi,2024-03-29,6,3
Kredi Ödemesi,2024-03-29,7,4
Kredi Ödemesi,2024-03-29,8,20
Kredi Ödemesi,2024-03-29,9,36
Kredi Ödemesi,2024-03-29,10,3
Kredi Ödemesi,2024-03-29,11,9
Kredi Ödemesi,2024-03-29,12,15
Kredi Ödemesi,2024-03-29,13,16
Kredi Ödemesi,2024-03-29,14,16
Kredi Ödemesi,2024-03-29,15,6
Kredi Ödemesi,2024-03-29,16,6
Kredi Ödemesi,2024-03-29,17,5
Kredi Ödemesi,2024-03-29,18,8
Kredi Ödemesi,2024-03-29,19,8
Kredi Ödemesi,2024-04-01,0,1
Kredi Ödemesi,2024-04-01,5,1
Kredi Ödemesi,2024-04-01,7,12
Kredi Ödemesi,2024-04-01,8,18
Kredi Ödemesi,2024-04-01,9,13
Kredi Ödemesi,2024-04-01,10,10
Kredi Ödemesi,2024-04-01,11,7
Kredi Ödemesi,2024-04-01,12,14
Kredi Ödemesi,2024-04-01,13,16
Kredi Ödemesi,2024-04-01,14,6
Kredi Ödemesi,2024-04-01,15,4
Kredi Ödemesi,2024-04-01,16,6
Kredi Ödemesi,2024-04-01,17,9
Kredi Ödemesi,2024-04-01,18,15
Kredi Ödemesi,2024-04-01,23,4
Kredi Ödemesi,2024-04-02,1,1
Kredi Ödemesi,2024-04-02,4,2
Kredi Ödemesi,2024-04-02,7,4
Kredi Ödemesi,2024-04-02,8,6
Kredi Ödemesi,2024-04-02,9,13
Kredi Ödemesi,2024-04-02,10,13
Kredi Ödemesi,2024-04-02,11,1
Kredi Ödemesi,2024-04-02,12,7
Kredi Ödemesi,2024-04-02,13,4
Kredi Ödemesi,2024-04-02,14,10
Kredi Ödemesi,2024-04-02,15,4
Kredi Ödemesi,2024-04-02,16,1
Kredi Ödemesi,2024-04-02,17,4
Kredi Ödemesi,2024-04-02,18,12
Kredi Ödemesi,2024-04-02,19,3
Kredi Ödemesi,2024-04-03,4,1
Kredi Ödemesi,2024-04-03,6,4
Kredi Ödemesi,2024-04-03,7,12
Kredi Ödemesi,2024-04-03,8,9
Kredi Ödemesi,2024-04-03,9,38
Kredi Ödemesi,2024-04-03,10,7
Kredi Ödemesi,2024-04-03,11,38
Kredi Ödemesi,2024-04-03,12,11
Kredi Ödemesi,2024-04-03,13,22
Kredi Ödemesi,2024-04-03,14,38
Kredi Ödemesi,2024-04-03,15,11
Kredi Ödemesi,2024-04-03,16,18
Kredi Ödemesi,2024-04-03,17,9
Kredi Ödemesi,2024-04-03,18,3
Kredi Ödemesi,2024-04-03,21,1
Kredi Ödemesi,2024-04-04,7,4
Kredi Ödemesi,2024-04-04,8,15
Kredi Ödemesi,2024-04-04,9,8
Kredi Ödemesi,2024-04-04,10,3
Kredi Ödemesi,2024-04-04,11,12
Kredi Ödemesi,2024-04-04,12,6
Kredi Ödemesi,2024-04-04,13,1
Kredi Ödemesi,2024-04-04,14,10
Kredi Ödemesi,2024-04-04,15,7
Kredi Ödemesi,2024-04-04,16,2
Kredi Ödemesi,2024-04-04,17,1
Kredi Ödemesi,2024-04-04,18,1
Kredi Ödemesi,2024-04-05,0,9
Kredi Ödemesi,2024-04-05,3,21
Kredi Ödemesi,2024-04-05,4,5
Kredi Ödemesi,2024-04-05,6,5
Kredi Ödemesi,2024-04-05,7,9
Kredi Ödemesi,2024-04-05,8,52
Kredi Ödemesi,2024-04-05,9,9
Kredi Ödemesi,2024-04-05,10,45
Kredi Ödemesi,2024-04-05,11,13
Kredi Ödemesi,2024-04-05,12,9
Kredi Ödemesi,2024-04-05,13,18
Kredi Ödemesi,2024-04-05,14,40
Kredi Ödemesi,2024-04-05,15,18
Kredi Ödemesi,2024-04-05,16,11
Kredi Ödemesi,2024-04-05,17,3
Kredi Ödemesi,2024-04-05,18,1
Kredi Ödemesi,2024-04-05,20,2
Kredi Ödemesi,2024-04-08,0,22
Kredi Ödemesi,2024-04-08,6,5
Kredi Ödemesi,2024-04-08,7,38
Kredi Ödemesi,2024-04-08,8,66
Kredi Ödemesi,2024-04-08,9,87
Kredi Ödemesi,2024-04-08,10,148
Kredi Ödemesi,2024-04-08,11,61
Kredi Ödemesi,2024-04-08,12,21
Kredi Ödemesi,2024-04-08,13,15
Kredi Ödemesi,2024-04-08,14,89
Kredi Ödemesi,2024-04-08,15,29
Kredi Ödemesi,2024-04-08,16,38
Kredi Ödemesi,2024-04-08,17,43
Kredi Ödemesi,2024-04-08,18,20
Kredi Ödemesi,2024-04-08,19,31
Kredi Ödemesi,2024-04-08,20,2
Kredi Ödemesi,2024-04-09,6,2
Kredi Ödemesi,2024-04-09,7,35
Kredi Ödemesi,2024-04-09,8,16
Kredi Ödemesi,2024-04-09,9,7
Kredi Ödemesi,2024-04-09,10,6
Kredi Ödemesi,2024-04-09,11,18
Kredi Ödemesi,2024-04-09,12,43
Kredi Ödemesi,2024-04-09,13,21
Kredi Ödemesi,2024-04-09,14,18
Kredi Ödemesi,2024-04-09,15,23
Kredi Ödemesi,2024-04-09,16,5
Kredi Ödemesi,2024-04-09,17,18
Kredi Ödemesi,2024-04-09,18,1
Kredi Ödemesi,2024-04-09,20,1
Kredi Ödemesi,2024-04-15,1,1
Kredi Ödemesi,2024-04-15,2,3
Kredi Ödemesi,2024-04-15,3,11
Kredi Ödemesi,2024-04-15,5,10
Kredi Ödemesi,2024-04-15,7,61
Kredi Ödemesi,2024-04-15,8,40
Kredi Ödemesi,2024-04-15,9,47
Kredi Ödemesi,2024-04-15,10,26
Kredi Ödemesi,2024-04-15,11,28
Kredi Ödemesi,2024-04-15,12,35
Kredi Ödemesi,2024-04-15,13,51
Kredi Ödemesi,2024-04-15,14,62
Kredi Ödemesi,2024-04-15,15,27
Kredi Ödemesi,2024-04-15,16,45
Kredi Ödemesi,2024-04-15,17,68
Kredi Ödemesi,2024-04-15,18,19
Kredi Ödemesi,2024-04-15,19,14
Kredi Ödemesi,2024-04-15,21,22
Kredi Ödemesi,2024-04-16,3,1
Kredi Ödemesi,2024-04-16,4,4
Kredi Ödemesi,2024-04-16,6,14
Kredi Ödemesi,2024-04-16,8,47
Kredi Ödemesi,2024-04-16,9,72
Kredi Ödemesi,2024-04-16,10,27
Kredi Ödemesi,2024-04-16,11,5
Kredi Ödemesi,2024-04-16,12,29
Kredi Ödemesi,2024-04-16,13,8
Kredi Ödemesi,2024-04-16,14,73
Kredi Ödemesi,2024-04-16,15,10
Kredi Ödemesi,2024-04-16,16,27
Kredi Ödemesi,2024-04-16,17,1
Kredi Ödemesi,2024-04-16,19,2
Kredi Ödemesi,2024-04-16,21,7
Kredi Ödemesi,2024-04-17,6,10
Kredi Ödemesi,2024-04-17,7,14
Kredi Ödemesi,2024-04-17,8,11
Kredi Ödemesi,2024-04-17,9,24
Kredi Ödemesi,2024-04-17,10,22
Kredi Ödemesi,2024-04-17,11,12
Kredi Ödemesi,2024-04-17,12,63
Kredi Ödemesi,2024-04-17,13,13
Kredi Ödemesi,2024-04-17,14,6
Kredi Ödemesi,2024-04-17,15,24
Kredi Ödemesi,2024-04-17,16,11
Kredi Ödemesi,2024-04-17,17,14
Kredi Ödemesi,2024-04-17,18,29
Kredi Ödemesi,2024-04-17,19,12
Kredi Ödemesi,2024-04-17,23,3
Kredi Ödemesi,2024-04-18,2,1
Kredi Ödemesi,2024-04-18,4,1
Kredi Ödemesi,2024-04-18,6,1
Kredi Ödemesi,2024-04-18,7,17
Kredi Ödemesi,2024-04-18,8,40
Kredi Ödemesi,2024-04-18,9,52
Kredi Ödemesi,2024-04-18,10,17
Kredi Ödemesi,2024-04-18,11,14
Kredi Ödemesi,2024-04-18,12,26
Kredi Ödemesi,2024-04-18,13,14
Kredi Ödemesi,2024-04-18,14,7
Kredi Ödemesi,2024-04-18,15,55
Kredi Ödemesi,2024-04-18,16,49
Kredi Ödemesi,2024-04-18,17,23
Kredi Ödemesi,2024-04-18,18,8
Kredi Ödemesi,2024-04-18,19,18
Kredi Ödemesi,2024-04-19,2,1
Kredi Ödemesi,2024-04-19,4,1
Kredi Ödemesi,2024-04-19,7,16
Kredi Ödemesi,2024-04-19,8,27
Kredi Ödemesi,2024-04-19,9,6
Kredi Ödemesi,2024-04-19,10,17
Kredi Ödemesi,2024-04-19,11,26
Kredi Ödemesi,2024-04-19,12,26
Kredi Ödemesi,2024-04-19,13,2
Kredi Ödemesi,2024-04-19,14,6
Kredi Ödemesi,2024-04-19,15,3
Kredi Ödemesi,2024-04-19,16,15
Kredi Ödemesi,2024-04-19,17,4
Kredi Ödemesi,2024-04-19,18,1
Kredi Ödemesi,2024-04-19,19,1
Kredi Ödemesi,2024-04-19,22,1
Kredi Ödemesi,2024-04-22,0,1
Kredi Ödemesi,2024-04-22,7,32
Kredi Ödemesi,2024-04-22,8,30
Kredi Ödemesi,2024-04-22,9,44
Kredi Ödemesi,2024-04-22,10,20
Kredi Ödemesi,2024-04-22,11,68
Kredi Ödemesi,2024-04-22,12,16
Kredi Ödemesi,2024-04-22,13,6
Kredi Ödemesi,2024-04-22,14,8
Kredi Ödemesi,2024-04-22,15,17
Kredi Ödemesi,2024-04-22,16,19
Kredi Ödemesi,2024-04-22,17,62
Kredi Ödemesi,2024-04-22,18,10
Kredi Ödemesi,2024-04-24,6,1
Kredi Ödemesi,2024-04-24,7,18
Kredi Ödemesi,2024-04-24,8,20
Kredi Ödemesi,2024-04-24,9,14
Kredi Ödemesi,2024-04-24,10,32
Kredi Ödemesi,2024-04-24,11,8
Kredi Ödemesi,2024-04-24,12,4
Kredi Ödemesi,2024-04-24,13,46
Kredi Ödemesi,2024-04-24,14,69
Kredi Ödemesi,2024-04-24,15,1
Kredi Ödemesi,2024-04-24,16,6
Kredi Ödemesi,2024-04-24,17,7
Kredi Ödemesi,2024-04-24,18,2
Kredi Ödemesi,2024-04-25,2,4
Kredi Ödemesi,2024-04-25,4,1
Kredi Ödemesi,2024-04-25,7,7
Kredi Ödemesi,2024-04-25,8,46
Kredi Ödemesi,2024-04-25,9,2
Kredi Ödemesi,2024-04-25,10,7
Kredi Ödemesi,2024-04-25,11,2
Kredi Ödemesi,2024-04-25,12,3
Kredi Ödemesi,2024-04-25,13,17
Kredi Ödemesi,2024-04-25,14,15
Kredi Ödemesi,2024-04-25,15,2
Kredi Ödemesi,2024-04-25,16,5
Kredi Ödemesi,2024-04-25,18,3
Kredi Ödemesi,2024-04-25,19,3
Kredi Ödemesi,2024-04-26,2,1
Kredi Ödemesi,2024-04-26,4,1
Kredi Ödemesi,2024-04-26,6,3
Kredi Ödemesi,2024-04-26,7,22
Kredi Ödemesi,2024-04-26,8,6
Kredi Ödemesi,2024-04-26,9,28
Kredi Ödemesi,2024-04-26,10,18
Kredi Ödemesi,2024-04-26,11,19
Kredi Ödemesi,2024-04-26,12,5
Kredi Ödemesi,2024-04-26,13,21
Kredi Ödemesi,2024-04-26,14,31
Kredi Ödemesi,2024-04-26,15,10
Kredi Ödemesi,2024-04-26,16,21
Kredi Ödemesi,2024-04-26,17,5
Kredi Ödemesi,2024-04-26,19,3
Kredi Ödemesi,2024-04-26,22,3
Kredi Ödemesi,2024-04-29,7,6
Kredi Ödemesi,2024-04-29,8,19
Kredi Ödemesi,2024-04-29,9,20
Kredi Ödemesi,2024-04-29,10,26
Kredi Ödemesi,2024-04-29,11,27
Kredi Ödemesi,2024-04-29,12,9
Kredi Ödemesi,2024-04-29,13,3
Kredi Ödemesi,2024-04-29,14,9
Kredi Ödemesi,2024-04-29,15,11
Kredi Ödemesi,2024-04-29,16,1
Kredi Ödemesi,2024-04-29,17,3
Kredi Ödemesi,2024-04-29,19,9
Kredi Ödemesi,2024-04-29,20,1
Kredi Ödemesi,2024-04-30,6,1
Kredi Ödemesi,2024-04-30,7,3
Kredi Ödemesi,2024-04-30,8,29
Kredi Ödemesi,2024-04-30,9,49
Kredi Ödemesi,2024-04-30,10,34
Kredi Ödemesi,2024-04-30,11,7
Kredi Ödemesi,2024-04-30,12,6
Kredi Ödemesi,2024-04-30,13,18
Kredi Ödemesi,2024-04-30,14,7
Kredi Ödemesi,2024-04-30,15,4
Kredi Ödemesi,2024-04-30,16,14
Kredi Ödemesi,2024-04-30,17,27
Kredi Ödemesi,2024-04-30,18,12
Kredi Ödemesi,2024-04-30,19,1
Kredi Ödemesi,2024-04-30,20,9
Kredi Ödemesi,2024-05-02,0,2
Kredi Ödemesi,2024-05-02,6,1
Kredi Ödemesi,2024-05-02,7,32
Kredi Ödemesi,2024-05-02,8,40
Kredi Ödemesi,2024-05-02,9,18
Kredi Ödemesi,2024-05-02,10,18
Kredi Ödemesi,2024-05-02,11,22
Kredi Ödemesi,2024-05-02,12,65
Kredi Ödemesi,2024-05-02,13,38
Kredi Ödemesi,2024-05-02,14,40
Kredi Ödemesi,2024-05-02,15,10
Kredi Ödemesi,2024-05-02,16,13
Kredi Ödemesi,2024-05-02,17,13
Kredi Ödemesi,2024-05-02,18,15
Kredi Ödemesi,2024-05-02,19,14
Kredi Ödemesi,2024-05-02,23,2
Kredi Ödemesi,2024-05-03,5,4
Kredi Ödemesi,2024-05-03,6,3
Kredi Ödemesi,2024-05-03,7,22
Kredi Ödemesi,2024-05-03,8,34
Kredi Ödemesi,2024-05-03,9,9
Kredi Ödemesi,2024-05-03,10,9
Kredi Ödemesi,2024-05-03,11,72
Kredi Ödemesi,2024-05-03,12,9
Kredi Ödemesi,2024-05-03,13,10
Kredi Ödemesi,2024-05-03,14,3
Kredi Ödemesi,2024-05-03,15,24
Kredi Ödemesi,2024-05-03,16,9
Kredi Ödemesi,2024-05-03,17,5
Kredi Ödemesi,2024-05-03,18,1
Kredi Ödemesi,2024-05-03,22,1
Kredi Ödemesi,2024-05-06,6,7
Kredi Ödemesi,2024-05-06,7,13
Kredi Ödemesi,2024-05-06,8,35
Kredi Ödemesi,2024-05-06,9,23
Kredi Ödemesi,2024-05-06,10,2
Kredi Ödemesi,2024-05-06,11,12
Kredi Ödemesi,2024-05-06,12,2
Kredi Ödemesi,2024-05-06,13,29
Kredi Ödemesi,2024-05-06,14,30
Kredi Ödemesi,2024-05-06,15,9
Kredi Ödemesi,2024-05-06,16,27
Kredi Ödemesi,2024-05-06,17,7
Kredi Ödemesi,2024-05-06,18,3
Kredi Ödemesi,2024-05-06,19,11
Kredi Ödemesi,2024-05-06,21,3
Kredi Ödemesi,2024-05-06,22,3
Kredi Ödemesi,2024-05-07,1,6
Kredi Ödemesi,2024-05-07,6,12
Kredi Ödemesi,2024-05-07,7,3
Kredi Ödemesi,2024-05-07,8,120
Kredi Ödemesi,2024-05-07,9,43
Kredi Ödemesi,2024-05-07,10,14
Kredi Ödemesi,2024-05-07,11,47
Kredi Ödemesi,2024-05-07,12,73
Kredi Ödemesi,2024-05-07,13,30
Kredi Ödemesi,2024-05-07,14,81
Kredi Ödemesi,2024-05-07,15,44
Kredi Ödemesi,2024-05-07,16,16
Kredi Ödemesi,2024-05-07,17,32
Kredi Ödemesi,2024-05-07,18,4
Kredi Ödemesi,2024-05-07,19,23
Kredi Ödemesi,2024-05-07,20,1
Kredi Ödemesi,2024-05-08,6,1
Kredi Ödemesi,2024-05-08,7,1
Kredi Ödemesi,2024-05-08,8,6
Kredi Ödemesi,2024-05-08,9,9
Kredi Ödemesi,2024-05-08,11,1
Kredi Ödemesi,2024-05-08,12,3
Kredi Ödemesi,2024-05-08,13,12
Kredi Ödemesi,2024-05-08,14,2
Kredi Ödemesi,2024-05-08,15,2
Kredi Ödemesi,2024-05-08,16,1
Kredi Ödemesi,2024-05-08,17,4
Kredi Ödemesi,2024-05-08,18,3
Kredi Ödemesi,2024-05-08,19,1
Kredi Ödemesi,2024-05-08,20,2
Kredi Ödemesi,2024-05-08,22,1
Kredi Ödemesi,2024-05-09,7,22
Kredi Ödemesi,2024-05-09,8,2
Kredi Ödemesi,2024-05-09,9,37
Kredi Ödemesi,2024-05-09,10,8
Kredi Ödemesi,2024-05-09,11,24
Kredi Ödemesi,2024-05-09,12,3
Kredi Ödemesi,2024-05-09,13,19
Kredi Ödemesi,2024-05-09,14,2
Kredi Ödemesi,2024-05-09,15,12
Kredi Ödemesi,2024-05-09,18,2
Kredi Ödemesi,2024-05-09,20,1
Kredi Ödemesi,2024-05-10,0,1
Kredi Ödemesi,2024-05-10,6,3
Kredi Ödemesi,2024-05-10,7,12
Kredi Ödemesi,2024-05-10,8,19
Kredi Ödemesi,2024-05-10,9,3
Kredi Ödemesi,2024-05-10,10,29
Kredi Ödemesi,2024-05-10,11,20
Kredi Ödemesi,2024-05-10,12,83
Kredi Ödemesi,2024-05-10,13,19
Kredi Ödemesi,2024-05-10,14,20
Kredi Ödemesi,2024-05-10,15,8
Kredi Ödemesi,2024-05-10,16,7
Kredi Ödemesi,2024-05-10,17,20
Kredi Ödemesi,2024-05-10,19,5
Kredi Ödemesi,2024-05-13,2,15
Kredi Ödemesi,2024-05-13,5,2
Kredi Ödemesi,2024-05-13,6,4
Kredi Ödemesi,2024-05-13,7,16
Kredi Ödemesi,2024-05-13,8,149
Kredi Ödemesi,2024-05-13,9,51
Kredi Ödemesi,2024-05-13,10,14
Kredi Ödemesi,2024-05-13,11,58
Kredi Ödemesi,2024-05-13,12,1
Kredi Ödemesi,2024-05-13,13,47
Kredi Ödemesi,2024-05-13,14,59
Kredi Ödemesi,2024-05-13,15,9
Kredi Ödemesi,2024-05-13,16,16
Kredi Ödemesi,2024-05-13,17,71
Kredi Ödemesi,2024-05-13,18,13
Kredi Ödemesi,2024-05-13,19,3
Kredi Ödemesi,2024-05-13,22,7
Kredi Ödemesi,2024-05-14,2,4
Kredi Ödemesi,2024-05-14,3,6
Kredi Ödemesi,2024-05-14,7,1
Kredi Ödemesi,2024-05-14,8,16
Kredi Ödemesi,2024-05-14,9,39
Kredi Ödemesi,2024-05-14,10,26
Kredi Ödemesi,2024-05-14,11,14
Kredi Ödemesi,2024-05-14,12,3
Kredi Ödemesi,2024-05-14,13,38
Kredi Ödemesi,2024-05-14,14,23
Kredi Ödemesi,2024-05-14,15,11
Kredi Ödemesi,2024-05-14,16,23
Kredi Ödemesi,2024-05-14,17,2
Kredi Ödemesi,2024-05-14,18,1
Kredi Ödemesi,2024-05-14,19,1
Kredi Ödemesi,2024-05-14,21,3
Kredi Ödemesi,2024-05-15,1,1
Kredi Ödemesi,2024-05-15,6,5
Kredi Ödemesi,2024-05-15,7,7
Kredi Ödemesi,2024-05-15,8,7
Kredi Ödemesi,2024-05-15,9,20
Kredi Ödemesi,2024-05-15,10,29
Kredi Ödemesi,2024-05-15,11,4
Kredi Ödemesi,2024-05-15,12,4
Kredi Ödemesi,2024-05-15,13,10
Kredi Ödemesi,2024-05-15,14,9
Kredi Ödemesi,2024-05-15,15,15
Kredi Ödemesi,2024-05-15,16,15
Kredi Ödemesi,2024-05-15,17,9
Kredi Ödemesi,2024-05-15,18,1
Kredi Ödemesi,2024-05-15,19,15
Kredi Ödemesi,2024-05-15,22,1
Kredi Ödemesi,2024-05-16,7,1
Kredi Ödemesi,2024-05-16,8,2
Kredi Ödemesi,2024-05-16,9,11
Kredi Ödemesi,2024-05-16,10,2
Kredi Ödemesi,2024-05-16,11,7
Kredi Ödemesi,2024-05-16,12,8
Kredi Ödemesi,2024-05-16,13,4
Kredi Ödemesi,2024-05-16,14,9
Kredi Ödemesi,2024-05-16,15,22
Kredi Ödemesi,2024-05-16,17,1
Kredi Ödemesi,2024-05-16,18,4
Kredi Ödemesi,2024-05-16,19,8
Kredi Ödemesi,2024-05-16,20,1
Kredi Ödemesi,2024-05-17,1,7
Kredi Ödemesi,2024-05-17,4,5
Kredi Ödemesi,2024-05-17,7,1
Kredi Ödemesi,2024-05-17,8,16
Kredi Ödemesi,2024-05-17,9,23
Kredi Ödemesi,2024-05-17,10,14
Kredi Ödemesi,2024-05-17,11,6
Kredi Ödemesi,2024-05-17,12,5
Kredi Ödemesi,2024-05-17,13,9
Kredi Ödemesi,2024-05-17,14,5
Kredi Ödemesi,2024-05-17,15,1
Kredi Ödemesi,2024-05-17,16,33
Kredi Ödemesi,2024-05-17,17,15
Kredi Ödemesi,2024-05-17,18,4
Kredi Ödemesi,2024-05-17,22,1
Kredi Ödemesi,2024-05-20,4,1
Kredi Ödemesi,2024-05-20,6,1
Kredi Ödemesi,2024-05-20,7,2
Kredi Ödemesi,2024-05-20,8,48
Kredi Ödemesi,2024-05-20,9,25
Kredi Ödemesi,2024-05-20,10,17
Kredi Ödemesi,2024-05-20,11,57
Kredi Ödemesi,2024-05-20,12,46
Kredi Ödemesi,2024-05-20,13,30
Kredi Ödemesi,2024-05-20,14,8
Kredi Ödemesi,2024-05-20,15,43
Kredi Ödemesi,2024-05-20,16,26
Kredi Ödemesi,2024-05-20,17,5
Kredi Ödemesi,2024-05-20,18,9
Kredi Ödemesi,2024-05-20,19,1
Kredi Ödemesi,2024-05-21,0,3
Kredi Ödemesi,2024-05-21,2,5
Kredi Ödemesi,2024-05-21,3,5
Kredi Ödemesi,2024-05-21,7,5
Kredi Ödemesi,2024-05-21,8,16
Kredi Ödemesi,2024-05-21,9,28
Kredi Ödemesi,2024-05-21,10,30
Kredi Ödemesi,2024-05-21,11,28
Kredi Ödemesi,2024-05-21,12,1
Kredi Ödemesi,2024-05-21,13,159
Kredi Ödemesi,2024-05-21,14,12
Kredi Ödemesi,2024-05-21,15,12
Kredi Ödemesi,2024-05-21,16,22
Kredi Ödemesi,2024-05-21,17,56
Kredi Ödemesi,2024-05-21,18,2
Kredi Ödemesi,2024-05-21,19,35
Kredi Ödemesi,2024-05-21,21,13
Kredi Ödemesi,2024-05-21,23,1
Kredi Ödemesi,2024-05-22,2,1
Kredi Ödemesi,2024-05-22,3,3
Kredi Ödemesi,2024-05-22,5,3
Kredi Ödemesi,2024-05-22,6,12
Kredi Ödemesi,2024-05-22,7,10
Kredi Ödemesi,2024-05-22,8,12
Kredi Ödemesi,2024-05-22,9,33
Kredi Ödemesi,2024-05-22,10,17
Kredi Ödemesi,2024-05-22,11,31
Kredi Ödemesi,2024-05-22,12,24
Kredi Ödemesi,2024-05-22,13,18
Kredi Ödemesi,2024-05-22,14,7
Kredi Ödemesi,2024-05-22,15,27
Kredi Ödemesi,2024-05-22,16,16
Kredi Ödemesi,2024-05-22,17,5
Kredi Ödemesi,2024-05-22,18,1
Kredi Ödemesi,2024-05-22,19,2
Kredi Ödemesi,2024-05-22,21,1
Kredi Ödemesi,2024-05-23,0,3
Kredi Ödemesi,2024-05-23,6,1
Kredi Ödemesi,2024-05-23,7,9
Kredi Ödemesi,2024-05-23,8,16
Kredi Ödemesi,2024-05-23,9,9
Kredi Ödemesi,2024-05-23,10,12
Kredi Ödemesi,2024-05-23,11,38
Kredi Ödemesi,2024-05-23,12,31
Kredi Ödemesi,2024-05-23,13,42
Kredi Ödemesi,2024-05-23,14,19
Kredi Ödemesi,2024-05-23,15,27
Kredi Ödemesi,2024-05-23,16,7
Kredi Ödemesi,2024-05-23,17,9
Kredi Ödemesi,2024-05-23,19,4
Kredi Ödemesi,2024-05-24,0,11
Kredi Ödemesi,2024-05-24,7,3
Kredi Ödemesi,2024-05-24,8,13
Kredi Ödemesi,2024-05-24,9,8
Kredi Ödemesi,2024-05-24,10,7
Kredi Ödemesi,2024-05-24,11,10
Kredi Ödemesi,2024-05-24,12,31
Kredi Ödemesi,2024-05-24,13,17
Kredi Ödemesi,2024-05-24,14,21
Kredi Ödemesi,2024-05-24,15,15
Kredi Ödemesi,2024-05-24,16,1
Kredi Ödemesi,2024-05-24,17,6
Kredi Ödemesi,2024-05-24,18,1
Kredi Ödemesi,2024-05-24,19,2
Kredi Ödemesi,2024-05-24,20,4
Kredi Ödemesi,2024-05-27,0,1
Kredi Ödemesi,2024-05-27,2,2
Kredi Ödemesi,2024-05-27,7,24
Kredi Ödemesi,2024-05-27,8,46
Kredi Ödemesi,2024-05-27,9,34
Kredi Ödemesi,2024-05-27,10,1
Kredi Ödemesi,2024-05-27,11,10
Kredi Ödemesi,2024-05-27,12,18
Kredi Ödemesi,2024-05-27,13,7
Kredi Ödemesi,2024-05-27,14,35
Kredi Ödemesi,2024-05-27,15,9
Kredi Ödemesi,2024-05-27,16,16
Kredi Ödemesi,2024-05-27,17,5
Kredi Ödemesi,2024-05-27,18,2
Kredi Ödemesi,2024-05-27,19,12
Kredi Ödemesi,2024-05-27,23,3
Kredi Ödemesi,2024-05-28,7,4
Kredi Ödemesi,2024-05-28,8,12
Kredi Ödemesi,2024-05-28,9,13
Kredi Ödemesi,2024-05-28,10,8
Kredi Ödemesi,2024-05-28,11,3
Kredi Ödemesi,2024-05-28,12,3
Kredi Ödemesi,2024-05-28,13,15
Kredi Ödemesi,2024-05-28,14,17
Kredi Ödemesi,2024-05-28,15,1
Kredi Ödemesi,2024-05-28,16,5
Kredi Ödemesi,2024-05-28,17,6
Kredi Ödemesi,2024-05-28,19,3
Kredi Ödemesi,2024-05-29,2,3
Kredi Ödemesi,2024-05-29,6,1
Kredi Ödemesi,2024-05-29,7,42
Kredi Ödemesi,2024-05-29,8,11
Kredi Ödemesi,2024-05-29,9,116
Kredi Ödemesi,2024-05-29,10,37
Kredi Ödemesi,2024-05-29,11,83
Kredi Ödemesi,2024-05-29,12,5
Kredi Ödemesi,2024-05-29,13,17
Kredi Ödemesi,2024-05-29,14,115
Kredi Ödemesi,2024-05-29,15,24
Kredi Ödemesi,2024-05-29,16,3
Kredi Ödemesi,2024-05-29,17,58
Kredi Ödemesi,2024-05-29,18,15
Kredi Ödemesi,2024-05-29,19,8
Kredi Ödemesi,2024-05-29,20,4
Kredi Ödemesi,2024-05-29,21,2
Kredi Ödemesi,2024-05-29,22,7
Kredi Ödemesi,2024-05-30,2,1
Kredi Ödemesi,2024-05-30,6,6
Kredi Ödemesi,2024-05-30,8,12
Kredi Ödemesi,2024-05-30,9,10
Kredi Ödemesi,2024-05-30,10,13
Kredi Ödemesi,2024-05-30,11,24
Kredi Ödemesi,2024-05-30,12,25
Kredi Ödemesi,2024-05-30,13,17
Kredi Ödemesi,2024-05-30,14,5
Kredi Ödemesi,2024-05-30,15,1
Kredi Ödemesi,2024-05-30,16,21
Kredi Ödemesi,2024-05-30,17,4
Kredi Ödemesi,2024-05-30,18,12
Kredi Ödemesi,2024-05-30,19,6
Kredi Ödemesi,2024-05-31,3,3
Kredi Ödemesi,2024-05-31,6,1
Kredi Ödemesi,2024-05-31,7,4
Kredi Ödemesi,2024-05-31,8,3
Kredi Ödemesi,2024-05-31,9,1
Kredi Ödemesi,2024-05-31,10,1
Kredi Ödemesi,2024-05-31,11,2
Kredi Ödemesi,2024-05-31,12,1
Kredi Ödemesi,2024-05-31,13,10
Kredi Ödemesi,2024-05-31,14,1
Kredi Ödemesi,2024-05-31,15,5
Kredi Ödemesi,2024-05-31,18,1
Kredi Ödemesi,2024-06-03,1,7
Kredi Ödemesi,2024-06-03,7,45
Kredi Ödemesi,2024-06-03,8,34
Kredi Ödemesi,2024-06-03,9,74
Kredi Ödemesi,2024-06-03,10,75
Kredi Ödemesi,2024-06-03,11,83
Kredi Ödemesi,2024-06-03,12,46
Kredi Ödemesi,2024-06-03,13,2
Kredi Ödemesi,2024-06-03,14,42
Kredi Ödemesi,2024-06-03,15,152
Kredi Ödemesi,2024-06-03,16,77
Kredi Ödemesi,2024-06-03,17,24
Kredi Ödemesi,2024-06-03,18,5
Kredi Ödemesi,2024-06-03,19,4
Kredi Ödemesi,2024-06-04,7,17
Kredi Ödemesi,2024-06-04,8,8
Kredi Ödemesi,2024-06-04,9,11
Kredi Ödemesi,2024-06-04,10,16
Kredi Ödemesi,2024-06-04,11,17
Kredi Ödemesi,2024-06-04,12,21
Kredi Ödemesi,2024-06-04,13,10
Kredi Ödemesi,2024-06-04,14,7
Kredi Ödemesi,2024-06-04,15,3
Kredi Ödemesi,2024-06-04,16,7
Kredi Ödemesi,2024-06-04,21,3
Kredi Ödemesi,2024-06-05,2,3
Kredi Ödemesi,2024-06-05,6,3
Kredi Ödemesi,2024-06-05,8,10
Kredi Ödemesi,2024-06-05,9,25
Kredi Ödemesi,2024-06-05,10,13
Kredi Ödemesi,2024-06-05,11,19
Kredi Ödemesi,2024-06-05,12,13
Kredi Ödemesi,2024-06-05,13,11
Kredi Ödemesi,2024-06-05,14,13
Kredi Ödemesi,2024-06-05,15,5
Kredi Ödemesi,2024-06-05,17,2
Kredi Ödemesi,2024-06-05,18,9
Kredi Ödemesi,2024-06-06,7,8
Kredi Ödemesi,2024-06-06,8,3
Kredi Ödemesi,2024-06-06,9,11
Kredi Ödemesi,2024-06-06,10,9
Kredi Ödemesi,2024-06-06,11,13
Kredi Ödemesi,2024-06-06,12,3
Kredi Ödemesi,2024-06-06,13,9
Kredi Ödemesi,2024-06-06,14,6
Kredi Ödemesi,2024-06-06,15,6
Kredi Ödemesi,2024-06-06,16,2
Kredi Ödemesi,2024-06-06,20,3
Kredi Ödemesi,2024-06-06,23,1
Kredi Ödemesi,2024-06-07,3,1
Kredi Ödemesi,2024-06-07,7,1
Kredi Ödemesi,2024-06-07,8,13
Kredi Ödemesi,2024-06-07,9,2
Kredi Ödemesi,2024-06-07,10,14
Kredi Ödemesi,2024-06-07,11,4
Kredi Ödemesi,2024-06-07,12,3
Kredi Ödemesi,2024-06-07,13,11
Kredi Ödemesi,2024-06-07,14,4
Kredi Ödemesi,2024-06-07,15,9
Kredi Ödemesi,2024-06-07,16,10
Kredi Ödemesi,2024-06-07,18,1
Kredi Ödemesi,2024-06-07,21,3
Kredi Ödemesi,2024-06-10,3,1
Kredi Ödemesi,2024-06-10,6,2
Kredi Ödemesi,2024-06-10,7,7
Kredi Ödemesi,2024-06-10,8,17
Kredi Ödemesi,2024-06-10,9,29
Kredi Ödemesi,2024-06-10,10,17
Kredi Ödemesi,2024-06-10,11,64
Kredi Ödemesi,2024-06-10,12,18
Kredi Ödemesi,2024-06-10,13,15
Kredi Ödemesi,2024-06-10,14,11
Kredi Ödemesi,2024-06-10,15,11
Kredi Ödemesi,2024-06-10,16,21
Kredi Ödemesi,2024-06-10,17,7
Kredi Ödemesi,2024-06-10,18,20
Kredi Ödemesi,2024-06-10,19,8
Kredi Ödemesi,2024-06-11,4,13
Kredi Ödemesi,2024-06-11,5,1
Kredi Ödemesi,2024-06-11,6,4
Kredi Ödemesi,2024-06-11,7,3
Kredi Ödemesi,2024-06-11,8,12
Kredi Ödemesi,2024-06-11,9,27
Kredi Ödemesi,2024-06-11,10,21
Kredi Ödemesi,2024-06-11,11,13
Kredi Ödemesi,2024-06-11,12,2
Kredi Ödemesi,2024-06-11,13,14
Kredi Ödemesi,2024-06-11,14,15
Kredi Ödemesi,2024-06-11,15,7
Kredi Ödemesi,2024-06-11,16,5
Kredi Ödemesi,2024-06-11,17,8
Kredi Ödemesi,2024-06-11,18,1
Kredi Ödemesi,2024-06-12,2,2
Kredi Ödemesi,2024-06-12,7,1
Kredi Ödemesi,2024-06-12,8,12
Kredi Ödemesi,2024-06-12,9,11
Kredi Ödemesi,2024-06-12,10,1
Kredi Ödemesi,2024-06-12,11,1
Kredi Ödemesi,2024-06-12,12,1
Kredi Ödemesi,2024-06-12,13,33
Kredi Ödemesi,2024-06-12,14,14
Kredi Ödemesi,2024-06-12,15,4
Kredi Ödemesi,2024-06-12,16,1
Kredi Ödemesi,2024-06-12,17,4
Kredi Ödemesi,2024-06-12,19,1
Kredi Ödemesi,2024-06-12,23,1
Kredi Ödemesi,2024-06-13,1,3
Kredi Ödemesi,2024-06-13,2,1
Kredi Ödemesi,2024-06-13,4,3
Kredi Ödemesi,2024-06-13,7,1
Kredi Ödemesi,2024-06-13,8,7
Kredi Ödemesi,2024-06-13,9,11
Kredi Ödemesi,2024-06-13,10,6
Kredi Ödemesi,2024-06-13,11,15
Kredi Ödemesi,2024-06-13,12,14
Kredi Ödemesi,2024-06-13,13,5
Kredi Ödemesi,2024-06-13,14,10
Kredi Ödemesi,2024-06-13,15,2
Kredi Ödemesi,2024-06-13,16,5
Kredi Ödemesi,2024-06-13,17,18
Kredi Ödemesi,2024-06-13,18,1
Kredi Ödemesi,2024-06-13,19,5
Kredi Ödemesi,2024-06-13,20,1
Kredi Ödemesi,2024-06-14,1,6
Kredi Ödemesi,2024-06-14,6,10
Kredi Ödemesi,2024-06-14,7,3
Kredi Ödemesi,2024-06-14,9,9
Kredi Ödemesi,2024-06-14,10,6
Kredi Ödemesi,2024-06-14,11,18
Kredi Ödemesi,2024-06-14,12,5
Kredi Ödemesi,2024-06-14,13,3
Kredi Ödemesi,2024-06-14,14,2
Kredi Ödemesi,2024-06-14,15,9
Kredi Ödemesi,2024-06-14,16,4
Kredi Ödemesi,2024-06-14,18,5
Kredi Ödemesi,2024-06-20,5,1
Kredi Ödemesi,2024-06-20,7,20
Kredi Ödemesi,2024-06-20,8,8
Kredi Ödemesi,2024-06-20,9,28
Kredi Ödemesi,2024-06-20,10,36
Kredi Ödemesi,2024-06-20,11,11
Kredi Ödemesi,2024-06-20,12,24
Kredi Ödemesi,2024-06-20,13,12
Kredi Ödemesi,2024-06-20,14,8
Kredi Ödemesi,2024-06-20,15,7
Kredi Ödemesi,2024-06-20,16,41
Kredi Ödemesi,2024-06-20,17,2
Kredi Ödemesi,2024-06-20,18,7
Kredi Ödemesi,2024-06-20,19,7
Kredi Ödemesi,2024-06-21,2,1
Kredi Ödemesi,2024-06-21,4,22
Kredi Ödemesi,2024-06-21,6,2
Kredi Ödemesi,2024-06-21,7,9
Kredi Ödemesi,2024-06-21,8,36
Kredi Ödemesi,2024-06-21,9,22
Kredi Ödemesi,2024-06-21,10,28
Kredi Ödemesi,2024-06-21,11,5
Kredi Ödemesi,2024-06-21,12,14
Kredi Ödemesi,2024-06-21,13,34
Kredi Ödemesi,2024-06-21,14,22
Kredi Ödemesi,2024-06-21,15,10
Kredi Ödemesi,2024-06-21,16,10
Kredi Ödemesi,2024-06-21,17,10
Kredi Ödemesi,2024-06-21,18,4
Kredi Ödemesi,2024-06-21,20,4
Kredi Ödemesi,2024-06-24,4,3
Kredi Ödemesi,2024-06-24,6,2
Kredi Ödemesi,2024-06-24,7,17
Kredi Ödemesi,2024-06-24,8,24
Kredi Ödemesi,2024-06-24,9,45
Kredi Ödemesi,2024-06-24,10,51
Kredi Ödemesi,2024-06-24,11,73
Kredi Ödemesi,2024-06-24,12,25
Kredi Ödemesi,2024-06-24,13,2
Kredi Ödemesi,2024-06-24,14,15
Kredi Ödemesi,2024-06-24,15,24
Kredi Ödemesi,2024-06-24,16,45
Kredi Ödemesi,2024-06-24,17,11
Kredi Ödemesi,2024-06-24,18,3
Kredi Ödemesi,2024-06-24,19,7
Kredi Ödemesi,2024-06-24,23,11
Kredi Ödemesi,2024-06-25,6,1
Kredi Ödemesi,2024-06-25,7,25
Kredi Ödemesi,2024-06-25,8,22
Kredi Ödemesi,2024-06-25,9,74
Kredi Ödemesi,2024-06-25,10,74
Kredi Ödemesi,2024-06-25,11,21
Kredi Ödemesi,2024-06-25,12,92
Kredi Ödemesi,2024-06-25,13,10
Kredi Ödemesi,2024-06-25,14,10
Kredi Ödemesi,2024-06-25,15,29
Kredi Ödemesi,2024-06-25,16,5
Kredi Ödemesi,2024-06-25,17,20
Kredi Ödemesi,2024-06-25,18,3
Kredi Ödemesi,2024-06-25,19,43
Kredi Ödemesi,2024-06-25,20,4
Kredi Ödemesi,2024-06-26,3,1
Kredi Ödemesi,2024-06-26,7,2
Kredi Ödemesi,2024-06-26,8,21
Kredi Ödemesi,2024-06-26,9,5
Kredi Ödemesi,2024-06-26,10,9
Kredi Ödemesi,2024-06-26,11,25
Kredi Ödemesi,2024-06-26,12,6
Kredi Ödemesi,2024-06-26,13,2
Kredi Ödemesi,2024-06-26,14,35
Kredi Ödemesi,2024-06-26,15,14
Kredi Ödemesi,2024-06-26,16,1
Kredi Ödemesi,2024-06-26,18,1
Kredi Ödemesi,2024-06-26,19,1
Kredi Ödemesi,2024-06-27,3,1
Kredi Ödemesi,2024-06-27,4,7
Kredi Ödemesi,2024-06-27,6,9
Kredi Ödemesi,2024-06-27,7,13
Kredi Ödemesi,2024-06-27,8,31
Kredi Ödemesi,2024-06-27,9,38
Kredi Ödemesi,2024-06-27,10,15
Kredi Ödemesi,2024-06-27,11,21
Kredi Ödemesi,2024-06-27,12,6
Kredi Ödemesi,2024-06-27,13,24
Kredi Ödemesi,2024-06-27,14,14
Kredi Ödemesi,2024-06-27,15,13
Kredi Ödemesi,2024-06-27,16,12
Kredi Ödemesi,2024-06-27,17,9
Kredi Ödemesi,2024-06-27,18,1
Kredi Ödemesi,2024-06-27,19,13
Kredi Ödemesi,2024-06-27,22,13
Kredi Ödemesi,2024-06-28,5,1
Kredi Ödemesi,2024-06-28,6,5
Kredi Ödemesi,2024-06-28,7,8
Kredi Ödemesi,2024-06-28,8,1
Kredi Ödemesi,2024-06-28,9,1
Kredi Ödemesi,2024-06-28,10,1
Kredi Ödemesi,2024-06-28,11,4
Kredi Ödemesi,2024-06-28,12,3
Kredi Ödemesi,2024-06-28,13,6
Kredi Ödemesi,2024-06-28,14,2
Kredi Ödemesi,2024-06-28,15,6
Kredi Ödemesi,2024-06-28,16,1
Kredi Ödemesi,2024-06-28,17,3
Kredi Ödemesi,2024-06-28,18,1
Kredi Ödemesi,2024-07-01,1,15
Kredi Ödemesi,2024-07-01,6,1
Kredi Ödemesi,2024-07-01,7,2
Kredi Ödemesi,2024-07-01,8,90
Kredi Ödemesi,2024-07-01,9,35
Kredi Ödemesi,2024-07-01,10,112
Kredi Ödemesi,2024-07-01,11,173
Kredi Ödemesi,2024-07-01,12,51
Kredi Ödemesi,2024-07-01,13,29
Kredi Ödemesi,2024-07-01,14,84
Kredi Ödemesi,2024-07-01,15,38
Kredi Ödemesi,2024-07-01,16,10
Kredi Ödemesi,2024-07-01,17,119
Kredi Ödemesi,2024-07-01,18,14
Kredi Ödemesi,2024-07-01,19,5
Kredi Ödemesi,2024-07-02,6,1
Kredi Ödemesi,2024-07-02,8,23
Kredi Ödemesi,2024-07-02,9,32
Kredi Ödemesi,2024-07-02,10,22
Kredi Ödemesi,2024-07-02,11,8
Kredi Ödemesi,2024-07-02,12,22
Kredi Ödemesi,2024-07-02,13,10
Kredi Ödemesi,2024-07-02,14,22
Kredi Ödemesi,2024-07-02,15,6
Kredi Ödemesi,2024-07-02,16,12
Kredi Ödemesi,2024-07-02,17,2
Kredi Ödemesi,2024-07-02,23,1
Kredi Ödemesi,2024-07-03,1,14
Kredi Ödemesi,2024-07-03,2,21
Kredi Ödemesi,2024-07-03,6,7
Kredi Ödemesi,2024-07-03,7,27
Kredi Ödemesi,2024-07-03,8,23
Kredi Ödemesi,2024-07-03,9,19
Kredi Ödemesi,2024-07-03,10,28
Kredi Ödemesi,2024-07-03,11,7
Kredi Ödemesi,2024-07-03,12,27
Kredi Ödemesi,2024-07-03,13,44
Kredi Ödemesi,2024-07-03,14,34
Kredi Ödemesi,2024-07-03,15,39
Kredi Ödemesi,2024-07-03,16,58
Kredi Ödemesi,2024-07-03,17,50
Kredi Ödemesi,2024-07-03,18,1
Kredi Ödemesi,2024-07-03,23,1
Kredi Ödemesi,2024-07-04,2,18
Kredi Ödemesi,2024-07-04,7,2
Kredi Ödemesi,2024-07-04,8,11
Kredi Ödemesi,2024-07-04,9,12
Kredi Ödemesi,2024-07-04,10,22
Kredi Ödemesi,2024-07-04,11,13
Kredi Ödemesi,2024-07-04,12,9
Kredi Ödemesi,2024-07-04,13,11
Kredi Ödemesi,2024-07-04,14,5
Kredi Ödemesi,2024-07-04,15,11
Kredi Ödemesi,2024-07-04,16,20
Kredi Ödemesi,2024-07-04,17,1
Kredi Ödemesi,2024-07-04,18,3
Kredi Ödemesi,2024-07-05,1,1
Kredi Ödemesi,2024-07-05,5,1
Kredi Ödemesi,2024-07-05,8,5
Kredi Ödemesi,2024-07-05,9,3
Kredi Ödemesi,2024-07-05,10,3
Kredi Ödemesi,2024-07-05,11,5
Kredi Ödemesi,2024-07-05,12,1
Kredi Ödemesi,2024-07-05,15,4
Kredi Ödemesi,2024-07-05,17,2
Kredi Ödemesi,2024-07-05,18,2
Kredi Ödemesi,2024-07-05,19,4
Kredi Ödemesi,2024-07-08,2,10
Kredi Ödemesi,2024-07-08,3,3
Kredi Ödemesi,2024-07-08,4,2
Kredi Ödemesi,2024-07-08,7,15
Kredi Ödemesi,2024-07-08,8,14
Kredi Ödemesi,2024-07-08,9,29
Kredi Ödemesi,2024-07-08,10,28
Kredi Ödemesi,2024-07-08,11,45
Kredi Ödemesi,2024-07-08,12,10
Kredi Ödemesi,2024-07-08,13,3
Kredi Ödemesi,2024-07-08,14,16
Kredi Ödemesi,2024-07-08,15,12
Kredi Ödemesi,2024-07-08,16,11
Kredi Ödemesi,2024-07-08,17,11
Kredi Ödemesi,2024-07-08,19,12
Kredi Ödemesi,2024-07-09,8,13
Kredi Ödemesi,2024-07-09,9,16
Kredi Ödemesi,2024-07-09,10,67
Kredi Ödemesi,2024-07-09,11,19
Kredi Ödemesi,2024-07-09,12,39
Kredi Ödemesi,2024-07-09,13,29
Kredi Ödemesi,2024-07-09,14,45
Kredi Ödemesi,2024-07-09,15,27
Kredi Ödemesi,2024-07-09,16,19
Kredi Ödemesi,2024-07-09,17,43
Kredi Ödemesi,2024-07-09,18,3
Kredi Ödemesi,2024-07-09,19,2
Kredi Ödemesi,2024-07-10,2,2
Kredi Ödemesi,2024-07-10,7,4
Kredi Ödemesi,2024-07-10,8,19
Kredi Ödemesi,2024-07-10,9,5
Kredi Ödemesi,2024-07-10,10,7
Kredi Ödemesi,2024-07-10,11,26
Kredi Ödemesi,2024-07-10,12,7
Kredi Ödemesi,2024-07-10,13,13
Kredi Ödemesi,2024-07-10,14,8
Kredi Ödemesi,2024-07-10,15,27
Kredi Ödemesi,2024-07-10,16,2
Kredi Ödemesi,2024-07-10,17,7
Kredi Ödemesi,2024-07-10,18,1
Kredi Ödemesi,2024-07-10,19,3
Kredi Ödemesi,2024-07-11,6,3
Kredi Ödemesi,2024-07-11,7,2
Kredi Ödemesi,2024-07-11,8,9
Kredi Ödemesi,2024-07-11,9,38
Kredi Ödemesi,2024-07-11,10,1
Kredi Ödemesi,2024-07-11,11,13
Kredi Ödemesi,2024-07-11,12,1
Kredi Ödemesi,2024-07-11,13,6
Kredi Ödemesi,2024-07-11,14,6
Kredi Ödemesi,2024-07-11,15,5
Kredi Ödemesi,2024-07-11,16,2
Kredi Ödemesi,2024-07-11,17,4
Kredi Ödemesi,2024-07-11,18,2
Kredi Ödemesi,2024-07-11,22,4
Kredi Ödemesi,2024-07-12,6,4
Kredi Ödemesi,2024-07-12,7,43
Kredi Ödemesi,2024-07-12,8,10
Kredi Ödemesi,2024-07-12,9,11
Kredi Ödemesi,2024-07-12,10,7
Kredi Ödemesi,2024-07-12,11,3
Kredi Ödemesi,2024-07-12,12,23
Kredi Ödemesi,2024-07-12,13,37
Kredi Ödemesi,2024-07-12,14,15
Kredi Ödemesi,2024-07-12,15,7
Kredi Ödemesi,2024-07-12,16,9
Kredi Ödemesi,2024-07-12,17,5
Kredi Ödemesi,2024-07-12,18,9
Kredi Ödemesi,2024-07-12,19,4
Kredi Ödemesi,2024-07-12,20,1
Kredi Ödemesi,2024-07-12,21,7
Kredi Ödemesi,2024-07-12,23,2
Kredi Ödemesi,2024-07-16,2,1
Kredi Ödemesi,2024-07-16,4,1
Kredi Ödemesi,2024-07-16,5,1
Kredi Ödemesi,2024-07-16,6,8
Kredi Ödemesi,2024-07-16,7,8
Kredi Ödemesi,2024-07-16,8,13
Kredi Ödemesi,2024-07-16,9,28
Kredi Ödemesi,2024-07-16,10,38
Kredi Ödemesi,2024-07-16,11,65
Kredi Ödemesi,2024-07-16,12,46
Kredi Ödemesi,2024-07-16,13,17
Kredi Ödemesi,2024-07-16,14,25
Kredi Ödemesi,2024-07-16,15,14
Kredi Ödemesi,2024-07-16,16,10
Kredi Ödemesi,2024-07-16,17,24
Kredi Ödemesi,2024-07-16,18,36
Kredi Ödemesi,2024-07-16,19,2
Kredi Ödemesi,2024-07-16,23,7
Kredi Ödemesi,2024-07-17,0,2
Kredi Ödemesi,2024-07-17,6,10
Kredi Ödemesi,2024-07-17,7,4
Kredi Ödemesi,2024-07-17,8,9
Kredi Ödemesi,2024-07-17,9,13
Kredi Ödemesi,2024-07-17,10,16
Kredi Ödemesi,2024-07-17,11,8
Kredi Ödemesi,2024-07-17,12,18
Kredi Ödemesi,2024-07-17,13,6
Kredi Ödemesi,2024-07-17,14,13
Kredi Ödemesi,2024-07-17,15,16
Kredi Ödemesi,2024-07-17,16,10
Kredi Ödemesi,2024-07-17,17,12
Kredi Ödemesi,2024-07-17,18,3
Kredi Ödemesi,2024-07-17,19,2
Kredi Ödemesi,2024-07-17,23,2
Kredi Ödemesi,2024-07-18,5,1
Kredi Ödemesi,2024-07-18,6,1
Kredi Ödemesi,2024-07-18,7,16
Kredi Ödemesi,2024-07-18,8,7
Kredi Ödemesi,2024-07-18,9,46
Kredi Ödemesi,2024-07-18,10,43
Kredi Ödemesi,2024-07-18,11,39
Kredi Ödemesi,2024-07-18,12,15
Kredi Ödemesi,2024-07-18,13,49
Kredi Ödemesi,2024-07-18,14,21
Kredi Ödemesi,2024-07-18,15,8
Kredi Ödemesi,2024-07-18,16,14
Kredi Ödemesi,2024-07-18,19,20
Kredi Ödemesi,2024-07-18,21,4
Kredi Ödemesi,2024-07-19,2,2
Kredi Ödemesi,2024-07-19,4,1
Kredi Ödemesi,2024-07-19,8,36
Kredi Ödemesi,2024-07-19,9,10
Kredi Ödemesi,2024-07-19,10,6
Kredi Ödemesi,2024-07-19,11,38
Kredi Ödemesi,2024-07-19,12,14
Kredi Ödemesi,2024-07-19,13,23
Kredi Ödemesi,2024-07-19,15,17
Kredi Ödemesi,2024-07-19,16,3
Kredi Ödemesi,2024-07-19,17,11
Kredi Ödemesi,2024-07-19,18,3
Kredi Ödemesi,2024-07-19,19,2
Kredi Ödemesi,2024-07-22,0,1
Kredi Ödemesi,2024-07-22,1,21
Kredi Ödemesi,2024-07-22,3,5
Kredi Ödemesi,2024-07-22,6,34
Kredi Ödemesi,2024-07-22,7,4
Kredi Ödemesi,2024-07-22,8,34
Kredi Ödemesi,2024-07-22,9,78
Kredi Ödemesi,2024-07-22,10,26
Kredi Ödemesi,2024-07-22,11,28
Kredi Ödemesi,2024-07-22,12,26
Kredi Ödemesi,2024-07-22,13,4
Kredi Ödemesi,2024-07-22,14,30
Kredi Ödemesi,2024-07-22,15,6
Kredi Ödemesi,2024-07-22,17,26
Kredi Ödemesi,2024-07-22,19,5
Kredi Ödemesi,2024-07-22,23,1
Kredi Ödemesi,2024-07-23,4,2
Kredi Ödemesi,2024-07-23,7,10
Kredi Ödemesi,2024-07-23,8,19
Kredi Ödemesi,2024-07-23,9,11
Kredi Ödemesi,2024-07-23,10,23
Kredi Ödemesi,2024-07-23,11,13
Kredi Ödemesi,2024-07-23,12,8
Kredi Ödemesi,2024-07-23,13,15
Kredi Ödemesi,2024-07-23,14,16
Kredi Ödemesi,2024-07-23,15,15
Kredi Ödemesi,2024-07-23,16,11
Kredi Ödemesi,2024-07-23,17,1
Kredi Ödemesi,2024-07-23,18,15
Kredi Ödemesi,2024-07-23,19,29
Kredi Ödemesi,2024-07-24,1,8
Kredi Ödemesi,2024-07-24,5,1
Kredi Ödemesi,2024-07-24,6,5
Kredi Ödemesi,2024-07-24,7,18
Kredi Ödemesi,2024-07-24,8,8
Kredi Ödemesi,2024-07-24,9,12
Kredi Ödemesi,2024-07-24,10,33
Kredi Ödemesi,2024-07-24,11,10
Kredi Ödemesi,2024-07-24,12,24
Kredi Ödemesi,2024-07-24,13,19
Kredi Ödemesi,2024-07-24,14,12
Kredi Ödemesi,2024-07-24,15,11
Kredi Ödemesi,2024-07-24,16,2
Kredi Ödemesi,2024-07-24,17,31
Kredi Ödemesi,2024-07-24,19,2
Kredi Ödemesi,2024-07-24,20,1
Kredi Ödemesi,2024-07-25,6,2
Kredi Ödemesi,2024-07-25,8,2
Kredi Ödemesi,2024-07-25,9,4
Kredi Ödemesi,2024-07-25,10,2
Kredi Ödemesi,2024-07-25,11,5
Kredi Ödemesi,2024-07-25,12,4
Kredi Ödemesi,2024-07-25,13,4
Kredi Ödemesi,2024-07-25,14,5
Kredi Ödemesi,2024-07-25,15,5
Kredi Ödemesi,2024-07-25,16,3
Kredi Ödemesi,2024-07-25,17,2
Kredi Ödemesi,2024-07-25,18,5
Kredi Ödemesi,2024-07-25,19,3
Kredi Ödemesi,2024-07-25,22,2
Kredi Ödemesi,2024-07-26,0,7
Kredi Ödemesi,2024-07-26,5,2
Kredi Ödemesi,2024-07-26,6,14
Kredi Ödemesi,2024-07-26,7,42
Kredi Ödemesi,2024-07-26,8,7
Kredi Ödemesi,2024-07-26,9,61
Kredi Ödemesi,2024-07-26,10,69
Kredi Ödemesi,2024-07-26,11,6
Kredi Ödemesi,2024-07-26,12,5
Kredi Ödemesi,2024-07-26,13,18
Kredi Ödemesi,2024-07-26,14,21
Kredi Ödemesi,2024-07-26,15,53
Kredi Ödemesi,2024-07-26,16,4
Kredi Ödemesi,2024-07-26,17,4
Kredi Ödemesi,2024-07-26,18,3
Kredi Ödemesi,2024-07-26,19,5
Kredi Ödemesi,2024-07-26,20,1
Kredi Ödemesi,2024-07-29,1,9
Kredi Ödemesi,2024-07-29,2,1
Kredi Ödemesi,2024-07-29,6,2
Kredi Ödemesi,2024-07-29,8,7
Kredi Ödemesi,2024-07-29,9,29
Kredi Ödemesi,2024-07-29,10,7
Kredi Ödemesi,2024-07-29,11,8
Kredi Ödemesi,2024-07-29,12,2
Kredi Ödemesi,2024-07-29,13,22
Kredi Ödemesi,2024-07-29,14,17
Kredi Ödemesi,2024-07-29,15,20
Kredi Ödemesi,2024-07-29,16,6
Kredi Ödemesi,2024-07-29,17,5
Kredi Ödemesi,2024-07-29,18,30
Kredi Ödemesi,2024-07-29,20,1
Kredi Ödemesi,2024-07-29,21,2
Kredi Ödemesi,2024-07-30,1,7
Kredi Ödemesi,2024-07-30,2,1
Kredi Ödemesi,2024-07-30,5,4
Kredi Ödemesi,2024-07-30,6,7
Kredi Ödemesi,2024-07-30,8,5
Kredi Ödemesi,2024-07-30,9,17
Kredi Ödemesi,2024-07-30,10,18
Kredi Ödemesi,2024-07-30,11,16
Kredi Ödemesi,2024-07-30,12,14
Kredi Ödemesi,2024-07-30,13,9
Kredi Ödemesi,2024-07-30,14,1
Kredi Ödemesi,2024-07-30,15,43
Kredi Ödemesi,2024-07-30,16,24
Kredi Ödemesi,2024-07-30,17,1
Kredi Ödemesi,2024-07-30,18,5
Kredi Ödemesi,2024-07-30,19,7
Kredi Ödemesi,2024-07-31,7,3
Kredi Ödemesi,2024-07-31,9,5
Kredi Ödemesi,2024-07-31,10,5
Kredi Ödemesi,2024-07-31,12,7
Kredi Ödemesi,2024-07-31,13,3
Kredi Ödemesi,2024-07-31,14,1
Kredi Ödemesi,2024-07-31,16,2
Kredi Ödemesi,2024-07-31,17,1
Kredi Ödemesi,2024-07-31,20,1
Kredi Ödemesi,2024-08-01,1,3
Kredi Ödemesi,2024-08-01,7,27
Kredi Ödemesi,2024-08-01,8,21
Kredi Ödemesi,2024-08-01,9,27
Kredi Ödemesi,2024-08-01,10,9
Kredi Ödemesi,2024-08-01,11,22
Kredi Ödemesi,2024-08-01,12,7
Kredi Ödemesi,2024-08-01,13,12
Kredi Ödemesi,2024-08-01,14,7
Kredi Ödemesi,2024-08-01,15,5
Kredi Ödemesi,2024-08-01,16,8
Kredi Ödemesi,2024-08-01,18,5
Kredi Ödemesi,2024-08-01,21,1
Kredi Ödemesi,2024-08-02,6,5
Kredi Ödemesi,2024-08-02,8,29
Kredi Ödemesi,2024-08-02,9,46
Kredi Ödemesi,2024-08-02,10,11
Kredi Ödemesi,2024-08-02,11,13
Kredi Ödemesi,2024-08-02,12,15
Kredi Ödemesi,2024-08-02,13,6
Kredi Ödemesi,2024-08-02,14,2
Kredi Ödemesi,2024-08-02,15,6
Kredi Ödemesi,2024-08-02,16,13
Kredi Ödemesi,2024-08-02,17,6
Kredi Ödemesi,2024-08-02,18,24
Kredi Ödemesi,2024-08-02,19,4
Kredi Ödemesi,2024-08-02,21,3
Kredi Ödemesi,2024-08-02,22,14
Kredi Ödemesi,2024-08-05,3,4
Kredi Ödemesi,2024-08-05,6,1
Kredi Ödemesi,2024-08-05,7,7
Kredi Ödemesi,2024-08-05,8,11
Kredi Ödemesi,2024-08-05,9,66
Kredi Ödemesi,2024-08-05,10,9
Kredi Ödemesi,2024-08-05,11,10
Kredi Ödemesi,2024-08-05,12,4
Kredi Ödemesi,2024-08-05,13,12
Kredi Ödemesi,2024-08-05,14,19
Kredi Ödemesi,2024-08-05,15,20
Kredi Ödemesi,2024-08-05,16,6
Kredi Ödemesi,2024-08-05,17,8
Kredi Ödemesi,2024-08-05,18,26
Kredi Ödemesi,2024-08-05,19,1
Kredi Ödemesi,2024-08-05,21,1
Kredi Ödemesi,2024-08-06,6,2
Kredi Ödemesi,2024-08-06,7,1
Kredi Ödemesi,2024-08-06,8,6
Kredi Ödemesi,2024-08-06,9,10
Kredi Ödemesi,2024-08-06,10,11
Kredi Ödemesi,2024-08-06,11,6
Kredi Ödemesi,2024-08-06,12,4
Kredi Ödemesi,2024-08-06,13,2
Kredi Ödemesi,2024-08-06,14,10
Kredi Ödemesi,2024-08-06,15,2
Kredi Ödemesi,2024-08-06,16,4
Kredi Ödemesi,2024-08-06,17,4
Kredi Ödemesi,2024-08-06,18,2
Kredi Ödemesi,2024-08-07,1,6
Kredi Ödemesi,2024-08-07,6,6
Kredi Ödemesi,2024-08-07,7,5
Kredi Ödemesi,2024-08-07,8,8
Kredi Ödemesi,2024-08-07,9,3
Kredi Ödemesi,2024-08-07,10,10
Kredi Ödemesi,2024-08-07,11,11
Kredi Ödemesi,2024-08-07,12,2
Kredi Ödemesi,2024-08-07,13,29
Kredi Ödemesi,2024-08-07,14,5
Kredi Ödemesi,2024-08-07,15,10
Kredi Ödemesi,2024-08-07,16,1
Kredi Ödemesi,2024-08-07,17,6
Kredi Ödemesi,2024-08-07,18,4
Kredi Ödemesi,2024-08-07,19,8
Kredi Ödemesi,2024-08-08,0,3
Kredi Ödemesi,2024-08-08,5,14
Kredi Ödemesi,2024-08-08,7,3
Kredi Ödemesi,2024-08-08,8,16
Kredi Ödemesi,2024-08-08,9,34
Kredi Ödemesi,2024-08-08,10,6
Kredi Ödemesi,2024-08-08,11,39
Kredi Ödemesi,2024-08-08,12,5
Kredi Ödemesi,2024-08-08,13,2
Kredi Ödemesi,2024-08-08,14,4
Kredi Ödemesi,2024-08-08,15,6
Kredi Ödemesi,2024-08-08,16,8
Kredi Ödemesi,2024-08-08,17,11
Kredi Ödemesi,2024-08-08,18,3
Kredi Ödemesi,2024-08-08,19,10
Kredi Ödemesi,2024-08-09,0,5
Kredi Ödemesi,2024-08-09,6,2
Kredi Ödemesi,2024-08-09,8,10
Kredi Ödemesi,2024-08-09,9,21
Kredi Ödemesi,2024-08-09,10,17
Kredi Ödemesi,2024-08-09,11,4
Kredi Ödemesi,2024-08-09,12,14
Kredi Ödemesi,2024-08-09,13,1
Kredi Ödemesi,2024-08-09,14,35
Kredi Ödemesi,2024-08-09,15,13
Kredi Ödemesi,2024-08-09,16,9
Kredi Ödemesi,2024-08-09,17,11
Kredi Ödemesi,2024-08-12,7,4
Kredi Ödemesi,2024-08-12,8,18
Kredi Ödemesi,2024-08-12,9,22
Kredi Ödemesi,2024-08-12,10,46
Kredi Ödemesi,2024-08-12,11,36
Kredi Ödemesi,2024-08-12,12,20
Kredi Ödemesi,2024-08-12,13,28
Kredi Ödemesi,2024-08-12,14,29
Kredi Ödemesi,2024-08-12,15,2
Kredi Ödemesi,2024-08-12,16,58
Kredi Ödemesi,2024-08-12,17,21
Kredi Ödemesi,2024-08-12,18,1
Kredi Ödemesi,2024-08-12,19,3
Kredi Ödemesi,2024-08-12,23,3
Kredi Ödemesi,2024-08-13,0,3
Kredi Ödemesi,2024-08-13,3,11
Kredi Ödemesi,2024-08-13,4,1
Kredi Ödemesi,2024-08-13,6,2
Kredi Ödemesi,2024-08-13,7,9
Kredi Ödemesi,2024-08-13,8,7
Kredi Ödemesi,2024-08-13,9,88
Kredi Ödemesi,2024-08-13,10,10
Kredi Ödemesi,2024-08-13,11,17
Kredi Ödemesi,2024-08-13,12,30
Kredi Ödemesi,2024-08-13,13,29
Kredi Ödemesi,2024-08-13,14,10
Kredi Ödemesi,2024-08-13,15,10
Kredi Ödemesi,2024-08-13,16,18
Kredi Ödemesi,2024-08-13,17,1
Kredi Ödemesi,2024-08-13,18,14
Kredi Ödemesi,2024-08-13,19,22
Kredi Ödemesi,2024-08-13,20,3
Kredi Ödemesi,2024-08-13,21,3
Kredi Ödemesi,2024-08-14,7,4
Kredi Ödemesi,2024-08-14,8,27
Kredi Ödemesi,2024-08-14,9,3
Kredi Ödemesi,2024-08-14,10,1
Kredi Ödemesi,2024-08-14,11,7
Kredi Ödemesi,2024-08-14,12,23
Kredi Ödemesi,2024-08-14,13,7
Kredi Ödemesi,2024-08-14,14,30
Kredi Ödemesi,2024-08-14,15,3
Kredi Ödemesi,2024-08-14,16,2
Kredi Ödemesi,2024-08-14,17,9
Kredi Ödemesi,2024-08-14,19,1
Kredi Ödemesi,2024-08-15,0,5
Kredi Ödemesi,2024-08-15,2,3
Kredi Ödemesi,2024-08-15,6,6
Kredi Ödemesi,2024-08-15,7,14
Kredi Ödemesi,2024-08-15,8,10
Kredi Ödemesi,2024-08-15,9,33
Kredi Ödemesi,2024-08-15,10,37
Kredi Ödemesi,2024-08-15,11,31
Kredi Ödemesi,2024-08-15,12,2
Kredi Ödemesi,2024-08-15,13,14
Kredi Ödemesi,2024-08-15,14,7
Kredi Ödemesi,2024-08-15,15,3
Kredi Ödemesi,2024-08-15,16,21
Kredi Ödemesi,2024-08-15,17,24
Kredi Ödemesi,2024-08-15,18,6
Kredi Ödemesi,2024-08-15,19,4
Kredi Ödemesi,2024-08-16,7,3
Kredi Ödemesi,2024-08-16,8,23
Kredi Ödemesi,2024-08-16,9,20
Kredi Ödemesi,2024-08-16,10,9
Kredi Ödemesi,2024-08-16,11,7
Kredi Ödemesi,2024-08-16,12,2
Kredi Ödemesi,2024-08-16,13,7
Kredi Ödemesi,2024-08-16,14,4
Kredi Ödemesi,2024-08-16,15,4
Kredi Ödemesi,2024-08-16,16,4
Kredi Ödemesi,2024-08-16,17,12
Kredi Ödemesi,2024-08-16,19,1
Kredi Ödemesi,2024-08-16,22,7
Kredi Ödemesi,2024-08-16,23,1
Kredi Ödemesi,2024-08-19,3,1
Kredi Ödemesi,2024-08-19,6,8
Kredi Ödemesi,2024-08-19,7,1
Kredi Ödemesi,2024-08-19,8,1
Kredi Ödemesi,2024-08-19,9,7
Kredi Ödemesi,2024-08-19,10,4
Kredi Ödemesi,2024-08-19,11,5
Kredi Ödemesi,2024-08-19,12,2
Kredi Ödemesi,2024-08-19,13,8
Kredi Ödemesi,2024-08-19,14,3
Kredi Ödemesi,2024-08-19,15,15
Kredi Ödemesi,2024-08-19,16,4
Kredi Ödemesi,2024-08-19,20,2
Kredi Ödemesi,2024-08-20,1,9
Kredi Ödemesi,2024-08-20,7,7
Kredi Ödemesi,2024-08-20,8,9
Kredi Ödemesi,2024-08-20,9,2
Kredi Ödemesi,2024-08-20,10,16
Kredi Ödemesi,2024-08-20,11,6
Kredi Ödemesi,2024-08-20,13,7
Kredi Ödemesi,2024-08-20,14,14
Kredi Ödemesi,2024-08-20,15,12
Kredi Ödemesi,2024-08-20,16,3
Kredi Ödemesi,2024-08-20,17,2
Kredi Ödemesi,2024-08-20,19,1
Kredi Ödemesi,2024-08-21,1,2
Kredi Ödemesi,2024-08-21,6,2
Kredi Ödemesi,2024-08-21,7,48
Kredi Ödemesi,2024-08-21,8,75
Kredi Ödemesi,2024-08-21,9,28
Kredi Ödemesi,2024-08-21,10,5
Kredi Ödemesi,2024-08-21,11,2
Kredi Ödemesi,2024-08-21,12,8
Kredi Ödemesi,2024-08-21,13,15
Kredi Ödemesi,2024-08-21,14,21
Kredi Ödemesi,2024-08-21,15,8
Kredi Ödemesi,2024-08-21,16,7
Kredi Ödemesi,2024-08-21,17,28
Kredi Ödemesi,2024-08-21,18,10
Kredi Ödemesi,2024-08-21,23,1
Kredi Ödemesi,2024-08-22,0,1
Kredi Ödemesi,2024-08-22,6,2
Kredi Ödemesi,2024-08-22,8,16
Kredi Ödemesi,2024-08-22,9,26
Kredi Ödemesi,2024-08-22,10,24
Kredi Ödemesi,2024-08-22,11,4
Kredi Ödemesi,2024-08-22,12,26
Kredi Ödemesi,2024-08-22,13,18
Kredi Ödemesi,2024-08-22,14,1
Kredi Ödemesi,2024-08-22,15,5
Kredi Ödemesi,2024-08-22,16,15
Kredi Ödemesi,2024-08-22,17,2
Kredi Ödemesi,2024-08-22,18,2
Kredi Ödemesi,2024-08-22,19,1
Kredi Ödemesi,2024-08-22,20,3
Kredi Ödemesi,2024-08-23,3,3
Kredi Ödemesi,2024-08-23,6,3
Kredi Ödemesi,2024-08-23,8,17
Kredi Ödemesi,2024-08-23,9,9
Kredi Ödemesi,2024-08-23,10,24
Kredi Ödemesi,2024-08-23,11,15
Kredi Ödemesi,2024-08-23,12,1
Kredi Ödemesi,2024-08-23,13,3
Kredi Ödemesi,2024-08-23,14,6
Kredi Ödemesi,2024-08-23,15,3
Kredi Ödemesi,2024-08-23,16,1
Kredi Ödemesi,2024-08-23,17,1
Kredi Ödemesi,2024-08-23,18,9
Kredi Ödemesi,2024-08-23,19,3
Kredi Ödemesi,2024-08-23,21,4
Kredi Ödemesi,2024-08-26,4,4
Kredi Ödemesi,2024-08-26,5,1
Kredi Ödemesi,2024-08-26,6,8
Kredi Ödemesi,2024-08-26,7,4
Kredi Ödemesi,2024-08-26,8,54
Kredi Ödemesi,2024-08-26,9,28
Kredi Ödemesi,2024-08-26,10,30
Kredi Ödemesi,2024-08-26,11,84
Kredi Ödemesi,2024-08-26,12,18
Kredi Ödemesi,2024-08-26,13,48
Kredi Ödemesi,2024-08-26,14,8
Kredi Ödemesi,2024-08-26,15,54
Kredi Ödemesi,2024-08-26,16,22
Kredi Ödemesi,2024-08-26,17,8
Kredi Ödemesi,2024-08-26,18,13
Kredi Ödemesi,2024-08-26,19,2
Kredi Ödemesi,2024-08-26,20,11
Kredi Ödemesi,2024-08-26,23,2
Kredi Ödemesi,2024-08-27,2,1
Kredi Ödemesi,2024-08-27,6,3
Kredi Ödemesi,2024-08-27,8,1
Kredi Ödemesi,2024-08-27,9,19
Kredi Ödemesi,2024-08-27,10,10
Kredi Ödemesi,2024-08-27,11,4
Kredi Ödemesi,2024-08-27,12,5
Kredi Ödemesi,2024-08-27,13,8
Kredi Ödemesi,2024-08-27,14,16
Kredi Ödemesi,2024-08-27,15,3
Kredi Ödemesi,2024-08-27,16,11
Kredi Ödemesi,2024-08-27,18,12
Kredi Ödemesi,2024-08-27,19,5
Kredi Ödemesi,2024-08-27,21,5
Kredi Ödemesi,2024-08-27,22,9
Kredi Ödemesi,2024-08-28,0,1
Kredi Ödemesi,2024-08-28,2,1
Kredi Ödemesi,2024-08-28,5,15
Kredi Ödemesi,2024-08-28,6,1
Kredi Ödemesi,2024-08-28,7,15
Kredi Ödemesi,2024-08-28,8,17
Kredi Ödemesi,2024-08-28,9,22
Kredi Ödemesi,2024-08-28,10,35
Kredi Ödemesi,2024-08-28,11,18
Kredi Ödemesi,2024-08-28,12,19
Kredi Ödemesi,2024-08-28,13,20
Kredi Ödemesi,2024-08-28,14,27
Kredi Ödemesi,2024-08-28,15,2
Kredi Ödemesi,2024-08-28,16,20
Kredi Ödemesi,2024-08-28,17,15
Kredi Ödemesi,2024-08-28,19,5
Kredi Ödemesi,2024-08-28,23,2
Kredi Ödemesi,2024-08-29,1,25
Kredi Ödemesi,2024-08-29,3,1
Kredi Ödemesi,2024-08-29,6,1
Kredi Ödemesi,2024-08-29,7,15
Kredi Ödemesi,2024-08-29,8,12
Kredi Ödemesi,2024-08-29,9,49
Kredi Ödemesi,2024-08-29,10,41
Kredi Ödemesi,2024-08-29,11,38
Kredi Ödemesi,2024-08-29,12,29
Kredi Ödemesi,2024-08-29,13,7
Kredi Ödemesi,2024-08-29,14,20
Kredi Ödemesi,2024-08-29,15,8
Kredi Ödemesi,2024-08-29,16,3
Kredi Ödemesi,2024-08-29,18,6
Kredi Ödemesi,2024-08-29,21,2
Kredi Ödemesi,2024-09-02,1,3
Kredi Ödemesi,2024-09-02,6,15
Kredi Ödemesi,2024-09-02,7,46
Kredi Ödemesi,2024-09-02,8,19
Kredi Ödemesi,2024-09-02,9,31
Kredi Ödemesi,2024-09-02,10,52
Kredi Ödemesi,2024-09-02,11,43
Kredi Ödemesi,2024-09-02,12,2
Kredi Ödemesi,2024-09-02,13,49
Kredi Ödemesi,2024-09-02,14,20
Kredi Ödemesi,2024-09-02,15,15
Kredi Ödemesi,2024-09-02,16,21
Kredi Ödemesi,2024-09-02,17,14
Kredi Ödemesi,2024-09-02,18,7
Kredi Ödemesi,2024-09-02,23,1
Kredi Ödemesi,2024-09-03,6,3
Kredi Ödemesi,2024-09-03,7,18
Kredi Ödemesi,2024-09-03,8,39
Kredi Ödemesi,2024-09-03,9,14
Kredi Ödemesi,2024-09-03,10,7
Kredi Ödemesi,2024-09-03,11,2
Kredi Ödemesi,2024-09-03,12,8
Kredi Ödemesi,2024-09-03,13,1
Kredi Ödemesi,2024-09-03,14,7
Kredi Ödemesi,2024-09-03,15,6
Kredi Ödemesi,2024-09-03,16,12
Kredi Ödemesi,2024-09-03,18,5
Kredi Ödemesi,2024-09-03,20,1
Kredi Ödemesi,2024-09-04,0,1
Kredi Ödemesi,2024-09-04,3,1
Kredi Ödemesi,2024-09-04,5,2
Kredi Ödemesi,2024-09-04,6,7
Kredi Ödemesi,2024-09-04,7,28
Kredi Ödemesi,2024-09-04,8,28
Kredi Ödemesi,2024-09-04,9,94
Kredi Ödemesi,2024-09-04,10,39
Kredi Ödemesi,2024-09-04,11,84
Kredi Ödemesi,2024-09-04,12,13
Kredi Ödemesi,2024-09-04,13,8
Kredi Ödemesi,2024-09-04,14,46
Kredi Ödemesi,2024-09-04,15,10
Kredi Ödemesi,2024-09-04,16,28
Kredi Ödemesi,2024-09-04,17,3
Kredi Ödemesi,2024-09-04,18,34
Kredi Ödemesi,2024-09-04,19,21
Kredi Ödemesi,2024-09-05,4,3
Kredi Ödemesi,2024-09-05,6,3
Kredi Ödemesi,2024-09-05,7,1
Kredi Ödemesi,2024-09-05,8,14
Kredi Ödemesi,2024-09-05,9,3
Kredi Ödemesi,2024-09-05,10,18
Kredi Ödemesi,2024-09-05,11,21
Kredi Ödemesi,2024-09-05,12,3
Kredi Ödemesi,2024-09-05,13,7
Kredi Ödemesi,2024-09-05,14,2
Kredi Ödemesi,2024-09-05,15,11
Kredi Ödemesi,2024-09-05,16,14
Kredi Ödemesi,2024-09-05,17,2
Kredi Ödemesi,2024-09-05,18,8
Kredi Ödemesi,2024-09-06,3,4
Kredi Ödemesi,2024-09-06,7,1
Kredi Ödemesi,2024-09-06,8,2
Kredi Ödemesi,2024-09-06,9,13
Kredi Ödemesi,2024-09-06,10,18
Kredi Ödemesi,2024-09-06,11,2
Kredi Ödemesi,2024-09-06,12,3
Kredi Ödemesi,2024-09-06,13,15
Kredi Ödemesi,2024-09-06,14,12
Kredi Ödemesi,2024-09-06,15,17
Kredi Ödemesi,2024-09-06,16,17
Kredi Ödemesi,2024-09-06,17,11
Kredi Ödemesi,2024-09-06,18,8
Kredi Ödemesi,2024-09-09,4,14
Kredi Ödemesi,2024-09-09,5,2
Kredi Ödemesi,2024-09-09,6,1
Kredi Ödemesi,2024-09-09,7,13
Kredi Ödemesi,2024-09-09,8,74
Kredi Ödemesi,2024-09-09,9,20
Kredi Ödemesi,2024-09-09,10,55
Kredi Ödemesi,2024-09-09,11,31
Kredi Ödemesi,2024-09-09,12,29
Kredi Ödemesi,2024-09-09,13,20
Kredi Ödemesi,2024-09-09,14,27
Kredi Ödemesi,2024-09-09,15,34
Kredi Ödemesi,2024-09-09,16,27
Kredi Ödemesi,2024-09-09,17,19
Kredi Ödemesi,2024-09-09,18,9
Kredi Ödemesi,2024-09-09,19,27
Kredi Ödemesi,2024-09-10,0,12
Kredi Ödemesi,2024-09-10,6,3
Kredi Ödemesi,2024-09-10,7,9
Kredi Ödemesi,2024-09-10,8,21
Kredi Ödemesi,2024-09-10,9,47
Kredi Ödemesi,2024-09-10,10,31
Kredi Ödemesi,2024-09-10,11,28
Kredi Ödemesi,2024-09-10,12,11
Kredi Ödemesi,2024-09-10,13,5
Kredi Ödemesi,2024-09-10,14,10
Kredi Ödemesi,2024-09-10,15,3
Kredi Ödemesi,2024-09-10,17,8
Kredi Ödemesi,2024-09-10,18,19
Kredi Ödemesi,2024-09-10,22,3
Kredi Ödemesi,2024-09-11,2,1
Kredi Ödemesi,2024-09-11,4,2
Kredi Ödemesi,2024-09-11,6,1
Kredi Ödemesi,2024-09-11,7,25
Kredi Ödemesi,2024-09-11,8,6
Kredi Ödemesi,2024-09-11,9,13
Kredi Ödemesi,2024-09-11,10,11
Kredi Ödemesi,2024-09-11,11,7
Kredi Ödemesi,2024-09-11,12,12
Kredi Ödemesi,2024-09-11,13,11
Kredi Ödemesi,2024-09-11,14,17
Kredi Ödemesi,2024-09-11,15,6
Kredi Ödemesi,2024-09-11,16,6
Kredi Ödemesi,2024-09-11,17,4
Kredi Ödemesi,2024-09-11,18,13
Kredi Ödemesi,2024-09-11,19,11
Kredi Ödemesi,2024-09-11,23,16
Kredi Ödemesi,2024-09-12,6,6
Kredi Ödemesi,2024-09-12,7,26
Kredi Ödemesi,2024-09-12,8,5
Kredi Ödemesi,2024-09-12,9,49
Kredi Ödemesi,2024-09-12,10,12
Kredi Ödemesi,2024-09-12,11,3
Kredi Ödemesi,2024-09-12,12,11
Kredi Ödemesi,2024-09-12,13,22
Kredi Ödemesi,2024-09-12,14,7
Kredi Ödemesi,2024-09-12,15,25
Kredi Ödemesi,2024-09-12,16,27
Kredi Ödemesi,2024-09-12,17,4
Kredi Ödemesi,2024-09-13,2,1
Kredi Ödemesi,2024-09-13,6,1
Kredi Ödemesi,2024-09-13,8,13
Kredi Ödemesi,2024-09-13,9,6
Kredi Ödemesi,2024-09-13,10,15
Kredi Ödemesi,2024-09-13,11,8
Kredi Ödemesi,2024-09-13,12,10
Kredi Ödemesi,2024-09-13,14,5
Kredi Ödemesi,2024-09-13,15,7
Kredi Ödemesi,2024-09-13,16,4
Kredi Ödemesi,2024-09-13,17,1
Kredi Ödemesi,2024-09-13,18,3
Kredi Ödemesi,2024-09-13,22,1
Kredi Ödemesi,2024-09-13,23,1
Kredi Ödemesi,2024-09-16,4,10
Kredi Ödemesi,2024-09-16,5,4
Kredi Ödemesi,2024-09-16,7,4
Kredi Ödemesi,2024-09-16,8,61
Kredi Ödemesi,2024-09-16,9,59
Kredi Ödemesi,2024-09-16,10,41
Kredi Ödemesi,2024-09-16,11,55
Kredi Ödemesi,2024-09-16,12,25
Kredi Ödemesi,2024-09-16,13,5
Kredi Ödemesi,2024-09-16,14,47
Kredi Ödemesi,2024-09-16,15,38
Kredi Ödemesi,2024-09-16,16,7
Kredi Ödemesi,2024-09-16,17,2
Kredi Ödemesi,2024-09-16,18,9
Kredi Ödemesi,2024-09-17,1,10
Kredi Ödemesi,2024-09-17,6,1
Kredi Ödemesi,2024-09-17,7,5
Kredi Ödemesi,2024-09-17,8,61
Kredi Ödemesi,2024-09-17,9,109
Kredi Ödemesi,2024-09-17,10,144
Kredi Ödemesi,2024-09-17,11,58
Kredi Ödemesi,2024-09-17,12,102
Kredi Ödemesi,2024-09-17,13,17
Kredi Ödemesi,2024-09-17,14,47
Kredi Ödemesi,2024-09-17,15,49
Kredi Ödemesi,2024-09-17,16,22
Kredi Ödemesi,2024-09-17,17,101
Kredi Ödemesi,2024-09-17,18,15
Kredi Ödemesi,2024-09-17,19,10
Kredi Ödemesi,2024-09-17,22,1
Kredi Ödemesi,2024-09-18,4,10
Kredi Ödemesi,2024-09-18,6,6
Kredi Ödemesi,2024-09-18,7,1
Kredi Ödemesi,2024-09-18,8,17
Kredi Ödemesi,2024-09-18,9,6
Kredi Ödemesi,2024-09-18,10,9
Kredi Ödemesi,2024-09-18,11,4
Kredi Ödemesi,2024-09-18,12,2
Kredi Ödemesi,2024-09-18,13,18
Kredi Ödemesi,2024-09-18,14,3
Kredi Ödemesi,2024-09-18,15,37
Kredi Ödemesi,2024-09-18,16,11
Kredi Ödemesi,2024-09-18,17,5
Kredi Ödemesi,2024-09-18,19,1
Kredi Ödemesi,2024-09-19,1,1
Kredi Ödemesi,2024-09-19,6,9
Kredi Ödemesi,2024-09-19,7,8
Kredi Ödemesi,2024-09-19,9,15
Kredi Ödemesi,2024-09-19,10,18
Kredi Ödemesi,2024-09-19,11,19
Kredi Ödemesi,2024-09-19,12,37
Kredi Ödemesi,2024-09-19,13,8
Kredi Ödemesi,2024-09-19,14,13
Kredi Ödemesi,2024-09-19,15,9
Kredi Ödemesi,2024-09-19,16,5
Kredi Ödemesi,2024-09-19,17,6
Kredi Ödemesi,2024-09-19,18,1
Kredi Ödemesi,2024-09-19,19,8
Kredi Ödemesi,2024-09-19,22,4
Kredi Ödemesi,2024-09-19,23,1
Kredi Ödemesi,2024-09-20,0,16
Kredi Ödemesi,2024-09-20,2,1
Kredi Ödemesi,2024-09-20,4,12
Kredi Ödemesi,2024-09-20,6,39
Kredi Ödemesi,2024-09-20,7,10
Kredi Ödemesi,2024-09-20,8,51
Kredi Ödemesi,2024-09-20,9,108
Kredi Ödemesi,2024-09-20,10,34
Kredi Ödemesi,2024-09-20,11,5
Kredi Ödemesi,2024-09-20,12,26
Kredi Ödemesi,2024-09-20,13,24
Kredi Ödemesi,2024-09-20,14,12
Kredi Ödemesi,2024-09-20,15,7
Kredi Ödemesi,2024-09-20,16,5
Kredi Ödemesi,2024-09-20,17,57
Kredi Ödemesi,2024-09-20,18,2
Kredi Ödemesi,2024-09-20,19,17
Kredi Ödemesi,2024-09-23,6,1
Kredi Ödemesi,2024-09-23,7,43
Kredi Ödemesi,2024-09-23,8,60
Kredi Ödemesi,2024-09-23,9,25
Kredi Ödemesi,2024-09-23,10,34
Kredi Ödemesi,2024-09-23,11,28
Kredi Ödemesi,2024-09-23,12,8
Kredi Ödemesi,2024-09-23,13,23
Kredi Ödemesi,2024-09-23,14,23
Kredi Ödemesi,2024-09-23,15,35
Kredi Ödemesi,2024-09-23,16,14
Kredi Ödemesi,2024-09-23,17,8
Kredi Ödemesi,2024-09-23,18,1
Kredi Ödemesi,2024-09-23,19,3
Kredi Ödemesi,2024-09-24,6,2
Kredi Ödemesi,2024-09-24,7,1
Kredi Ödemesi,2024-09-24,8,11
Kredi Ödemesi,2024-09-24,9,52
Kredi Ödemesi,2024-09-24,10,30
Kredi Ödemesi,2024-09-24,11,26
Kredi Ödemesi,2024-09-24,12,11
Kredi Ödemesi,2024-09-24,13,25
Kredi Ödemesi,2024-09-24,14,19
Kredi Ödemesi,2024-09-24,15,14
Kredi Ödemesi,2024-09-24,16,3
Kredi Ödemesi,2024-09-24,17,20
Kredi Ödemesi,2024-09-24,18,12
Kredi Ödemesi,2024-09-24,19,1
Kredi Ödemesi,2024-09-25,3,3
Kredi Ödemesi,2024-09-25,7,8
Kredi Ödemesi,2024-09-25,8,11
Kredi Ödemesi,2024-09-25,9,17
Kredi Ödemesi,2024-09-25,10,8
Kredi Ödemesi,2024-09-25,11,6
Kredi Ödemesi,2024-09-25,12,6
Kredi Ödemesi,2024-09-25,13,5
Kredi Ödemesi,2024-09-25,14,17
Kredi Ödemesi,2024-09-25,15,9
Kredi Ödemesi,2024-09-25,16,12
Kredi Ödemesi,2024-09-25,17,5
Kredi Ödemesi,2024-09-25,18,7
Kredi Ödemesi,2024-09-25,19,7
Kredi Ödemesi,2024-09-26,7,3
Kredi Ödemesi,2024-09-26,8,2
Kredi Ödemesi,2024-09-26,9,8
Kredi Ödemesi,2024-09-26,10,3
Kredi Ödemesi,2024-09-26,12,4
Kredi Ödemesi,2024-09-26,14,5
Kredi Ödemesi,2024-09-26,15,6
Kredi Ödemesi,2024-09-26,16,3
Kredi Ödemesi,2024-09-26,18,1
Kredi Ödemesi,2024-09-27,1,5
Kredi Ödemesi,2024-09-27,2,1
Kredi Ödemesi,2024-09-27,7,1
Kredi Ödemesi,2024-09-27,8,5
Kredi Ödemesi,2024-09-27,9,9
Kredi Ödemesi,2024-09-27,10,11
Kredi Ödemesi,2024-09-27,11,8
Kredi Ödemesi,2024-09-27,12,20
Kredi Ödemesi,2024-09-27,14,3
Kredi Ödemesi,2024-09-27,16,6
Kredi Ödemesi,2024-09-27,17,8
Kredi Ödemesi,2024-09-27,19,1
Kredi Ödemesi,2024-09-27,22,3
Kredi Ödemesi,2024-09-30,6,139
Kredi Ödemesi,2024-09-30,7,12
Kredi Ödemesi,2024-09-30,8,58
Kredi Ödemesi,2024-09-30,9,65
Kredi Ödemesi,2024-09-30,10,47
Kredi Ödemesi,2024-09-30,11,61
Kredi Ödemesi,2024-09-30,12,78
Kredi Ödemesi,2024-09-30,13,19
Kredi Ödemesi,2024-09-30,14,33
Kredi Ödemesi,2024-09-30,15,68
Kredi Ödemesi,2024-09-30,16,15
Kredi Ödemesi,2024-09-30,17,19
Kredi Ödemesi,2024-09-30,18,31
Kredi Ödemesi,2024-09-30,19,1
Kredi Ödemesi,2024-09-30,23,7
Kredi Ödemesi,2024-10-01,2,1
Kredi Ödemesi,2024-10-01,4,7
Kredi Ödemesi,2024-10-01,6,4
Kredi Ödemesi,2024-10-01,7,11
Kredi Ödemesi,2024-10-01,8,49
Kredi Ödemesi,2024-10-01,9,25
Kredi Ödemesi,2024-10-01,10,12
Kredi Ödemesi,2024-10-01,11,49
Kredi Ödemesi,2024-10-01,12,19
Kredi Ödemesi,2024-10-01,13,1
Kredi Ödemesi,2024-10-01,14,43
Kredi Ödemesi,2024-10-01,15,88
Kredi Ödemesi,2024-10-01,16,9
Kredi Ödemesi,2024-10-01,17,28
Kredi Ödemesi,2024-10-01,18,1
Kredi Ödemesi,2024-10-01,19,1
Kredi Ödemesi,2024-10-02,2,1
Kredi Ödemesi,2024-10-02,6,3
Kredi Ödemesi,2024-10-02,7,18
Kredi Ödemesi,2024-10-02,8,7
Kredi Ödemesi,2024-10-02,9,14
Kredi Ödemesi,2024-10-02,10,7
Kredi Ödemesi,2024-10-02,11,34
Kredi Ödemesi,2024-10-02,12,2
Kredi Ödemesi,2024-10-02,13,41
Kredi Ödemesi,2024-10-02,14,28
Kredi Ödemesi,2024-10-02,15,13
Kredi Ödemesi,2024-10-02,16,1
Kredi Ödemesi,2024-10-02,17,1
Kredi Ödemesi,2024-10-02,18,4
Kredi Ödemesi,2024-10-02,19,4
Kredi Ödemesi,2024-10-02,22,3
Kredi Ödemesi,2024-10-02,23,3
Kredi Ödemesi,2024-10-03,1,10
Kredi Ödemesi,2024-10-03,5,7
Kredi Ödemesi,2024-10-03,7,2
Kredi Ödemesi,2024-10-03,8,24
Kredi Ödemesi,2024-10-03,9,11
Kredi Ödemesi,2024-10-03,10,31
Kredi Ödemesi,2024-10-03,11,33
Kredi Ödemesi,2024-10-03,13,49
Kredi Ödemesi,2024-10-03,14,7
Kredi Ödemesi,2024-10-03,15,2
Kredi Ödemesi,2024-10-03,16,4
Kredi Ödemesi,2024-10-03,18,1
Kredi Ödemesi,2024-10-03,19,12
Kredi Ödemesi,2024-10-03,20,2
Kredi Ödemesi,2024-10-04,0,1
Kredi Ödemesi,2024-10-04,1,1
Kredi Ödemesi,2024-10-04,4,1
Kredi Ödemesi,2024-10-04,5,1
Kredi Ödemesi,2024-10-04,6,3
Kredi Ödemesi,2024-10-04,7,9
Kredi Ödemesi,2024-10-04,8,42
Kredi Ödemesi,2024-10-04,9,14
Kredi Ödemesi,2024-10-04,10,25
Kredi Ödemesi,2024-10-04,11,5
Kredi Ödemesi,2024-10-04,12,14
Kredi Ödemesi,2024-10-04,13,4
Kredi Ödemesi,2024-10-04,14,18
Kredi Ödemesi,2024-10-04,15,4
Kredi Ödemesi,2024-10-04,16,5
Kredi Ödemesi,2024-10-04,17,3
Kredi Ödemesi,2024-10-04,18,2
Kredi Ödemesi,2024-10-04,19,1
Kredi Ödemesi,2024-10-04,20,1
Kredi Ödemesi,2024-10-04,23,2
Kredi Ödemesi,2024-10-07,3,10
Kredi Ödemesi,2024-10-07,6,9
Kredi Ödemesi,2024-10-07,7,42
Kredi Ödemesi,2024-10-07,8,7
Kredi Ödemesi,2024-10-07,9,44
Kredi Ödemesi,2024-10-07,10,21
Kredi Ödemesi,2024-10-07,11,1
Kredi Ödemesi,2024-10-07,12,8
Kredi Ödemesi,2024-10-07,13,12
Kredi Ödemesi,2024-10-07,14,11
Kredi Ödemesi,2024-10-07,15,16
Kredi Ödemesi,2024-10-07,16,37
Kredi Ödemesi,2024-10-07,17,13
Kredi Ödemesi,2024-10-07,19,13
Kredi Ödemesi,2024-10-08,1,1
Kredi Ödemesi,2024-10-08,6,1
Kredi Ödemesi,2024-10-08,7,5
Kredi Ödemesi,2024-10-08,8,7
Kredi Ödemesi,2024-10-08,9,11
Kredi Ödemesi,2024-10-08,10,5
Kredi Ödemesi,2024-10-08,11,5
Kredi Ödemesi,2024-10-08,12,8
Kredi Ödemesi,2024-10-08,13,5
Kredi Ödemesi,2024-10-08,14,3
Kredi Ödemesi,2024-10-08,15,8
Kredi Ödemesi,2024-10-08,16,22
Kredi Ödemesi,2024-10-08,17,7
Kredi Ödemesi,2024-10-08,18,19
Kredi Ödemesi,2024-10-08,19,7
Kredi Ödemesi,2024-10-08,20,1
Kredi Ödemesi,2024-10-09,3,3
Kredi Ödemesi,2024-10-09,7,14
Kredi Ödemesi,2024-10-09,8,22
Kredi Ödemesi,2024-10-09,9,20
Kredi Ödemesi,2024-10-09,10,7
Kredi Ödemesi,2024-10-09,11,33
Kredi Ödemesi,2024-10-09,12,15
Kredi Ödemesi,2024-10-09,13,5
Kredi Ödemesi,2024-10-09,14,5
Kredi Ödemesi,2024-10-09,15,10
Kredi Ödemesi,2024-10-09,16,21
Kredi Ödemesi,2024-10-09,17,1
Kredi Ödemesi,2024-10-09,18,7
Kredi Ödemesi,2024-10-09,19,2
Kredi Ödemesi,2024-10-10,6,15
Kredi Ödemesi,2024-10-10,7,48
Kredi Ödemesi,2024-10-10,8,18
Kredi Ödemesi,2024-10-10,9,41
Kredi Ödemesi,2024-10-10,10,29
Kredi Ödemesi,2024-10-10,11,13
Kredi Ödemesi,2024-10-10,12,40
Kredi Ödemesi,2024-10-10,13,15
Kredi Ödemesi,2024-10-10,14,78
Kredi Ödemesi,2024-10-10,15,36
Kredi Ödemesi,2024-10-10,16,9
Kredi Ödemesi,2024-10-10,17,16
Kredi Ödemesi,2024-10-10,18,8
Kredi Ödemesi,2024-10-10,19,23
Kredi Ödemesi,2024-10-10,22,10
Kredi Ödemesi,2024-10-10,23,2
Kredi Ödemesi,2024-10-11,0,1
Kredi Ödemesi,2024-10-11,6,19
Kredi Ödemesi,2024-10-11,7,10
Kredi Ödemesi,2024-10-11,8,24
Kredi Ödemesi,2024-10-11,9,33
Kredi Ödemesi,2024-10-11,10,34
Kredi Ödemesi,2024-10-11,11,9
Kredi Ödemesi,2024-10-11,12,2
Kredi Ödemesi,2024-10-11,13,33
Kredi Ödemesi,2024-10-11,14,9
Kredi Ödemesi,2024-10-11,15,18
Kredi Ödemesi,2024-10-11,16,5
Kredi Ödemesi,2024-10-11,17,8
Kredi Ödemesi,2024-10-11,19,1
Kredi Ödemesi,2024-10-11,21,5
Kredi Ödemesi,2024-10-11,22,4
Kredi Ödemesi,2024-10-14,1,1
Kredi Ödemesi,2024-10-14,2,11
Kredi Ödemesi,2024-10-14,6,4
Kredi Ödemesi,2024-10-14,7,5
Kredi Ödemesi,2024-10-14,8,35
Kredi Ödemesi,2024-10-14,9,33
Kredi Ödemesi,2024-10-14,10,23
Kredi Ödemesi,2024-10-14,11,35
Kredi Ödemesi,2024-10-14,12,75
Kredi Ödemesi,2024-10-14,13,12
Kredi Ödemesi,2024-10-14,14,43
Kredi Ödemesi,2024-10-14,15,2
Kredi Ödemesi,2024-10-14,16,13
Kredi Ödemesi,2024-10-14,17,14
Kredi Ödemesi,2024-10-14,19,1
Kredi Ödemesi,2024-10-14,22,7
Kredi Ödemesi,2024-10-15,0,2
Kredi Ödemesi,2024-10-15,6,1
Kredi Ödemesi,2024-10-15,7,7
Kredi Ödemesi,2024-10-15,8,18
Kredi Ödemesi,2024-10-15,9,38
Kredi Ödemesi,2024-10-15,10,35
Kredi Ödemesi,2024-10-15,11,8
Kredi Ödemesi,2024-10-15,12,14
Kredi Ödemesi,2024-10-15,13,13
Kredi Ödemesi,2024-10-15,14,11
Kredi Ödemesi,2024-10-15,15,11
Kredi Ödemesi,2024-10-15,16,17
Kredi Ödemesi,2024-10-15,17,7
Kredi Ödemesi,2024-10-15,18,1
Kredi Ödemesi,2024-10-15,19,5
Kredi Ödemesi,2024-10-16,7,4
Kredi Ödemesi,2024-10-16,8,31
Kredi Ödemesi,2024-10-16,9,17
Kredi Ödemesi,2024-10-16,10,7
Kredi Ödemesi,2024-10-16,11,13
Kredi Ödemesi,2024-10-16,12,9
Kredi Ödemesi,2024-10-16,13,8
Kredi Ödemesi,2024-10-16,14,8
Kredi Ödemesi,2024-10-16,15,8
Kredi Ödemesi,2024-10-16,16,10
Kredi Ödemesi,2024-10-16,20,1
Kredi Ödemesi,2024-10-17,2,3
Kredi Ödemesi,2024-10-17,6,1
Kredi Ödemesi,2024-10-17,7,7
Kredi Ödemesi,2024-10-17,8,4
Kredi Ödemesi,2024-10-17,9,8
Kredi Ödemesi,2024-10-17,10,5
Kredi Ödemesi,2024-10-17,11,5
Kredi Ödemesi,2024-10-17,12,20
Kredi Ödemesi,2024-10-17,13,14
Kredi Ödemesi,2024-10-17,14,2
Kredi Ödemesi,2024-10-17,15,3
Kredi Ödemesi,2024-10-17,16,1
Kredi Ödemesi,2024-10-17,17,3
Kredi Ödemesi,2024-10-17,18,1
Kredi Ödemesi,2024-10-17,22,1
Kredi Ödemesi,2024-10-18,4,1
Kredi Ödemesi,2024-10-18,6,2
Kredi Ödemesi,2024-10-18,7,9
Kredi Ödemesi,2024-10-18,8,6
Kredi Ödemesi,2024-10-18,9,4
Kredi Ödemesi,2024-10-18,10,2
Kredi Ödemesi,2024-10-18,11,8
Kredi Ödemesi,2024-10-18,13,6
Kredi Ödemesi,2024-10-18,14,15
Kredi Ödemesi,2024-10-18,15,3
Kredi Ödemesi,2024-10-18,16,31
Kredi Ödemesi,2024-10-18,19,6
Kredi Ödemesi,2024-10-21,0,1
Kredi Ödemesi,2024-10-21,1,6
Kredi Ödemesi,2024-10-21,6,14
Kredi Ödemesi,2024-10-21,7,16
Kredi Ödemesi,2024-10-21,8,39
Kredi Ödemesi,2024-10-21,9,15
Kredi Ödemesi,2024-10-21,10,14
Kredi Ödemesi,2024-10-21,11,14
Kredi Ödemesi,2024-10-21,12,14
Kredi Ödemesi,2024-10-21,13,22
Kredi Ödemesi,2024-10-21,14,25
Kredi Ödemesi,2024-10-21,15,12
Kredi Ödemesi,2024-10-21,16,27
Kredi Ödemesi,2024-10-21,18,4
Kredi Ödemesi,2024-10-21,19,7
Kredi Ödemesi,2024-10-22,4,6
Kredi Ödemesi,2024-10-22,6,19
Kredi Ödemesi,2024-10-22,7,9
Kredi Ödemesi,2024-10-22,8,33
Kredi Ödemesi,2024-10-22,9,11
Kredi Ödemesi,2024-10-22,10,31
Kredi Ödemesi,2024-10-22,11,20
Kredi Ödemesi,2024-10-22,12,23
Kredi Ödemesi,2024-10-22,13,11
Kredi Ödemesi,2024-10-22,14,20
Kredi Ödemesi,2024-10-22,15,7
Kredi Ödemesi,2024-10-22,16,27
Kredi Ödemesi,2024-10-22,17,6
Kredi Ödemesi,2024-10-22,18,7
Kredi Ödemesi,2024-10-22,20,1
Kredi Ödemesi,2024-10-22,21,3
Kredi Ödemesi,2024-10-22,22,2
Kredi Ödemesi,2024-10-23,1,2
Kredi Ödemesi,2024-10-23,7,10
Kredi Ödemesi,2024-10-23,8,25
Kredi Ödemesi,2024-10-23,9,12
Kredi Ödemesi,2024-10-23,10,17
Kredi Ödemesi,2024-10-23,11,12
Kredi Ödemesi,2024-10-23,12,15
Kredi Ödemesi,2024-10-23,13,10
Kredi Ödemesi,2024-10-23,14,6
Kredi Ödemesi,2024-10-23,15,22
Kredi Ödemesi,2024-10-23,16,7
Kredi Ödemesi,2024-10-23,17,10
Kredi Ödemesi,2024-10-23,19,1
Kredi Ödemesi,2024-10-23,20,1
Kredi Ödemesi,2024-10-23,22,1
Kredi Ödemesi,2024-10-24,3,7
Kredi Ödemesi,2024-10-24,4,1
Kredi Ödemesi,2024-10-24,6,10
Kredi Ödemesi,2024-10-24,7,30
Kredi Ödemesi,2024-10-24,8,10
Kredi Ödemesi,2024-10-24,9,30
Kredi Ödemesi,2024-10-24,10,25
Kredi Ödemesi,2024-10-24,11,21
Kredi Ödemesi,2024-10-24,12,56
Kredi Ödemesi,2024-10-24,13,94
Kredi Ödemesi,2024-10-24,14,42
Kredi Ödemesi,2024-10-24,15,17
Kredi Ödemesi,2024-10-24,16,57
Kredi Ödemesi,2024-10-24,17,9
Kredi Ödemesi,2024-10-24,18,20
Kredi Ödemesi,2024-10-24,23,17
Kredi Ödemesi,2024-10-25,4,3
Kredi Ödemesi,2024-10-25,6,1
Kredi Ödemesi,2024-10-25,7,1
Kredi Ödemesi,2024-10-25,8,20
Kredi Ödemesi,2024-10-25,9,18
Kredi Ödemesi,2024-10-25,10,13
Kredi Ödemesi,2024-10-25,11,3
Kredi Ödemesi,2024-10-25,12,17
Kredi Ödemesi,2024-10-25,13,3
Kredi Ödemesi,2024-10-25,14,5
Kredi Ödemesi,2024-10-25,15,30
Kredi Ödemesi,2024-10-25,16,4
Kredi Ödemesi,2024-10-25,17,1
Kredi Ödemesi,2024-10-25,18,8
Kredi Ödemesi,2024-10-25,21,8
Kredi Ödemesi,2024-10-28,1,2
Kredi Ödemesi,2024-10-28,3,1
Kredi Ödemesi,2024-10-28,6,1
Kredi Ödemesi,2024-10-28,7,6
Kredi Ödemesi,2024-10-28,8,6
Kredi Ödemesi,2024-10-28,9,11
Kredi Ödemesi,2024-10-28,10,6
Kredi Ödemesi,2024-10-28,11,11
Kredi Ödemesi,2024-10-28,12,15
Kredi Ödemesi,2024-10-28,14,8
Kredi Ödemesi,2024-10-28,15,19
Kredi Ödemesi,2024-10-28,16,6
Kredi Ödemesi,2024-10-28,17,4
Kredi Ödemesi,2024-10-28,18,2
Kredi Ödemesi,2024-10-28,19,5
Kredi Ödemesi,2024-10-30,1,1
Kredi Ödemesi,2024-10-30,4,11
Kredi Ödemesi,2024-10-30,7,4
Kredi Ödemesi,2024-10-30,8,10
Kredi Ödemesi,2024-10-30,9,20
Kredi Ödemesi,2024-10-30,10,10
Kredi Ödemesi,2024-10-30,11,5
Kredi Ödemesi,2024-10-30,12,17
Kredi Ödemesi,2024-10-30,13,15
Kredi Ödemesi,2024-10-30,14,9
Kredi Ödemesi,2024-10-30,15,5
Kredi Ödemesi,2024-10-30,16,2
Kredi Ödemesi,2024-10-30,17,7
Kredi Ödemesi,2024-10-30,18,9
Kredi Ödemesi,2024-10-30,19,10
Kredi Ödemesi,2024-10-30,21,7
Kredi Ödemesi,2024-10-31,0,3
Kredi Ödemesi,2024-10-31,3,7
Kredi Ödemesi,2024-10-31,4,16
Kredi Ödemesi,2024-10-31,5,5
Kredi Ödemesi,2024-10-31,6,3
Kredi Ödemesi,2024-10-31,7,14
Kredi Ödemesi,2024-10-31,8,52
Kredi Ödemesi,2024-10-31,9,92
Kredi Ödemesi,2024-10-31,10,45
Kredi Ödemesi,2024-10-31,11,20
Kredi Ödemesi,2024-10-31,12,54
Kredi Ödemesi,2024-10-31,13,22
Kredi Ödemesi,2024-10-31,14,4
Kredi Ödemesi,2024-10-31,15,64
Kredi Ödemesi,2024-10-31,16,3
Kredi Ödemesi,2024-10-31,17,2
Kredi Ödemesi,2024-10-31,18,3
Kredi Ödemesi,2024-10-31,20,13
Kredi Ödemesi,2024-10-31,23,6
Kredi Ödemesi,2024-11-01,3,1
Kredi Ödemesi,2024-11-01,6,2
Kredi Ödemesi,2024-11-01,7,1
Kredi Ödemesi,2024-11-01,8,7
Kredi Ödemesi,2024-11-01,9,24
Kredi Ödemesi,2024-11-01,10,13
Kredi Ödemesi,2024-11-01,11,9
Kredi Ödemesi,2024-11-01,12,2
Kredi Ödemesi,2024-11-01,13,8
Kredi Ödemesi,2024-11-01,14,2
Kredi Ödemesi,2024-11-01,15,6
Kredi Ödemesi,2024-11-01,16,4
Kredi Ödemesi,2024-11-01,17,4
Kredi Ödemesi,2024-11-01,18,1
Kredi Ödemesi,2024-11-04,2,14
Kredi Ödemesi,2024-11-04,4,1
Kredi Ödemesi,2024-11-04,5,5
Kredi Ödemesi,2024-11-04,6,18
Kredi Ödemesi,2024-11-04,7,13
Kredi Ödemesi,2024-11-04,8,149
Kredi Ödemesi,2024-11-04,9,12
Kredi Ödemesi,2024-11-04,10,25
Kredi Ödemesi,2024-11-04,11,34
Kredi Ödemesi,2024-11-04,12,3
Kredi Ödemesi,2024-11-04,13,50
Kredi Ödemesi,2024-11-04,14,26
Kredi Ödemesi,2024-11-04,15,23
Kredi Ödemesi,2024-11-04,16,53
Kredi Ödemesi,2024-11-04,17,13
Kredi Ödemesi,2024-11-04,18,5
Kredi Ödemesi,2024-11-04,22,23
Kredi Ödemesi,2024-11-05,0,1
Kredi Ödemesi,2024-11-05,4,19
Kredi Ödemesi,2024-11-05,7,16
Kredi Ödemesi,2024-11-05,8,5
Kredi Ödemesi,2024-11-05,9,11
Kredi Ödemesi,2024-11-05,10,34
Kredi Ödemesi,2024-11-05,11,61
Kredi Ödemesi,2024-11-05,12,4
Kredi Ödemesi,2024-11-05,13,14
Kredi Ödemesi,2024-11-05,14,59
Kredi Ödemesi,2024-11-05,15,29
Kredi Ödemesi,2024-11-05,16,3
Kredi Ödemesi,2024-11-05,17,21
Kredi Ödemesi,2024-11-05,18,14
Kredi Ödemesi,2024-11-05,19,4
Kredi Ödemesi,2024-11-05,23,1
Kredi Ödemesi,2024-11-06,4,1
Kredi Ödemesi,2024-11-06,7,3
Kredi Ödemesi,2024-11-06,8,7
Kredi Ödemesi,2024-11-06,9,16
Kredi Ödemesi,2024-11-06,10,38
Kredi Ödemesi,2024-11-06,11,38
Kredi Ödemesi,2024-11-06,12,40
Kredi Ödemesi,2024-11-06,13,82
Kredi Ödemesi,2024-11-06,14,52
Kredi Ödemesi,2024-11-06,15,14
Kredi Ödemesi,2024-11-06,16,16
Kredi Ödemesi,2024-11-06,17,54
Kredi Ödemesi,2024-11-06,18,14
Kredi Ödemesi,2024-11-06,19,2
Kredi Ödemesi,2024-11-06,20,13
Kredi Ödemesi,2024-11-06,22,16
Kredi Ödemesi,2024-11-07,3,1
Kredi Ödemesi,2024-11-07,4,6
Kredi Ödemesi,2024-11-07,7,4
Kredi Ödemesi,2024-11-07,8,13
Kredi Ödemesi,2024-11-07,9,33
Kredi Ödemesi,2024-11-07,10,17
Kredi Ödemesi,2024-11-07,11,1
Kredi Ödemesi,2024-11-07,12,84
Kredi Ödemesi,2024-11-07,13,6
Kredi Ödemesi,2024-11-07,14,29
Kredi Ödemesi,2024-11-07,15,15
Kredi Ödemesi,2024-11-07,16,18
Kredi Ödemesi,2024-11-07,17,9
Kredi Ödemesi,2024-11-07,18,12
Kredi Ödemesi,2024-11-07,19,1
Kredi Ödemesi,2024-11-08,7,11
Kredi Ödemesi,2024-11-08,8,19
Kredi Ödemesi,2024-11-08,9,11
Kredi Ödemesi,2024-11-08,10,5
Kredi Ödemesi,2024-11-08,11,9
Kredi Ödemesi,2024-11-08,12,4
Kredi Ödemesi,2024-11-08,13,9
Kredi Ödemesi,2024-11-08,14,2
Kredi Ödemesi,2024-11-08,15,15
Kredi Ödemesi,2024-11-08,16,8
Kredi Ödemesi,2024-11-08,17,9
Kredi Ödemesi,2024-11-08,18,2
Kredi Ödemesi,2024-11-08,19,4
Kredi Ödemesi,2024-11-11,0,9
Kredi Ödemesi,2024-11-11,1,3
Kredi Ödemesi,2024-11-11,3,4
Kredi Ödemesi,2024-11-11,6,9
Kredi Ödemesi,2024-11-11,7,2
Kredi Ödemesi,2024-11-11,8,13
Kredi Ödemesi,2024-11-11,9,31
Kredi Ödemesi,2024-11-11,10,15
Kredi Ödemesi,2024-11-11,11,46
Kredi Ödemesi,2024-11-11,12,28
Kredi Ödemesi,2024-11-11,13,5
Kredi Ödemesi,2024-11-11,14,56
Kredi Ödemesi,2024-11-11,15,38
Kredi Ödemesi,2024-11-11,16,22
Kredi Ödemesi,2024-11-11,17,7
Kredi Ödemesi,2024-11-11,18,4
Kredi Ödemesi,2024-11-11,19,24
Kredi Ödemesi,2024-11-11,20,12
Kredi Ödemesi,2024-11-11,22,1
Kredi Ödemesi,2024-11-12,1,1
Kredi Ödemesi,2024-11-12,3,1
Kredi Ödemesi,2024-11-12,6,4
Kredi Ödemesi,2024-11-12,7,21
Kredi Ödemesi,2024-11-12,8,20
Kredi Ödemesi,2024-11-12,9,28
Kredi Ödemesi,2024-11-12,10,19
Kredi Ödemesi,2024-11-12,11,15
Kredi Ödemesi,2024-11-12,12,13
Kredi Ödemesi,2024-11-12,13,7
Kredi Ödemesi,2024-11-12,14,12
Kredi Ödemesi,2024-11-12,15,3
Kredi Ödemesi,2024-11-12,16,2
Kredi Ödemesi,2024-11-12,17,4
Kredi Ödemesi,2024-11-12,18,4
Kredi Ödemesi,2024-11-12,19,12
Kredi Ödemesi,2024-11-13,7,6
Kredi Ödemesi,2024-11-13,8,11
Kredi Ödemesi,2024-11-13,9,28
Kredi Ödemesi,2024-11-13,10,12
Kredi Ödemesi,2024-11-13,11,8
Kredi Ödemesi,2024-11-13,12,10
Kredi Ödemesi,2024-11-13,13,5
Kredi Ödemesi,2024-11-13,14,11
Kredi Ödemesi,2024-11-13,15,13
Kredi Ödemesi,2024-11-13,16,5
Kredi Ödemesi,2024-11-13,17,14
Kredi Ödemesi,2024-11-13,21,1
Kredi Ödemesi,2024-11-14,6,5
Kredi Ödemesi,2024-11-14,7,15
Kredi Ödemesi,2024-11-14,8,20
Kredi Ödemesi,2024-11-14,9,22
Kredi Ödemesi,2024-11-14,10,36
Kredi Ödemesi,2024-11-14,11,6
Kredi Ödemesi,2024-11-14,12,2
Kredi Ödemesi,2024-11-14,13,10
Kredi Ödemesi,2024-11-14,14,7
Kredi Ödemesi,2024-11-14,15,4
Kredi Ödemesi,2024-11-14,16,4
Kredi Ödemesi,2024-11-14,17,6
Kredi Ödemesi,2024-11-14,18,6
Kredi Ödemesi,2024-11-14,20,2
Kredi Ödemesi,2024-11-15,6,6
Kredi Ödemesi,2024-11-15,8,11
Kredi Ödemesi,2024-11-15,9,14
Kredi Ödemesi,2024-11-15,10,24
Kredi Ödemesi,2024-11-15,11,28
Kredi Ödemesi,2024-11-15,12,12
Kredi Ödemesi,2024-11-15,13,17
Kredi Ödemesi,2024-11-15,14,15
Kredi Ödemesi,2024-11-15,15,18
Kredi Ödemesi,2024-11-15,16,9
Kredi Ödemesi,2024-11-15,17,7
Kredi Ödemesi,2024-11-15,18,23
Kredi Ödemesi,2024-11-15,19,2
Kredi Ödemesi,2024-11-18,3,1
Kredi Ödemesi,2024-11-18,6,4
Kredi Ödemesi,2024-11-18,7,13
Kredi Ödemesi,2024-11-18,8,25
Kredi Ödemesi,2024-11-18,9,7
Kredi Ödemesi,2024-11-18,10,20
Kredi Ödemesi,2024-11-18,11,10
Kredi Ödemesi,2024-11-18,12,51
Kredi Ödemesi,2024-11-18,13,46
Kredi Ödemesi,2024-11-18,14,36
Kredi Ödemesi,2024-11-18,15,14
Kredi Ödemesi,2024-11-18,16,22
Kredi Ödemesi,2024-11-18,17,12
Kredi Ödemesi,2024-11-18,18,12
Kredi Ödemesi,2024-11-18,19,22
Kredi Ödemesi,2024-11-18,21,15
Kredi Ödemesi,2024-11-19,2,11
Kredi Ödemesi,2024-11-19,4,3
Kredi Ödemesi,2024-11-19,5,1
Kredi Ödemesi,2024-11-19,6,7
Kredi Ödemesi,2024-11-19,7,3
Kredi Ödemesi,2024-11-19,8,6
Kredi Ödemesi,2024-11-19,9,47
Kredi Ödemesi,2024-11-19,10,9
Kredi Ödemesi,2024-11-19,11,16
Kredi Ödemesi,2024-11-19,12,10
Kredi Ödemesi,2024-11-19,13,27
Kredi Ödemesi,2024-11-19,14,21
Kredi Ödemesi,2024-11-19,15,3
Kredi Ödemesi,2024-11-19,16,12
Kredi Ödemesi,2024-11-19,17,10
Kredi Ödemesi,2024-11-19,18,15
Kredi Ödemesi,2024-11-19,19,8
Kredi Ödemesi,2024-11-20,0,1
Kredi Ödemesi,2024-11-20,6,13
Kredi Ödemesi,2024-11-20,8,33
Kredi Ödemesi,2024-11-20,9,27
Kredi Ödemesi,2024-11-20,10,19
Kredi Ödemesi,2024-11-20,11,6
Kredi Ödemesi,2024-11-20,12,5
Kredi Ödemesi,2024-11-20,13,24
Kredi Ödemesi,2024-11-20,14,21
Kredi Ödemesi,2024-11-20,15,35
Kredi Ödemesi,2024-11-20,16,10
Kredi Ödemesi,2024-11-20,17,5
Kredi Ödemesi,2024-11-20,18,8
Kredi Ödemesi,2024-11-21,4,3
Kredi Ödemesi,2024-11-21,5,17
Kredi Ödemesi,2024-11-21,6,21
Kredi Ödemesi,2024-11-21,7,6
Kredi Ödemesi,2024-11-21,8,6
Kredi Ödemesi,2024-11-21,9,29
Kredi Ödemesi,2024-11-21,10,8
Kredi Ödemesi,2024-11-21,11,20
Kredi Ödemesi,2024-11-21,12,10
Kredi Ödemesi,2024-11-21,13,4
Kredi Ödemesi,2024-11-21,14,21
Kredi Ödemesi,2024-11-21,15,11
Kredi Ödemesi,2024-11-21,16,10
Kredi Ödemesi,2024-11-21,17,1
Kredi Ödemesi,2024-11-21,18,2
Kredi Ödemesi,2024-11-21,19,1
Kredi Ödemesi,2024-11-21,23,1
Kredi Ödemesi,2024-11-22,0,1
Kredi Ödemesi,2024-11-22,7,2
Kredi Ödemesi,2024-11-22,8,3
Kredi Ödemesi,2024-11-22,9,7
Kredi Ödemesi,2024-11-22,10,16
Kredi Ödemesi,2024-11-22,11,20
Kredi Ödemesi,2024-11-22,12,23
Kredi Ödemesi,2024-11-22,13,53
Kredi Ödemesi,2024-11-22,14,19
Kredi Ödemesi,2024-11-22,15,18
Kredi Ödemesi,2024-11-22,16,3
Kredi Ödemesi,2024-11-22,17,3
Kredi Ödemesi,2024-11-22,18,1
Kredi Ödemesi,2024-11-25,0,10
Kredi Ödemesi,2024-11-25,1,2
Kredi Ödemesi,2024-11-25,6,2
Kredi Ödemesi,2024-11-25,7,25
Kredi Ödemesi,2024-11-25,8,8
Kredi Ödemesi,2024-11-25,9,72
Kredi Ödemesi,2024-11-25,10,104
Kredi Ödemesi,2024-11-25,11,27
Kredi Ödemesi,2024-11-25,12,15
Kredi Ödemesi,2024-11-25,13,33
Kredi Ödemesi,2024-11-25,14,88
Kredi Ödemesi,2024-11-25,15,61
Kredi Ödemesi,2024-11-25,16,20
Kredi Ödemesi,2024-11-25,17,4
Kredi Ödemesi,2024-11-25,18,2
Kredi Ödemesi,2024-11-25,20,12
Kredi Ödemesi,2024-11-25,21,1
Kredi Ödemesi,2024-11-25,23,15
Kredi Ödemesi,2024-11-26,0,1
Kredi Ödemesi,2024-11-26,2,3
Kredi Ödemesi,2024-11-26,5,17
Kredi Ödemesi,2024-11-26,6,51
Kredi Ödemesi,2024-11-26,7,28
Kredi Ödemesi,2024-11-26,8,15
Kredi Ödemesi,2024-11-26,9,50
Kredi Ödemesi,2024-11-26,10,55
Kredi Ödemesi,2024-11-26,11,6
Kredi Ödemesi,2024-11-26,12,3
Kredi Ödemesi,2024-11-26,13,36
Kredi Ödemesi,2024-11-26,14,28
Kredi Ödemesi,2024-11-26,15,6
Kredi Ödemesi,2024-11-26,16,3
Kredi Ödemesi,2024-11-26,17,6
Kredi Ödemesi,2024-11-26,18,5
Kredi Ödemesi,2024-11-27,8,10
Kredi Ödemesi,2024-11-27,9,23
Kredi Ödemesi,2024-11-27,10,13
Kredi Ödemesi,2024-11-27,11,13
Kredi Ödemesi,2024-11-27,12,3
Kredi Ödemesi,2024-11-27,13,34
Kredi Ödemesi,2024-11-27,14,24
Kredi Ödemesi,2024-11-27,15,24
Kredi Ödemesi,2024-11-27,16,22
Kredi Ödemesi,2024-11-27,17,6
Kredi Ödemesi,2024-11-27,18,5
Kredi Ödemesi,2024-11-27,19,10
Kredi Ödemesi,2024-11-27,22,1
Kredi Ödemesi,2024-11-28,0,5
Kredi Ödemesi,2024-11-28,2,1
Kredi Ödemesi,2024-11-28,5,1
Kredi Ödemesi,2024-11-28,6,12
Kredi Ödemesi,2024-11-28,8,35
Kredi Ödemesi,2024-11-28,9,35
Kredi Ödemesi,2024-11-28,10,10
Kredi Ödemesi,2024-11-28,11,16
Kredi Ödemesi,2024-11-28,12,32
Kredi Ödemesi,2024-11-28,13,33
Kredi Ödemesi,2024-11-28,14,7
Kredi Ödemesi,2024-11-28,15,17
Kredi Ödemesi,2024-11-28,16,10
Kredi Ödemesi,2024-11-28,17,5
Kredi Ödemesi,2024-11-28,18,3
Kredi Ödemesi,2024-11-28,19,6
Kredi Ödemesi,2024-11-28,22,10
Kredi Ödemesi,2024-11-28,23,2
Kredi Ödemesi,2024-11-29,0,1
Kredi Ödemesi,2024-11-29,1,8
Kredi Ödemesi,2024-11-29,7,3
Kredi Ödemesi,2024-11-29,8,17
Kredi Ödemesi,2024-11-29,9,37
Kredi Ödemesi,2024-11-29,10,22
Kredi Ödemesi,2024-11-29,11,10
Kredi Ödemesi,2024-11-29,12,20
Kredi Ödemesi,2024-11-29,13,1
Kredi Ödemesi,2024-11-29,14,3
Kredi Ödemesi,2024-11-29,15,28
Kredi Ödemesi,2024-11-29,16,5
Kredi Ödemesi,2024-11-29,17,5
Kredi Ödemesi,2024-11-29,18,4
Kredi Ödemesi,2024-11-29,19,1
Kredi Ödemesi,2024-11-29,21,1
Kredi Ödemesi,2024-12-02,3,6
Kredi Ödemesi,2024-12-02,6,5
Kredi Ödemesi,2024-12-02,7,17
Kredi Ödemesi,2024-12-02,8,33
Kredi Ödemesi,2024-12-02,9,8
Kredi Ödemesi,2024-12-02,10,3
Kredi Ödemesi,2024-12-02,11,8
Kredi Ödemesi,2024-12-02,12,14
Kredi Ödemesi,2024-12-02,13,2
Kredi Ödemesi,2024-12-02,14,12
Kredi Ödemesi,2024-12-02,15,8
Kredi Ödemesi,2024-12-02,16,15
Kredi Ödemesi,2024-12-02,17,28
Kredi Ödemesi,2024-12-02,18,1
Kredi Ödemesi,2024-12-02,19,1
Kredi Ödemesi,2024-12-02,20,5
Kredi Ödemesi,2024-12-02,22,14
Kredi Ödemesi,2024-12-03,6,1
Kredi Ödemesi,2024-12-03,7,13
Kredi Ödemesi,2024-12-03,8,19
Kredi Ödemesi,2024-12-03,9,45
Kredi Ödemesi,2024-12-03,10,4
Kredi Ödemesi,2024-12-03,11,1
Kredi Ödemesi,2024-12-03,12,4
Kredi Ödemesi,2024-12-03,13,17
Kredi Ödemesi,2024-12-03,14,17
Kredi Ödemesi,2024-12-03,15,5
Kredi Ödemesi,2024-12-03,16,6
Kredi Ödemesi,2024-12-03,17,10
Kredi Ödemesi,2024-12-03,18,2
Kredi Ödemesi,2024-12-03,19,1
Kredi Ödemesi,2024-12-04,6,1
Kredi Ödemesi,2024-12-04,8,4
Kredi Ödemesi,2024-12-04,9,45
Kredi Ödemesi,2024-12-04,10,23
Kredi Ödemesi,2024-12-04,11,10
Kredi Ödemesi,2024-12-04,12,8
Kredi Ödemesi,2024-12-04,13,45
Kredi Ödemesi,2024-12-04,14,5
Kredi Ödemesi,2024-12-04,15,31
Kredi Ödemesi,2024-12-04,16,5
Kredi Ödemesi,2024-12-04,17,14
Kredi Ödemesi,2024-12-04,23,1
Kredi Ödemesi,2024-12-05,7,4
Kredi Ödemesi,2024-12-05,8,13
Kredi Ödemesi,2024-12-05,9,16
Kredi Ödemesi,2024-12-05,10,47
Kredi Ödemesi,2024-12-05,11,9
Kredi Ödemesi,2024-12-05,12,13
Kredi Ödemesi,2024-12-05,13,2
Kredi Ödemesi,2024-12-05,14,8
Kredi Ödemesi,2024-12-05,15,8
Kredi Ödemesi,2024-12-05,16,5
Kredi Ödemesi,2024-12-05,17,6
Kredi Ödemesi,2024-12-05,18,3
Kredi Ödemesi,2024-12-05,19,1
Kredi Ödemesi,2024-12-06,6,7
Kredi Ödemesi,2024-12-06,8,13
Kredi Ödemesi,2024-12-06,9,12
Kredi Ödemesi,2024-12-06,10,13
Kredi Ödemesi,2024-12-06,11,20
Kredi Ödemesi,2024-12-06,12,2
Kredi Ödemesi,2024-12-06,13,7
Kredi Ödemesi,2024-12-06,14,11
Kredi Ödemesi,2024-12-06,15,11
Kredi Ödemesi,2024-12-06,16,5
Kredi Ödemesi,2024-12-06,17,4
Kredi Ödemesi,2024-12-06,18,1
Kredi Ödemesi,2024-12-06,21,11
Kredi Ödemesi,2024-12-09,7,18
Kredi Ödemesi,2024-12-09,8,17
Kredi Ödemesi,2024-12-09,9,44
Kredi Ödemesi,2024-12-09,10,46
Kredi Ödemesi,2024-12-09,11,5
Kredi Ödemesi,2024-12-09,12,7
Kredi Ödemesi,2024-12-09,13,15
Kredi Ödemesi,2024-12-09,14,63
Kredi Ödemesi,2024-12-09,15,12
Kredi Ödemesi,2024-12-09,16,26
Kredi Ödemesi,2024-12-09,17,2
Kredi Ödemesi,2024-12-09,18,13
Kredi Ödemesi,2024-12-09,19,1
Kredi Ödemesi,2024-12-09,22,1
Kredi Ödemesi,2024-12-10,0,10
Kredi Ödemesi,2024-12-10,6,55
Kredi Ödemesi,2024-12-10,8,49
Kredi Ödemesi,2024-12-10,9,49
Kredi Ödemesi,2024-12-10,10,57
Kredi Ödemesi,2024-12-10,11,31
Kredi Ödemesi,2024-12-10,12,13
Kredi Ödemesi,2024-12-10,13,57
Kredi Ödemesi,2024-12-10,14,30
Kredi Ödemesi,2024-12-10,15,23
Kredi Ödemesi,2024-12-10,16,15
Kredi Ödemesi,2024-12-10,17,50
Kredi Ödemesi,2024-12-10,18,21
Kredi Ödemesi,2024-12-10,19,1
Kredi Ödemesi,2024-12-11,6,15
Kredi Ödemesi,2024-12-11,7,5
Kredi Ödemesi,2024-12-11,8,8
Kredi Ödemesi,2024-12-11,9,10
Kredi Ödemesi,2024-12-11,10,4
Kredi Ödemesi,2024-12-11,11,10
Kredi Ödemesi,2024-12-11,12,23
Kredi Ödemesi,2024-12-11,13,20
Kredi Ödemesi,2024-12-11,14,8
Kredi Ödemesi,2024-12-11,15,26
Kredi Ödemesi,2024-12-11,16,5
Kredi Ödemesi,2024-12-11,17,19
Kredi Ödemesi,2024-12-11,18,12
Kredi Ödemesi,2024-12-11,23,1
Kredi Ödemesi,2024-12-12,1,1
Kredi Ödemesi,2024-12-12,2,3
Kredi Ödemesi,2024-12-12,4,3
Kredi Ödemesi,2024-12-12,7,10
Kredi Ödemesi,2024-12-12,8,5
Kredi Ödemesi,2024-12-12,9,59
Kredi Ödemesi,2024-12-12,10,21
Kredi Ödemesi,2024-12-12,11,22
Kredi Ödemesi,2024-12-12,12,17
Kredi Ödemesi,2024-12-12,13,5
Kredi Ödemesi,2024-12-12,14,34
Kredi Ödemesi,2024-12-12,15,24
Kredi Ödemesi,2024-12-12,16,17
Kredi Ödemesi,2024-12-12,17,3
Kredi Ödemesi,2024-12-12,18,1
Kredi Ödemesi,2024-12-12,21,1
Kredi Ödemesi,2024-12-13,0,1
Kredi Ödemesi,2024-12-13,1,9
Kredi Ödemesi,2024-12-13,2,4
Kredi Ödemesi,2024-12-13,6,5
Kredi Ödemesi,2024-12-13,7,2
Kredi Ödemesi,2024-12-13,8,2
Kredi Ödemesi,2024-12-13,9,8
Kredi Ödemesi,2024-12-13,10,2
Kredi Ödemesi,2024-12-13,11,12
Kredi Ödemesi,2024-12-13,12,1
Kredi Ödemesi,2024-12-13,13,7
Kredi Ödemesi,2024-12-13,14,12
Kredi Ödemesi,2024-12-13,15,10
Kredi Ödemesi,2024-12-13,16,12
Kredi Ödemesi,2024-12-13,17,8
Kredi Ödemesi,2024-12-13,19,1
Kredi Ödemesi,2024-12-13,21,3
Kredi Ödemesi,2024-12-16,0,1
Kredi Ödemesi,2024-12-16,6,1
Kredi Ödemesi,2024-12-16,7,40
Kredi Ödemesi,2024-12-16,8,10
Kredi Ödemesi,2024-12-16,9,71
Kredi Ödemesi,2024-12-16,10,33
Kredi Ödemesi,2024-12-16,11,1
Kredi Ödemesi,2024-12-16,12,53
Kredi Ödemesi,2024-12-16,13,50
Kredi Ödemesi,2024-12-16,14,10
Kredi Ödemesi,2024-12-16,15,27
Kredi Ödemesi,2024-12-16,16,11
Kredi Ödemesi,2024-12-16,17,15
Kredi Ödemesi,2024-12-16,18,12
Kredi Ödemesi,2024-12-16,19,79
Kredi Ödemesi,2024-12-16,22,16
Kredi Ödemesi,2024-12-16,23,2
Kredi Ödemesi,2024-12-17,4,1
Kredi Ödemesi,2024-12-17,7,5
Kredi Ödemesi,2024-12-17,8,12
Kredi Ödemesi,2024-12-17,9,70
Kredi Ödemesi,2024-12-17,10,46
Kredi Ödemesi,2024-12-17,11,16
Kredi Ödemesi,2024-12-17,12,22
Kredi Ödemesi,2024-12-17,13,2
Kredi Ödemesi,2024-12-17,14,25
Kredi Ödemesi,2024-12-17,15,23
Kredi Ödemesi,2024-12-17,16,5
Kredi Ödemesi,2024-12-17,17,2
Kredi Ödemesi,2024-12-18,6,3
Kredi Ödemesi,2024-12-18,7,29
Kredi Ödemesi,2024-12-18,8,7
Kredi Ödemesi,2024-12-18,9,29
Kredi Ödemesi,2024-12-18,10,21
Kredi Ödemesi,2024-12-18,11,11
Kredi Ödemesi,2024-12-18,12,11
Kredi Ödemesi,2024-12-18,13,13
Kredi Ödemesi,2024-12-18,14,9
Kredi Ödemesi,2024-12-18,15,13
Kredi Ödemesi,2024-12-18,16,14
Kredi Ödemesi,2024-12-18,17,10
Kredi Ödemesi,2024-12-18,18,2
Kredi Ödemesi,2024-12-18,19,1
Kredi Ödemesi,2024-12-19,4,1
Kredi Ödemesi,2024-12-19,5,7
Kredi Ödemesi,2024-12-19,6,1
Kredi Ödemesi,2024-12-19,7,4
Kredi Ödemesi,2024-12-19,8,23
Kredi Ödemesi,2024-12-19,9,38
Kredi Ödemesi,2024-12-19,10,45
Kredi Ödemesi,2024-12-19,11,5
Kredi Ödemesi,2024-12-19,12,19
Kredi Ödemesi,2024-12-19,13,14
Kredi Ödemesi,2024-12-19,14,10
Kredi Ödemesi,2024-12-19,15,14
Kredi Ödemesi,2024-12-19,16,8
Kredi Ödemesi,2024-12-19,17,4
Kredi Ödemesi,2024-12-20,4,8
Kredi Ödemesi,2024-12-20,6,5
Kredi Ödemesi,2024-12-20,7,10
Kredi Ödemesi,2024-12-20,8,23
Kredi Ödemesi,2024-12-20,9,9
Kredi Ödemesi,2024-12-20,10,4
Kredi Ödemesi,2024-12-20,11,3
Kredi Ödemesi,2024-12-20,12,5
Kredi Ödemesi,2024-12-20,13,2
Kredi Ödemesi,2024-12-20,14,3
Kredi Ödemesi,2024-12-20,16,5
Kredi Ödemesi,2024-12-20,17,1
Kredi Ödemesi,2024-12-20,18,2
Kredi Ödemesi,2024-12-20,19,17
Kredi Ödemesi,2024-12-23,6,1
Kredi Ödemesi,2024-12-23,7,5
Kredi Ödemesi,2024-12-23,8,13
Kredi Ödemesi,2024-12-23,9,6
Kredi Ödemesi,2024-12-23,10,12
Kredi Ödemesi,2024-12-23,11,2
Kredi Ödemesi,2024-12-23,12,6
Kredi Ödemesi,2024-12-23,13,19
Kredi Ödemesi,2024-12-23,15,15
Kredi Ödemesi,2024-12-23,16,29
Kredi Ödemesi,2024-12-23,17,28
Kredi Ödemesi,2024-12-23,19,4
Kredi Ödemesi,2024-12-24,6,4
Kredi Ödemesi,2024-12-24,7,4
Kredi Ödemesi,2024-12-24,8,10
Kredi Ödemesi,2024-12-24,9,3
Kredi Ödemesi,2024-12-24,10,9
Kredi Ödemesi,2024-12-24,11,1
Kredi Ödemesi,2024-12-24,12,2
Kredi Ödemesi,2024-12-24,13,37
Kredi Ödemesi,2024-12-24,14,9
Kredi Ödemesi,2024-12-24,15,8
Kredi Ödemesi,2024-12-24,16,1
Kredi Ödemesi,2024-12-24,17,6
Kredi Ödemesi,2024-12-24,18,9
Kredi Ödemesi,2024-12-24,19,2
Kredi Ödemesi,2024-12-24,23,2
Kredi Ödemesi,2024-12-25,2,10
Kredi Ödemesi,2024-12-25,4,2
Kredi Ödemesi,2024-12-25,6,2
Kredi Ödemesi,2024-12-25,7,1
Kredi Ödemesi,2024-12-25,8,11
Kredi Ödemesi,2024-12-25,9,9
Kredi Ödemesi,2024-12-25,10,29
Kredi Ödemesi,2024-12-25,11,13
Kredi Ödemesi,2024-12-25,12,10
Kredi Ödemesi,2024-12-25,13,13
Kredi Ödemesi,2024-12-25,14,9
Kredi Ödemesi,2024-12-25,15,3
Kredi Ödemesi,2024-12-25,16,7
Kredi Ödemesi,2024-12-25,18,11
Kredi Ödemesi,2024-12-26,2,2
Kredi Ödemesi,2024-12-26,6,13
Kredi Ödemesi,2024-12-26,7,13
Kredi Ödemesi,2024-12-26,8,103
Kredi Ödemesi,2024-12-26,9,24
Kredi Ödemesi,2024-12-26,10,24
Kredi Ödemesi,2024-12-26,11,7
Kredi Ödemesi,2024-12-26,12,21
Kredi Ödemesi,2024-12-26,13,4
Kredi Ödemesi,2024-12-26,14,14
Kredi Ödemesi,2024-12-26,15,6
Kredi Ödemesi,2024-12-26,16,11
Kredi Ödemesi,2024-12-26,17,67
Kredi Ödemesi,2024-12-26,18,6
Kredi Ödemesi,2024-12-26,19,2
Kredi Ödemesi,2024-12-26,23,1
Kredi Ödemesi,2024-12-27,1,2
Kredi Ödemesi,2024-12-27,2,5
Kredi Ödemesi,2024-12-27,7,9
Kredi Ödemesi,2024-12-27,8,6
Kredi Ödemesi,2024-12-27,9,21
Kredi Ödemesi,2024-12-27,10,6
Kredi Ödemesi,2024-12-27,11,2
Kredi Ödemesi,2024-12-27,12,4
Kredi Ödemesi,2024-12-27,13,10
Kredi Ödemesi,2024-12-27,14,8
Kredi Ödemesi,2024-12-27,15,6
Kredi Ödemesi,2024-12-27,16,1
Kredi Ödemesi,2024-12-30,6,12
Kredi Ödemesi,2024-12-30,7,25
Kredi Ödemesi,2024-12-30,8,27
Kredi Ödemesi,2024-12-30,9,59
Kredi Ödemesi,2024-12-30,10,58
Kredi Ödemesi,2024-12-30,11,54
Kredi Ödemesi,2024-12-30,12,25
Kredi Ödemesi,2024-12-30,13,8
Kredi Ödemesi,2024-12-30,14,18
Kredi Ödemesi,2024-12-30,15,22
Kredi Ödemesi,2024-12-30,16,14
Kredi Ödemesi,2024-12-30,17,18
Kredi Ödemesi,2024-12-30,18,4
Kredi Ödemesi,2024-12-30,19,4
Kredi Ödemesi,2024-12-30,23,5
Kredi Ödemesi,2024-12-31,6,1
Kredi Ödemesi,2024-12-31,7,10
Kredi Ödemesi,2024-12-31,8,8
Kredi Ödemesi,2024-12-31,9,6
Kredi Ödemesi,2024-12-31,10,43
Kredi Ödemesi,2024-12-31,11,20
Kredi Ödemesi,2024-12-31,12,5
Kredi Ödemesi,2024-12-31,13,32
Kredi Ödemesi,2024-12-31,14,8
Kredi Ödemesi,2024-12-31,15,5
Kredi Ödemesi,2024-12-31,17,5
Kredi Ödemesi,2024-12-31,20,1
Kredi Ödemesi,2025-01-02,0,1
Kredi Ödemesi,2025-01-02,7,3
Kredi Ödemesi,2025-01-02,8,67
Kredi Ödemesi,2025-01-02,9,29
Kredi Ödemesi,2025-01-02,10,17
Kredi Ödemesi,2025-01-02,11,14
Kredi Ödemesi,2025-01-02,12,2
Kredi Ödemesi,2025-01-02,13,13
Kredi Ödemesi,2025-01-02,14,45
Kredi Ödemesi,2025-01-02,15,11
Kredi Ödemesi,2025-01-02,16,3
Kredi Ödemesi,2025-01-02,18,6
Kredi Ödemesi,2025-01-02,20,9
Kredi Ödemesi,2025-01-02,22,1
Kredi Ödemesi,2025-01-03,3,1
Kredi Ödemesi,2025-01-03,6,2
Kredi Ödemesi,2025-01-03,7,15
Kredi Ödemesi,2025-01-03,8,15
Kredi Ödemesi,2025-01-03,9,19
Kredi Ödemesi,2025-01-03,10,51
Kredi Ödemesi,2025-01-03,11,7
Kredi Ödemesi,2025-01-03,12,14
Kredi Ödemesi,2025-01-03,13,7
Kredi Ödemesi,2025-01-03,14,35
Kredi Ödemesi,2025-01-03,15,3
Kredi Ödemesi,2025-01-03,16,29
Kredi Ödemesi,2025-01-03,17,10
Kredi Ödemesi,2025-01-03,18,18
Kredi Ödemesi,2025-01-03,19,11
Kredi Ödemesi,2025-01-03,20,1
Kredi Ödemesi,2025-01-03,21,1
Kredi Ödemesi,2025-01-06,7,5
Kredi Ödemesi,2025-01-06,8,15
Kredi Ödemesi,2025-01-06,9,28
Kredi Ödemesi,2025-01-06,10,26
Kredi Ödemesi,2025-01-06,11,16
Kredi Ödemesi,2025-01-06,12,3
Kredi Ödemesi,2025-01-06,13,6
Kredi Ödemesi,2025-01-06,14,10
Kredi Ödemesi,2025-01-06,15,36
Kredi Ödemesi,2025-01-06,16,13
Kredi Ödemesi,2025-01-06,17,3
Kredi Ödemesi,2025-01-06,18,1
Kredi Ödemesi,2025-01-07,7,6
Kredi Ödemesi,2025-01-07,8,3
Kredi Ödemesi,2025-01-07,9,1
Kredi Ödemesi,2025-01-07,10,2
Kredi Ödemesi,2025-01-07,11,3
Kredi Ödemesi,2025-01-07,12,6
Kredi Ödemesi,2025-01-07,13,12
Kredi Ödemesi,2025-01-07,14,1
Kredi Ödemesi,2025-01-07,15,5
Kredi Ödemesi,2025-01-07,16,5
Kredi Ödemesi,2025-01-07,17,1
Kredi Ödemesi,2025-01-07,19,2
Kredi Ödemesi,2025-01-07,23,1
Kredi Ödemesi,2025-01-08,1,1
Kredi Ödemesi,2025-01-08,4,3
Kredi Ödemesi,2025-01-08,6,1
Kredi Ödemesi,2025-01-08,7,1
Kredi Ödemesi,2025-01-08,8,14
Kredi Ödemesi,2025-01-08,9,15
Kredi Ödemesi,2025-01-08,10,37
Kredi Ödemesi,2025-01-08,11,9
Kredi Ödemesi,2025-01-08,12,15
Kredi Ödemesi,2025-01-08,13,15
Kredi Ödemesi,2025-01-08,14,32
Kredi Ödemesi,2025-01-08,15,2
Kredi Ödemesi,2025-01-08,16,2
Kredi Ödemesi,2025-01-08,17,44
Kredi Ödemesi,2025-01-08,18,2
Kredi Ödemesi,2025-01-08,19,13
Kredi Ödemesi,2025-01-08,22,10
Kredi Ödemesi,2025-01-08,23,1
Kredi Ödemesi,2025-01-09,1,1
Kredi Ödemesi,2025-01-09,4,22
Kredi Ödemesi,2025-01-09,5,2
Kredi Ödemesi,2025-01-09,7,7
Kredi Ödemesi,2025-01-09,8,16
Kredi Ödemesi,2025-01-09,9,28
Kredi Ödemesi,2025-01-09,10,16
Kredi Ödemesi,2025-01-09,11,19
Kredi Ödemesi,2025-01-09,12,32
Kredi Ödemesi,2025-01-09,13,12
Kredi Ödemesi,2025-01-09,14,5
Kredi Ödemesi,2025-01-09,15,43
Kredi Ödemesi,2025-01-09,16,6
Kredi Ödemesi,2025-01-09,17,3
Kredi Ödemesi,2025-01-09,18,27
Kredi Ödemesi,2025-01-10,0,11
Kredi Ödemesi,2025-01-10,6,1
Kredi Ödemesi,2025-01-10,7,2
Kredi Ödemesi,2025-01-10,8,8
Kredi Ödemesi,2025-01-10,9,35
Kredi Ödemesi,2025-01-10,10,20
Kredi Ödemesi,2025-01-10,11,13
Kredi Ödemesi,2025-01-10,12,12
Kredi Ödemesi,2025-01-10,13,44
Kredi Ödemesi,2025-01-10,14,62
Kredi Ödemesi,2025-01-10,15,19
Kredi Ödemesi,2025-01-10,16,20
Kredi Ödemesi,2025-01-10,17,2
Kredi Ödemesi,2025-01-10,18,3
Kredi Ödemesi,2025-01-10,19,2
Kredi Ödemesi,2025-01-10,22,1
Kredi Ödemesi,2025-01-13,5,1
Kredi Ödemesi,2025-01-13,7,27
Kredi Ödemesi,2025-01-13,8,62
Kredi Ödemesi,2025-01-13,9,116
Kredi Ödemesi,2025-01-13,10,60
Kredi Ödemesi,2025-01-13,11,89
Kredi Ödemesi,2025-01-13,13,73
Kredi Ödemesi,2025-01-13,14,67
Kredi Ödemesi,2025-01-13,15,37
Kredi Ödemesi,2025-01-13,16,8
Kredi Ödemesi,2025-01-13,17,7
Kredi Ödemesi,2025-01-13,18,12
Kredi Ödemesi,2025-01-13,19,11
Kredi Ödemesi,2025-01-13,20,1
Kredi Ödemesi,2025-01-13,21,5
Kredi Ödemesi,2025-01-14,0,1
Kredi Ödemesi,2025-01-14,3,7
Kredi Ödemesi,2025-01-14,6,1
Kredi Ödemesi,2025-01-14,8,4
Kredi Ödemesi,2025-01-14,9,13
Kredi Ödemesi,2025-01-14,10,7
Kredi Ödemesi,2025-01-14,11,14
Kredi Ödemesi,2025-01-14,12,4
Kredi Ödemesi,2025-01-14,13,6
Kredi Ödemesi,2025-01-14,14,4
Kredi Ödemesi,2025-01-14,15,5
Kredi Ödemesi,2025-01-14,16,1
Kredi Ödemesi,2025-01-14,18,9
Kredi Ödemesi,2025-01-14,19,3
Kredi Ödemesi,2025-01-15,2,3
Kredi Ödemesi,2025-01-15,3,1
Kredi Ödemesi,2025-01-15,4,1
Kredi Ödemesi,2025-01-15,7,2
Kredi Ödemesi,2025-01-15,8,1
Kredi Ödemesi,2025-01-15,9,30
Kredi Ödemesi,2025-01-15,10,29
Kredi Ödemesi,2025-01-15,11,30
Kredi Ödemesi,2025-01-15,12,11
Kredi Ödemesi,2025-01-15,13,4
Kredi Ödemesi,2025-01-15,14,4
Kredi Ödemesi,2025-01-15,15,4
Kredi Ödemesi,2025-01-15,16,3
Kredi Ödemesi,2025-01-15,18,4
Kredi Ödemesi,2025-01-15,19,3
Kredi Ödemesi,2025-01-15,22,4
Kredi Ödemesi,2025-01-16,3,1
Kredi Ödemesi,2025-01-16,6,1
Kredi Ödemesi,2025-01-16,7,1
Kredi Ödemesi,2025-01-16,8,7
Kredi Ödemesi,2025-01-16,9,2
Kredi Ödemesi,2025-01-16,10,6
Kredi Ödemesi,2025-01-16,11,6
Kredi Ödemesi,2025-01-16,12,1
Kredi Ödemesi,2025-01-16,13,7
Kredi Ödemesi,2025-01-16,14,5
Kredi Ödemesi,2025-01-16,15,4
Kredi Ödemesi,2025-01-16,16,13
Kredi Ödemesi,2025-01-16,17,1
Kredi Ödemesi,2025-01-16,18,2
Kredi Ödemesi,2025-01-17,6,13
Kredi Ödemesi,2025-01-17,7,4
Kredi Ödemesi,2025-01-17,8,35
Kredi Ödemesi,2025-01-17,9,27
Kredi Ödemesi,2025-01-17,10,12
Kredi Ödemesi,2025-01-17,11,32
Kredi Ödemesi,2025-01-17,12,11
Kredi Ödemesi,2025-01-17,13,20
Kredi Ödemesi,2025-01-17,14,32
Kredi Ödemesi,2025-01-17,15,13
Kredi Ödemesi,2025-01-17,17,9
Kredi Ödemesi,2025-01-17,18,3
Kredi Ödemesi,2025-01-17,19,4
Kredi Ödemesi,2025-01-17,22,2
Kredi Ödemesi,2025-01-20,4,6
Kredi Ödemesi,2025-01-20,6,3
Kredi Ödemesi,2025-01-20,7,2
Kredi Ödemesi,2025-01-20,8,23
Kredi Ödemesi,2025-01-20,9,95
Kredi Ödemesi,2025-01-20,10,58
Kredi Ödemesi,2025-01-20,11,13
Kredi Ödemesi,2025-01-20,12,17
Kredi Ödemesi,2025-01-20,13,78
Kredi Ödemesi,2025-01-20,14,46
Kredi Ödemesi,2025-01-20,15,38
Kredi Ödemesi,2025-01-20,16,4
Kredi Ödemesi,2025-01-20,17,17
Kredi Ödemesi,2025-01-20,18,6
Kredi Ödemesi,2025-01-20,19,29
Kredi Ödemesi,2025-01-20,21,3
Kredi Ödemesi,2025-01-21,2,1
Kredi Ödemesi,2025-01-21,5,16
Kredi Ödemesi,2025-01-21,6,19
Kredi Ödemesi,2025-01-21,7,5
Kredi Ödemesi,2025-01-21,8,7
Kredi Ödemesi,2025-01-21,9,34
Kredi Ödemesi,2025-01-21,10,47
Kredi Ödemesi,2025-01-21,11,10
Kredi Ödemesi,2025-01-21,12,25
Kredi Ödemesi,2025-01-21,13,14
Kredi Ödemesi,2025-01-21,14,13
Kredi Ödemesi,2025-01-21,15,12
Kredi Ödemesi,2025-01-21,16,9
Kredi Ödemesi,2025-01-21,17,15
Kredi Ödemesi,2025-01-21,19,1
Kredi Ödemesi,2025-01-21,22,1
Kredi Ödemesi,2025-01-22,3,1
Kredi Ödemesi,2025-01-22,6,1
Kredi Ödemesi,2025-01-22,7,4
Kredi Ödemesi,2025-01-22,8,22
Kredi Ödemesi,2025-01-22,9,5
Kredi Ödemesi,2025-01-22,10,16
Kredi Ödemesi,2025-01-22,11,2
Kredi Ödemesi,2025-01-22,12,8
Kredi Ödemesi,2025-01-22,14,13
Kredi Ödemesi,2025-01-22,15,3
Kredi Ödemesi,2025-01-22,17,1
Kredi Ödemesi,2025-01-22,18,1
Kredi Ödemesi,2025-01-22,20,4
Kredi Ödemesi,2025-01-23,6,6
Kredi Ödemesi,2025-01-23,7,12
Kredi Ödemesi,2025-01-23,8,4
Kredi Ödemesi,2025-01-23,9,9
Kredi Ödemesi,2025-01-23,10,8
Kredi Ödemesi,2025-01-23,11,37
Kredi Ödemesi,2025-01-23,12,3
Kredi Ödemesi,2025-01-23,13,12
Kredi Ödemesi,2025-01-23,14,4
Kredi Ödemesi,2025-01-23,15,20
Kredi Ödemesi,2025-01-23,16,2
Kredi Ödemesi,2025-01-23,17,21
Kredi Ödemesi,2025-01-23,18,12
Kredi Ödemesi,2025-01-23,19,2
Kredi Ödemesi,2025-01-23,21,16
Kredi Ödemesi,2025-01-23,23,4
Kredi Ödemesi,2025-01-24,3,6
Kredi Ödemesi,2025-01-24,5,1
Kredi Ödemesi,2025-01-24,6,5
Kredi Ödemesi,2025-01-24,7,24
Kredi Ödemesi,2025-01-24,8,28
Kredi Ödemesi,2025-01-24,9,37
Kredi Ödemesi,2025-01-24,10,23
Kredi Ödemesi,2025-01-24,11,47
Kredi Ödemesi,2025-01-24,12,44
Kredi Ödemesi,2025-01-24,13,54
Kredi Ödemesi,2025-01-24,14,40
Kredi Ödemesi,2025-01-24,15,22
Kredi Ödemesi,2025-01-24,16,6
Kredi Ödemesi,2025-01-24,17,2
Kredi Ödemesi,2025-01-24,18,13
Kredi Ödemesi,2025-01-24,19,8
Kredi Ödemesi,2025-01-24,22,3
Kredi Ödemesi,2025-01-27,3,1
Kredi Ödemesi,2025-01-27,4,1
Kredi Ödemesi,2025-01-27,6,3
Kredi Ödemesi,2025-01-27,7,16
Kredi Ödemesi,2025-01-27,8,35
Kredi Ödemesi,2025-01-27,9,41
Kredi Ödemesi,2025-01-27,10,25
Kredi Ödemesi,2025-01-27,11,13
Kredi Ödemesi,2025-01-27,12,40
Kredi Ödemesi,2025-01-27,13,21
Kredi Ödemesi,2025-01-27,14,16
Kredi Ödemesi,2025-01-27,15,27
Kredi Ödemesi,2025-01-27,16,23
Kredi Ödemesi,2025-01-27,17,34
Kredi Ödemesi,2025-01-27,18,30
Kredi Ödemesi,2025-01-28,4,5
Kredi Ödemesi,2025-01-28,6,3
Kredi Ödemesi,2025-01-28,7,5
Kredi Ödemesi,2025-01-28,8,23
Kredi Ödemesi,2025-01-28,9,3
Kredi Ödemesi,2025-01-28,11,22
Kredi Ödemesi,2025-01-28,12,23
Kredi Ödemesi,2025-01-28,13,9
Kredi Ödemesi,2025-01-28,14,25
Kredi Ödemesi,2025-01-28,15,9
Kredi Ödemesi,2025-01-28,16,5
Kredi Ödemesi,2025-01-28,17,17
Kredi Ödemesi,2025-01-28,18,5
Kredi Ödemesi,2025-01-29,4,1
Kredi Ödemesi,2025-01-29,6,5
Kredi Ödemesi,2025-01-29,7,2
Kredi Ödemesi,2025-01-29,8,3
Kredi Ödemesi,2025-01-29,9,3
Kredi Ödemesi,2025-01-29,10,11
Kredi Ödemesi,2025-01-29,12,9
Kredi Ödemesi,2025-01-29,13,2
Kredi Ödemesi,2025-01-29,15,15
Kredi Ödemesi,2025-01-29,16,3
Kredi Ödemesi,2025-01-29,17,8
Kredi Ödemesi,2025-01-29,18,1
Kredi Ödemesi,2025-01-30,2,2
Kredi Ödemesi,2025-01-30,4,2
Kredi Ödemesi,2025-01-30,6,5
Kredi Ödemesi,2025-01-30,7,14
Kredi Ödemesi,2025-01-30,8,18
Kredi Ödemesi,2025-01-30,9,28
Kredi Ödemesi,2025-01-30,10,54
Kredi Ödemesi,2025-01-30,11,26
Kredi Ödemesi,2025-01-30,12,13
Kredi Ödemesi,2025-01-30,13,5
Kredi Ödemesi,2025-01-30,14,4
Kredi Ödemesi,2025-01-30,15,15
Kredi Ödemesi,2025-01-30,16,9
Kredi Ödemesi,2025-01-30,17,2
Kredi Ödemesi,2025-01-30,18,2
Kredi Ödemesi,2025-01-30,19,8
Kredi Ödemesi,2025-01-31,2,25
Kredi Ödemesi,2025-01-31,4,9
Kredi Ödemesi,2025-01-31,7,21
Kredi Ödemesi,2025-01-31,8,49
Kredi Ödemesi,2025-01-31,9,25
Kredi Ödemesi,2025-01-31,10,31
Kredi Ödemesi,2025-01-31,11,36
Kredi Ödemesi,2025-01-31,12,9
Kredi Ödemesi,2025-01-31,13,30
Kredi Ödemesi,2025-01-31,14,41
Kredi Ödemesi,2025-01-31,15,7
Kredi Ödemesi,2025-01-31,16,5
Kredi Ödemesi,2025-01-31,17,122
Kredi Ödemesi,2025-01-31,18,6
Kredi Ödemesi,2025-01-31,19,12
Kredi Ödemesi,2025-02-03,3,1
Kredi Ödemesi,2025-02-03,4,4
Kredi Ödemesi,2025-02-03,6,6
Kredi Ödemesi,2025-02-03,7,41
Kredi Ödemesi,2025-02-03,8,111
Kredi Ödemesi,2025-02-03,9,69
Kredi Ödemesi,2025-02-03,10,19
Kredi Ödemesi,2025-02-03,11,67
Kredi Ödemesi,2025-02-03,12,27
Kredi Ödemesi,2025-02-03,13,69
Kredi Ödemesi,2025-02-03,14,90
Kredi Ödemesi,2025-02-03,15,68
Kredi Ödemesi,2025-02-03,16,63
Kredi Ödemesi,2025-02-03,17,34
Kredi Ödemesi,2025-02-03,18,36
Kredi Ödemesi,2025-02-03,19,35
Kredi Ödemesi,2025-02-03,23,1
Kredi Ödemesi,2025-02-04,1,2
Kredi Ödemesi,2025-02-04,5,1
Kredi Ödemesi,2025-02-04,6,5
Kredi Ödemesi,2025-02-04,7,5
Kredi Ödemesi,2025-02-04,8,13
Kredi Ödemesi,2025-02-04,9,5
Kredi Ödemesi,2025-02-04,10,22
Kredi Ödemesi,2025-02-04,11,7
Kredi Ödemesi,2025-02-04,12,1
Kredi Ödemesi,2025-02-04,13,6
Kredi Ödemesi,2025-02-04,14,11
Kredi Ödemesi,2025-02-04,16,1
Kredi Ödemesi,2025-02-04,17,5
Kredi Ödemesi,2025-02-04,18,3
Kredi Ödemesi,2025-02-04,19,7
Kredi Ödemesi,2025-02-04,20,1
Kredi Ödemesi,2025-02-05,0,5
Kredi Ödemesi,2025-02-05,7,2
Kredi Ödemesi,2025-02-05,8,6
Kredi Ödemesi,2025-02-05,9,23
Kredi Ödemesi,2025-02-05,10,7
Kredi Ödemesi,2025-02-05,11,4
Kredi Ödemesi,2025-02-05,12,10
Kredi Ödemesi,2025-02-05,13,4
Kredi Ödemesi,2025-02-05,14,12
Kredi Ödemesi,2025-02-05,15,8
Kredi Ödemesi,2025-02-05,16,5
Kredi Ödemesi,2025-02-05,18,2
Kredi Ödemesi,2025-02-06,6,2
Kredi Ödemesi,2025-02-06,7,1
Kredi Ödemesi,2025-02-06,8,24
Kredi Ödemesi,2025-02-06,9,17
Kredi Ödemesi,2025-02-06,10,33
Kredi Ödemesi,2025-02-06,11,8
Kredi Ödemesi,2025-02-06,12,10
Kredi Ödemesi,2025-02-06,13,24
Kredi Ödemesi,2025-02-06,14,1
Kredi Ödemesi,2025-02-06,15,9
Kredi Ödemesi,2025-02-06,16,4
Kredi Ödemesi,2025-02-06,19,5
Kredi Ödemesi,2025-02-07,1,2
Kredi Ödemesi,2025-02-07,2,9
Kredi Ödemesi,2025-02-07,6,2
Kredi Ödemesi,2025-02-07,7,1
Kredi Ödemesi,2025-02-07,8,31
Kredi Ödemesi,2025-02-07,9,15
Kredi Ödemesi,2025-02-07,10,10
Kredi Ödemesi,2025-02-07,11,22
Kredi Ödemesi,2025-02-07,13,12
Kredi Ödemesi,2025-02-07,14,14
Kredi Ödemesi,2025-02-07,15,5
Kredi Ödemesi,2025-02-07,16,39
Kredi Ödemesi,2025-02-07,20,5
Kredi Ödemesi,2025-02-07,21,3
Kredi Ödemesi,2025-02-07,23,3
Kredi Ödemesi,2025-02-10,6,1
Kredi Ödemesi,2025-02-10,7,41
Kredi Ödemesi,2025-02-10,8,175
Kredi Ödemesi,2025-02-10,9,19
Kredi Ödemesi,2025-02-10,10,39
Kredi Ödemesi,2025-02-10,11,4
Kredi Ödemesi,2025-02-10,12,16
Kredi Ödemesi,2025-02-10,14,57
Kredi Ödemesi,2025-02-10,15,23
Kredi Ödemesi,2025-02-10,16,29
Kredi Ödemesi,2025-02-10,17,28
Kredi Ödemesi,2025-02-10,18,12
Kredi Ödemesi,2025-02-10,21,3
Kredi Ödemesi,2025-02-11,7,2
Kredi Ödemesi,2025-02-11,8,24
Kredi Ödemesi,2025-02-11,9,31
Kredi Ödemesi,2025-02-11,10,15
Kredi Ödemesi,2025-02-11,11,31
Kredi Ödemesi,2025-02-11,12,19
Kredi Ödemesi,2025-02-11,13,23
Kredi Ödemesi,2025-02-11,14,21
Kredi Ödemesi,2025-02-11,15,13
Kredi Ödemesi,2025-02-11,16,21
Kredi Ödemesi,2025-02-11,17,7
Kredi Ödemesi,2025-02-11,18,9
Kredi Ödemesi,2025-02-11,19,3
Kredi Ödemesi,2025-02-11,21,19
Kredi Ödemesi,2025-02-11,22,1
Kredi Ödemesi,2025-02-11,23,10
Kredi Ödemesi,2025-02-12,1,1
Kredi Ödemesi,2025-02-12,6,1
Kredi Ödemesi,2025-02-12,7,2
Kredi Ödemesi,2025-02-12,8,3
Kredi Ödemesi,2025-02-12,9,12
Kredi Ödemesi,2025-02-12,10,11
Kredi Ödemesi,2025-02-12,11,7
Kredi Ödemesi,2025-02-12,12,9
Kredi Ödemesi,2025-02-12,13,1
Kredi Ödemesi,2025-02-12,14,4
Kredi Ödemesi,2025-02-12,15,5
Kredi Ödemesi,2025-02-12,16,10
Kredi Ödemesi,2025-02-12,18,1
Kredi Ödemesi,2025-02-12,19,2
Kredi Ödemesi,2025-02-12,20,2
Kredi Ödemesi,2025-02-13,2,2
Kredi Ödemesi,2025-02-13,3,1
Kredi Ödemesi,2025-02-13,6,3
Kredi Ödemesi,2025-02-13,8,7
Kredi Ödemesi,2025-02-13,9,17
Kredi Ödemesi,2025-02-13,10,5
Kredi Ödemesi,2025-02-13,12,5
Kredi Ödemesi,2025-02-13,13,11
Kredi Ödemesi,2025-02-13,14,2
Kredi Ödemesi,2025-02-13,15,1
Kredi Ödemesi,2025-02-13,16,2
Kredi Ödemesi,2025-02-13,17,7
Kredi Ödemesi,2025-02-13,18,12
Kredi Ödemesi,2025-02-14,0,1
Kredi Ödemesi,2025-02-14,2,3
Kredi Ödemesi,2025-02-14,6,4
Kredi Ödemesi,2025-02-14,7,3
Kredi Ödemesi,2025-02-14,8,1
Kredi Ödemesi,2025-02-14,9,11
Kredi Ödemesi,2025-02-14,10,28
Kredi Ödemesi,2025-02-14,11,17
Kredi Ödemesi,2025-02-14,12,5
Kredi Ödemesi,2025-02-14,13,2
Kredi Ödemesi,2025-02-14,14,5
Kredi Ödemesi,2025-02-14,15,1
Kredi Ödemesi,2025-02-14,16,6
Kredi Ödemesi,2025-02-14,18,2
Kredi Ödemesi,2025-02-14,19,1
Kredi Ödemesi,2025-02-17,3,1
Kredi Ödemesi,2025-02-17,6,1
Kredi Ödemesi,2025-02-17,7,12
Kredi Ödemesi,2025-02-17,8,8
Kredi Ödemesi,2025-02-17,9,33
Kredi Ödemesi,2025-02-17,10,15
Kredi Ödemesi,2025-02-17,11,12
Kredi Ödemesi,2025-02-17,12,17
Kredi Ödemesi,2025-02-17,13,6
Kredi Ödemesi,2025-02-17,14,11
Kredi Ödemesi,2025-02-17,15,10
Kredi Ödemesi,2025-02-17,16,1
Kredi Ödemesi,2025-02-17,17,12
Kredi Ödemesi,2025-02-17,18,12
Kredi Ödemesi,2025-02-18,2,6
Kredi Ödemesi,2025-02-18,4,1
Kredi Ödemesi,2025-02-18,5,2
Kredi Ödemesi,2025-02-18,6,9
Kredi Ödemesi,2025-02-18,7,9
Kredi Ödemesi,2025-02-18,8,49
Kredi Ödemesi,2025-02-18,9,14
Kredi Ödemesi,2025-02-18,10,17
Kredi Ödemesi,2025-02-18,11,35
Kredi Ödemesi,2025-02-18,12,3
Kredi Ödemesi,2025-02-18,13,3
Kredi Ödemesi,2025-02-18,14,7
Kredi Ödemesi,2025-02-18,15,23
Kredi Ödemesi,2025-02-18,16,12
Kredi Ödemesi,2025-02-18,17,36
Kredi Ödemesi,2025-02-18,18,6
Kredi Ödemesi,2025-02-18,19,2
Kredi Ödemesi,2025-02-19,7,9
Kredi Ödemesi,2025-02-19,8,2
Kredi Ödemesi,2025-02-19,9,15
Kredi Ödemesi,2025-02-19,10,3
Kredi Ödemesi,2025-02-19,11,6
Kredi Ödemesi,2025-02-19,12,10
Kredi Ödemesi,2025-02-19,13,7
Kredi Ödemesi,2025-02-19,14,10
Kredi Ödemesi,2025-02-19,15,5
Kredi Ödemesi,2025-02-19,16,6
Kredi Ödemesi,2025-02-19,17,4
Kredi Ödemesi,2025-02-19,18,9
Kredi Ödemesi,2025-02-20,3,12
Kredi Ödemesi,2025-02-20,6,29
Kredi Ödemesi,2025-02-20,7,4
Kredi Ödemesi,2025-02-20,8,34
Kredi Ödemesi,2025-02-20,9,44
Kredi Ödemesi,2025-02-20,10,35
Kredi Ödemesi,2025-02-20,11,44
Kredi Ödemesi,2025-02-20,12,9
Kredi Ödemesi,2025-02-20,13,14
Kredi Ödemesi,2025-02-20,14,12
Kredi Ödemesi,2025-02-20,15,50
Kredi Ödemesi,2025-02-20,16,107
Kredi Ödemesi,2025-02-20,17,9
Kredi Ödemesi,2025-02-20,18,40
Kredi Ödemesi,2025-02-20,19,11
Kredi Ödemesi,2025-02-20,20,15
Kredi Ödemesi,2025-02-20,22,7
Kredi Ödemesi,2025-02-21,1,10
Kredi Ödemesi,2025-02-21,2,1
Kredi Ödemesi,2025-02-21,5,2
Kredi Ödemesi,2025-02-21,6,2
Kredi Ödemesi,2025-02-21,8,5
Kredi Ödemesi,2025-02-21,9,25
Kredi Ödemesi,2025-02-21,10,69
Kredi Ödemesi,2025-02-21,11,30
Kredi Ödemesi,2025-02-21,12,8
Kredi Ödemesi,2025-02-21,13,1
Kredi Ödemesi,2025-02-21,14,6
Kredi Ödemesi,2025-02-21,15,5
Kredi Ödemesi,2025-02-21,16,17
Kredi Ödemesi,2025-02-21,17,8
Kredi Ödemesi,2025-02-21,22,15
Kredi Ödemesi,2025-02-24,0,2
Kredi Ödemesi,2025-02-24,1,2
Kredi Ödemesi,2025-02-24,2,1
Kredi Ödemesi,2025-02-24,4,4
Kredi Ödemesi,2025-02-24,7,24
Kredi Ödemesi,2025-02-24,8,27
Kredi Ödemesi,2025-02-24,9,8
Kredi Ödemesi,2025-02-24,10,59
Kredi Ödemesi,2025-02-24,11,8
Kredi Ödemesi,2025-02-24,12,2
Kredi Ödemesi,2025-02-24,13,20
Kredi Ödemesi,2025-02-24,14,4
Kredi Ödemesi,2025-02-24,15,44
Kredi Ödemesi,2025-02-24,16,2
Kredi Ödemesi,2025-02-24,17,2
Kredi Ödemesi,2025-02-24,18,6
Kredi Ödemesi,2025-02-24,20,3
Kredi Ödemesi,2025-02-25,0,2
Kredi Ödemesi,2025-02-25,6,10
Kredi Ödemesi,2025-02-25,8,2
Kredi Ödemesi,2025-02-25,9,13
Kredi Ödemesi,2025-02-25,10,12
Kredi Ödemesi,2025-02-25,11,17
Kredi Ödemesi,2025-02-25,12,1
Kredi Ödemesi,2025-02-25,13,19
Kredi Ödemesi,2025-02-25,14,5
Kredi Ödemesi,2025-02-25,15,8
Kredi Ödemesi,2025-02-25,16,9
Kredi Ödemesi,2025-02-25,17,3
Kredi Ödemesi,2025-02-25,19,7
Kredi Ödemesi,2025-02-26,1,1
Kredi Ödemesi,2025-02-26,4,1
Kredi Ödemesi,2025-02-26,6,3
Kredi Ödemesi,2025-02-26,8,7
Kredi Ödemesi,2025-02-26,9,11
Kredi Ödemesi,2025-02-26,10,4
Kredi Ödemesi,2025-02-26,11,2
Kredi Ödemesi,2025-02-26,12,1
Kredi Ödemesi,2025-02-26,13,7
Kredi Ödemesi,2025-02-26,14,9
Kredi Ödemesi,2025-02-26,15,8
Kredi Ödemesi,2025-02-26,17,15
Kredi Ödemesi,2025-02-27,6,3
Kredi Ödemesi,2025-02-27,7,3
Kredi Ödemesi,2025-02-27,8,58
Kredi Ödemesi,2025-02-27,9,34
Kredi Ödemesi,2025-02-27,10,16
Kredi Ödemesi,2025-02-27,11,17
Kredi Ödemesi,2025-02-27,12,13
Kredi Ödemesi,2025-02-27,13,12
Kredi Ödemesi,2025-02-27,14,38
Kredi Ödemesi,2025-02-27,15,13
Kredi Ödemesi,2025-02-27,16,10
Kredi Ödemesi,2025-02-27,18,22
Kredi Ödemesi,2025-02-27,19,28
Kredi Ödemesi,2025-02-27,20,2
Kredi Ödemesi,2025-02-27,21,1
Kredi Ödemesi,2025-02-28,0,3
Kredi Ödemesi,2025-02-28,1,1
Kredi Ödemesi,2025-02-28,2,5
Kredi Ödemesi,2025-02-28,7,3
Kredi Ödemesi,2025-02-28,8,23
Kredi Ödemesi,2025-02-28,9,6
Kredi Ödemesi,2025-02-28,10,7
Kredi Ödemesi,2025-02-28,11,5
Kredi Ödemesi,2025-02-28,12,64
Kredi Ödemesi,2025-02-28,13,34
Kredi Ödemesi,2025-02-28,14,29
Kredi Ödemesi,2025-02-28,15,10
Kredi Ödemesi,2025-02-28,16,29
Kredi Ödemesi,2025-02-28,17,6
Kredi Ödemesi,2025-02-28,18,1
Kredi Ödemesi,2025-02-28,23,7
Kredi Ödemesi,2025-03-03,2,1
Kredi Ödemesi,2025-03-03,6,6
Kredi Ödemesi,2025-03-03,7,7
Kredi Ödemesi,2025-03-03,8,50
Kredi Ödemesi,2025-03-03,9,88
Kredi Ödemesi,2025-03-03,10,8
Kredi Ödemesi,2025-03-03,11,42
Kredi Ödemesi,2025-03-03,12,9
Kredi Ödemesi,2025-03-03,13,11
Kredi Ödemesi,2025-03-03,14,61
Kredi Ödemesi,2025-03-03,15,9
Kredi Ödemesi,2025-03-03,16,18
Kredi Ödemesi,2025-03-03,17,16
Kredi Ödemesi,2025-03-03,18,11
Kredi Ödemesi,2025-03-03,19,21
Kredi Ödemesi,2025-03-03,20,5
Kredi Ödemesi,2025-03-03,22,8
Kredi Ödemesi,2025-03-04,6,6
Kredi Ödemesi,2025-03-04,7,10
Kredi Ödemesi,2025-03-04,8,14
Kredi Ödemesi,2025-03-04,9,8
Kredi Ödemesi,2025-03-04,10,10
Kredi Ödemesi,2025-03-04,11,9
Kredi Ödemesi,2025-03-04,12,2
Kredi Ödemesi,2025-03-04,13,20
Kredi Ödemesi,2025-03-04,14,31
Kredi Ödemesi,2025-03-04,15,38
Kredi Ödemesi,2025-03-04,16,3
Kredi Ödemesi,2025-03-04,17,20
Kredi Ödemesi,2025-03-04,19,6
Kredi Ödemesi,2025-03-04,23,1
Kredi Ödemesi,2025-03-05,1,3
Kredi Ödemesi,2025-03-05,2,1
Kredi Ödemesi,2025-03-05,6,9
Kredi Ödemesi,2025-03-05,7,11
Kredi Ödemesi,2025-03-05,8,22
Kredi Ödemesi,2025-03-05,9,27
Kredi Ödemesi,2025-03-05,10,80
Kredi Ödemesi,2025-03-05,11,8
Kredi Ödemesi,2025-03-05,12,12
Kredi Ödemesi,2025-03-05,13,23
Kredi Ödemesi,2025-03-05,14,25
Kredi Ödemesi,2025-03-05,15,41
Kredi Ödemesi,2025-03-05,16,6
Kredi Ödemesi,2025-03-05,18,4
Kredi Ödemesi,2025-03-05,19,3
Kredi Ödemesi,2025-03-05,21,1
Kredi Ödemesi,2025-03-06,7,1
Kredi Ödemesi,2025-03-06,8,8
Kredi Ödemesi,2025-03-06,9,4
Kredi Ödemesi,2025-03-06,10,7
Kredi Ödemesi,2025-03-06,11,2
Kredi Ödemesi,2025-03-06,12,1
Kredi Ödemesi,2025-03-06,13,3
Kredi Ödemesi,2025-03-06,14,5
Kredi Ödemesi,2025-03-06,15,7
Kredi Ödemesi,2025-03-06,16,1
Kredi Ödemesi,2025-03-06,17,3
Kredi Ödemesi,2025-03-06,18,1
Kredi Ödemesi,2025-03-07,8,8
Kredi Ödemesi,2025-03-07,9,1
Kredi Ödemesi,2025-03-07,10,3
Kredi Ödemesi,2025-03-07,11,5
Kredi Ödemesi,2025-03-07,12,2
Kredi Ödemesi,2025-03-07,13,4
Kredi Ödemesi,2025-03-07,14,6
Kredi Ödemesi,2025-03-07,15,2
Kredi Ödemesi,2025-03-07,16,1
Kredi Ödemesi,2025-03-07,17,1
Kredi Ödemesi,2025-03-07,18,1
Kredi Ödemesi,2025-03-10,0,3
Kredi Ödemesi,2025-03-10,7,2
Kredi Ödemesi,2025-03-10,8,33
Kredi Ödemesi,2025-03-10,9,59
Kredi Ödemesi,2025-03-10,10,31
Kredi Ödemesi,2025-03-10,11,53
Kredi Ödemesi,2025-03-10,12,33
Kredi Ödemesi,2025-03-10,13,25
Kredi Ödemesi,2025-03-10,14,59
Kredi Ödemesi,2025-03-10,15,122
Kredi Ödemesi,2025-03-10,16,6
Kredi Ödemesi,2025-03-10,17,31
Kredi Ödemesi,2025-03-10,18,7
Kredi Ödemesi,2025-03-10,19,9
Kredi Ödemesi,2025-03-10,20,2
Kredi Ödemesi,2025-03-11,6,4
Kredi Ödemesi,2025-03-11,7,15
Kredi Ödemesi,2025-03-11,8,7
Kredi Ödemesi,2025-03-11,9,9
Kredi Ödemesi,2025-03-11,10,47
Kredi Ödemesi,2025-03-11,11,18
Kredi Ödemesi,2025-03-11,12,10
Kredi Ödemesi,2025-03-11,13,24
Kredi Ödemesi,2025-03-11,14,8
Kredi Ödemesi,2025-03-11,15,18
Kredi Ödemesi,2025-03-11,16,9
Kredi Ödemesi,2025-03-11,17,16
Kredi Ödemesi,2025-03-11,23,1
Kredi Ödemesi,2025-03-12,3,2
Kredi Ödemesi,2025-03-12,6,5
Kredi Ödemesi,2025-03-12,7,7
Kredi Ödemesi,2025-03-12,8,17
Kredi Ödemesi,2025-03-12,9,10
Kredi Ödemesi,2025-03-12,10,17
Kredi Ödemesi,2025-03-12,11,6
Kredi Ödemesi,2025-03-12,12,1
Kredi Ödemesi,2025-03-12,13,23
Kredi Ödemesi,2025-03-12,14,13
Kredi Ödemesi,2025-03-12,15,17
Kredi Ödemesi,2025-03-12,16,1
Kredi Ödemesi,2025-03-12,19,3
Kredi Ödemesi,2025-03-12,20,1
Kredi Ödemesi,2025-03-13,1,6
Kredi Ödemesi,2025-03-13,2,3
Kredi Ödemesi,2025-03-13,6,7
Kredi Ödemesi,2025-03-13,8,18
Kredi Ödemesi,2025-03-13,9,32
Kredi Ödemesi,2025-03-13,10,8
Kredi Ödemesi,2025-03-13,11,18
Kredi Ödemesi,2025-03-13,12,9
Kredi Ödemesi,2025-03-13,13,18
Kredi Ödemesi,2025-03-13,14,13
Kredi Ödemesi,2025-03-13,15,9
Kredi Ödemesi,2025-03-13,16,11
Kredi Ödemesi,2025-03-13,17,7
Kredi Ödemesi,2025-03-13,18,3
Kredi Ödemesi,2025-03-13,19,4
Kredi Ödemesi,2025-03-13,22,1
Kredi Ödemesi,2025-03-14,6,3
Kredi Ödemesi,2025-03-14,7,11
Kredi Ödemesi,2025-03-14,8,6
Kredi Ödemesi,2025-03-14,9,20
Kredi Ödemesi,2025-03-14,10,4
Kredi Ödemesi,2025-03-14,11,2
Kredi Ödemesi,2025-03-14,12,2
Kredi Ödemesi,2025-03-14,13,11
Kredi Ödemesi,2025-03-14,14,17
Kredi Ödemesi,2025-03-14,15,8
Kredi Ödemesi,2025-03-14,16,4
Kredi Ödemesi,2025-03-14,17,6
Kredi Ödemesi,2025-03-14,19,3
Kredi Ödemesi,2025-03-14,22,1
Kredi Ödemesi,2025-03-17,1,4
Kredi Ödemesi,2025-03-17,2,1
Kredi Ödemesi,2025-03-17,3,1
Kredi Ödemesi,2025-03-17,7,2
Kredi Ödemesi,2025-03-17,8,7
Kredi Ödemesi,2025-03-17,9,11
Kredi Ödemesi,2025-03-17,11,9
Kredi Ödemesi,2025-03-17,12,4
Kredi Ödemesi,2025-03-17,13,4
Kredi Ödemesi,2025-03-17,14,3
Kredi Ödemesi,2025-03-17,15,12
Kredi Ödemesi,2025-03-17,16,3
Kredi Ödemesi,2025-03-17,17,5
Kredi Ödemesi,2025-03-17,18,4
Kredi Ödemesi,2025-03-17,19,13
Kredi Ödemesi,2025-03-17,23,3
Kredi Ödemesi,2025-03-18,6,2
Kredi Ödemesi,2025-03-18,7,7
Kredi Ödemesi,2025-03-18,8,17
Kredi Ödemesi,2025-03-18,9,31
Kredi Ödemesi,2025-03-18,10,10
Kredi Ödemesi,2025-03-18,11,6
Kredi Ödemesi,2025-03-18,12,7
Kredi Ödemesi,2025-03-18,13,6
Kredi Ödemesi,2025-03-18,14,13
Kredi Ödemesi,2025-03-18,15,7
Kredi Ödemesi,2025-03-18,16,3
Kredi Ödemesi,2025-03-18,17,3
Kredi Ödemesi,2025-03-18,18,2
Kredi Ödemesi,2025-03-18,19,1
Kredi Ödemesi,2025-03-18,20,1
Kredi Ödemesi,2025-03-19,6,6
Kredi Ödemesi,2025-03-19,7,12
Kredi Ödemesi,2025-03-19,8,38
Kredi Ödemesi,2025-03-19,9,6
Kredi Ödemesi,2025-03-19,10,14
Kredi Ödemesi,2025-03-19,11,7
Kredi Ödemesi,2025-03-19,12,3
Kredi Ödemesi,2025-03-19,13,7
Kredi Ödemesi,2025-03-19,14,21
Kredi Ödemesi,2025-03-19,15,14
Kredi Ödemesi,2025-03-19,16,4
Kredi Ödemesi,2025-03-19,17,8
Kredi Ödemesi,2025-03-20,8,1
Kredi Ödemesi,2025-03-20,9,1
Kredi Ödemesi,2025-03-20,10,2
Kredi Ödemesi,2025-03-20,11,5
Kredi Ödemesi,2025-03-20,14,2
Kredi Ödemesi,2025-03-21,1,6
Kredi Ödemesi,2025-03-21,3,6
Kredi Ödemesi,2025-03-21,4,1
Kredi Ödemesi,2025-03-21,6,1
Kredi Ödemesi,2025-03-21,7,6
Kredi Ödemesi,2025-03-21,8,23
Kredi Ödemesi,2025-03-21,9,30
Kredi Ödemesi,2025-03-21,10,25
Kredi Ödemesi,2025-03-21,11,19
Kredi Ödemesi,2025-03-21,12,1
Kredi Ödemesi,2025-03-21,13,22
Kredi Ödemesi,2025-03-21,14,16
Kredi Ödemesi,2025-03-21,15,11
Kredi Ödemesi,2025-03-21,16,8
Kredi Ödemesi,2025-03-21,18,7
Kredi Ödemesi,2025-03-24,6,7
Kredi Ödemesi,2025-03-24,7,13
Kredi Ödemesi,2025-03-24,8,39
Kredi Ödemesi,2025-03-24,9,19
Kredi Ödemesi,2025-03-24,10,43
Kredi Ödemesi,2025-03-24,11,20
Kredi Ödemesi,2025-03-24,12,3
Kredi Ödemesi,2025-03-24,13,4
Kredi Ödemesi,2025-03-24,14,5
Kredi Ödemesi,2025-03-24,16,3
Kredi Ödemesi,2025-03-24,17,7
Kredi Ödemesi,2025-03-24,18,4
Kredi Ödemesi,2025-03-24,23,2
Kredi Ödemesi,2025-03-25,1,2
Kredi Ödemesi,2025-03-25,6,13
Kredi Ödemesi,2025-03-25,7,10
Kredi Ödemesi,2025-03-25,8,10
Kredi Ödemesi,2025-03-25,9,33
Kredi Ödemesi,2025-03-25,10,42
Kredi Ödemesi,2025-03-25,11,5
Kredi Ödemesi,2025-03-25,12,20
Kredi Ödemesi,2025-03-25,13,2
Kredi Ödemesi,2025-03-25,14,18
Kredi Ödemesi,2025-03-25,15,11
Kredi Ödemesi,2025-03-25,16,2
Kredi Ödemesi,2025-03-25,17,1
Kredi Ödemesi,2025-03-25,19,1
Kredi Ödemesi,2025-03-26,4,16
Kredi Ödemesi,2025-03-26,7,14
Kredi Ödemesi,2025-03-26,8,23
Kredi Ödemesi,2025-03-26,9,45
Kredi Ödemesi,2025-03-26,10,42
Kredi Ödemesi,2025-03-26,11,44
Kredi Ödemesi,2025-03-26,12,10
Kredi Ödemesi,2025-03-26,13,18
Kredi Ödemesi,2025-03-26,14,3
Kredi Ödemesi,2025-03-26,15,3
Kredi Ödemesi,2025-03-26,16,7
Kredi Ödemesi,2025-03-26,17,1
Kredi Ödemesi,2025-03-26,18,2
Kredi Ödemesi,2025-03-27,2,6
Kredi Ödemesi,2025-03-27,7,7
Kredi Ödemesi,2025-03-27,8,26
Kredi Ödemesi,2025-03-27,9,16
Kredi Ödemesi,2025-03-27,10,13
Kredi Ödemesi,2025-03-27,11,13
Kredi Ödemesi,2025-03-27,12,15
Kredi Ödemesi,2025-03-27,13,22
Kredi Ödemesi,2025-03-27,14,7
Kredi Ödemesi,2025-03-27,15,25
Kredi Ödemesi,2025-03-27,16,15
Kredi Ödemesi,2025-03-27,17,5
Kredi Ödemesi,2025-03-27,18,20
Kredi Ödemesi,2025-03-27,19,3
Kredi Ödemesi,2025-03-28,6,1
Kredi Ödemesi,2025-03-28,8,32
Kredi Ödemesi,2025-03-28,9,15
Kredi Ödemesi,2025-03-28,10,9
Kredi Ödemesi,2025-03-28,11,18
Kredi Ödemesi,2025-03-28,12,29
Kredi Ödemesi,2025-03-28,13,8
Kredi Ödemesi,2025-03-28,14,6
Kredi Ödemesi,2025-03-28,15,6
Kredi Ödemesi,2025-03-28,16,11
Kredi Ödemesi,2025-03-28,17,3
Kredi Ödemesi,2025-03-28,18,4
Kredi Ödemesi,2025-03-28,19,2
Kredi Ödemesi,2025-04-02,3,8
Kredi Ödemesi,2025-04-02,4,3
Kredi Ödemesi,2025-04-02,6,19
Kredi Ödemesi,2025-04-02,7,9
Kredi Ödemesi,2025-04-02,8,39
Kredi Ödemesi,2025-04-02,9,51
Kredi Ödemesi,2025-04-02,10,47
Kredi Ödemesi,2025-04-02,11,40
Kredi Ödemesi,2025-04-02,12,59
Kredi Ödemesi,2025-04-02,13,49
Kredi Ödemesi,2025-04-02,14,39
Kredi Ödemesi,2025-04-02,15,27
Kredi Ödemesi,2025-04-02,16,9
Kredi Ödemesi,2025-04-02,17,11
Kredi Ödemesi,2025-04-02,18,25
Kredi Ödemesi,2025-04-02,20,3
Kredi Ödemesi,2025-04-03,0,2
Kredi Ödemesi,2025-04-03,3,10
Kredi Ödemesi,2025-04-03,6,22
Kredi Ödemesi,2025-04-03,8,15
Kredi Ödemesi,2025-04-03,9,21
Kredi Ödemesi,2025-04-03,10,23
Kredi Ödemesi,2025-04-03,11,18
Kredi Ödemesi,2025-04-03,12,6
Kredi Ödemesi,2025-04-03,13,9
Kredi Ödemesi,2025-04-03,14,14
Kredi Ödemesi,2025-04-03,15,4
Kredi Ödemesi,2025-04-03,16,15
Kredi Ödemesi,2025-04-03,17,15
Kredi Ödemesi,2025-04-03,22,1
Kredi Ödemesi,2025-04-04,3,1
Kredi Ödemesi,2025-04-04,6,1
Kredi Ödemesi,2025-04-04,8,2
Kredi Ödemesi,2025-04-04,9,4
Kredi Ödemesi,2025-04-04,10,9
Kredi Ödemesi,2025-04-04,11,4
Kredi Ödemesi,2025-04-04,12,1
Kredi Ödemesi,2025-04-04,13,3
Kredi Ödemesi,2025-04-04,14,12
Kredi Ödemesi,2025-04-04,15,2
Kredi Ödemesi,2025-04-04,16,6
Kredi Ödemesi,2025-04-04,17,10
Kredi Ödemesi,2025-04-04,18,5
Kredi Ödemesi,2025-04-07,6,5
Kredi Ödemesi,2025-04-07,7,2
Kredi Ödemesi,2025-04-07,8,27
Kredi Ödemesi,2025-04-07,9,14
Kredi Ödemesi,2025-04-07,10,48
Kredi Ödemesi,2025-04-07,11,41
Kredi Ödemesi,2025-04-07,12,41
Kredi Ödemesi,2025-04-07,13,9
Kredi Ödemesi,2025-04-07,14,15
Kredi Ödemesi,2025-04-07,15,40
Kredi Ödemesi,2025-04-07,16,17
Kredi Ödemesi,2025-04-07,17,10
Kredi Ödemesi,2025-04-07,18,14
Kredi Ödemesi,2025-04-07,21,10
Kredi Ödemesi,2025-04-07,22,2
Kredi Ödemesi,2025-04-08,5,13
Kredi Ödemesi,2025-04-08,6,6
Kredi Ödemesi,2025-04-08,7,12
Kredi Ödemesi,2025-04-08,8,20
Kredi Ödemesi,2025-04-08,9,34
Kredi Ödemesi,2025-04-08,10,6
Kredi Ödemesi,2025-04-08,11,17
Kredi Ödemesi,2025-04-08,12,19
Kredi Ödemesi,2025-04-08,13,44
Kredi Ödemesi,2025-04-08,14,15
Kredi Ödemesi,2025-04-08,15,21
Kredi Ödemesi,2025-04-08,16,14
Kredi Ödemesi,2025-04-08,17,3
Kredi Ödemesi,2025-04-08,18,27
Kredi Ödemesi,2025-04-08,19,2
Kredi Ödemesi,2025-04-08,23,4
Kredi Ödemesi,2025-04-09,0,34
Kredi Ödemesi,2025-04-09,4,1
Kredi Ödemesi,2025-04-09,6,21
Kredi Ödemesi,2025-04-09,7,7
Kredi Ödemesi,2025-04-09,8,10
Kredi Ödemesi,2025-04-09,9,4
Kredi Ödemesi,2025-04-09,10,38
Kredi Ödemesi,2025-04-09,11,6
Kredi Ödemesi,2025-04-09,12,7
Kredi Ödemesi,2025-04-09,13,15
Kredi Ödemesi,2025-04-09,14,3
Kredi Ödemesi,2025-04-09,15,46
Kredi Ödemesi,2025-04-09,16,12
Kredi Ödemesi,2025-04-09,17,11
Kredi Ödemesi,2025-04-09,19,25
Kredi Ödemesi,2025-04-09,20,1
Kredi Ödemesi,2025-04-10,1,1
Kredi Ödemesi,2025-04-10,4,6
Kredi Ödemesi,2025-04-10,5,2
Kredi Ödemesi,2025-04-10,7,6
Kredi Ödemesi,2025-04-10,8,16
Kredi Ödemesi,2025-04-10,9,21
Kredi Ödemesi,2025-04-10,10,24
Kredi Ödemesi,2025-04-10,11,18
Kredi Ödemesi,2025-04-10,12,17
Kredi Ödemesi,2025-04-10,13,25
Kredi Ödemesi,2025-04-10,14,14
Kredi Ödemesi,2025-04-10,15,3
Kredi Ödemesi,2025-04-10,16,5
Kredi Ödemesi,2025-04-10,17,3
Kredi Ödemesi,2025-04-10,22,1
Kredi Ödemesi,2025-04-11,6,1
Kredi Ödemesi,2025-04-11,7,4
Kredi Ödemesi,2025-04-11,8,7
Kredi Ödemesi,2025-04-11,9,14
Kredi Ödemesi,2025-04-11,10,20
Kredi Ödemesi,2025-04-11,11,8
Kredi Ödemesi,2025-04-11,12,15
Kredi Ödemesi,2025-04-11,13,29
Kredi Ödemesi,2025-04-11,14,17
Kredi Ödemesi,2025-04-11,15,29
Kredi Ödemesi,2025-04-11,16,16
Kredi Ödemesi,2025-04-11,17,20
Kredi Ödemesi,2025-04-11,18,2
Kredi Ödemesi,2025-04-14,6,7
Kredi Ödemesi,2025-04-14,8,6
Kredi Ödemesi,2025-04-14,9,4
Kredi Ödemesi,2025-04-14,10,16
Kredi Ödemesi,2025-04-14,11,11
Kredi Ödemesi,2025-04-14,12,14
Kredi Ödemesi,2025-04-14,13,8
Kredi Ödemesi,2025-04-14,14,3
Kredi Ödemesi,2025-04-14,15,7
Kredi Ödemesi,2025-04-14,16,6
Kredi Ödemesi,2025-04-14,17,2
Kredi Ödemesi,2025-04-14,18,6
Kredi Ödemesi,2025-04-14,23,7
Kredi Ödemesi,2025-04-15,6,5
Kredi Ödemesi,2025-04-15,7,1
Kredi Ödemesi,2025-04-15,8,9
Kredi Ödemesi,2025-04-15,9,8
Kredi Ödemesi,2025-04-15,10,5
Kredi Ödemesi,2025-04-15,11,4
Kredi Ödemesi,2025-04-15,12,8
Kredi Ödemesi,2025-04-15,13,5
Kredi Ödemesi,2025-04-15,14,16
Kredi Ödemesi,2025-04-15,15,14
Kredi Ödemesi,2025-04-15,16,9
Kredi Ödemesi,2025-04-15,17,13
Kredi Ödemesi,2025-04-15,18,1
Kredi Ödemesi,2025-04-15,19,6
Kredi Ödemesi,2025-04-16,6,18
Kredi Ödemesi,2025-04-16,7,10
Kredi Ödemesi,2025-04-16,8,13
Kredi Ödemesi,2025-04-16,9,29
Kredi Ödemesi,2025-04-16,10,11
Kredi Ödemesi,2025-04-16,11,24
Kredi Ödemesi,2025-04-16,12,14
Kredi Ödemesi,2025-04-16,13,14
Kredi Ödemesi,2025-04-16,14,3
Kredi Ödemesi,2025-04-16,15,1
Kredi Ödemesi,2025-04-16,17,8
Kredi Ödemesi,2025-04-16,18,1
Kredi Ödemesi,2025-04-16,19,18
Kredi Ödemesi,2025-04-17,1,14
Kredi Ödemesi,2025-04-17,6,9
Kredi Ödemesi,2025-04-17,7,32
Kredi Ödemesi,2025-04-17,8,79
Kredi Ödemesi,2025-04-17,9,62
Kredi Ödemesi,2025-04-17,10,48
Kredi Ödemesi,2025-04-17,11,16
Kredi Ödemesi,2025-04-17,12,12
Kredi Ödemesi,2025-04-17,13,10
Kredi Ödemesi,2025-04-17,14,2
Kredi Ödemesi,2025-04-17,15,76
Kredi Ödemesi,2025-04-17,16,44
Kredi Ödemesi,2025-04-17,17,17
Kredi Ödemesi,2025-04-17,21,8
Kredi Ödemesi,2025-04-18,5,4
Kredi Ödemesi,2025-04-18,7,2
Kredi Ödemesi,2025-04-18,8,6
Kredi Ödemesi,2025-04-18,9,3
Kredi Ödemesi,2025-04-18,10,1
Kredi Ödemesi,2025-04-18,11,9
Kredi Ödemesi,2025-04-18,12,3
Kredi Ödemesi,2025-04-18,13,2
Kredi Ödemesi,2025-04-18,14,2
Kredi Ödemesi,2025-04-18,16,5
Kredi Ödemesi,2025-04-18,17,1
Kredi Ödemesi,2025-04-21,0,3
Kredi Ödemesi,2025-04-21,4,1
Kredi Ödemesi,2025-04-21,6,1
Kredi Ödemesi,2025-04-21,7,1
Kredi Ödemesi,2025-04-21,8,7
Kredi Ödemesi,2025-04-21,9,5
Kredi Ödemesi,2025-04-21,10,10
Kredi Ödemesi,2025-04-21,11,6
Kredi Ödemesi,2025-04-21,12,8
Kredi Ödemesi,2025-04-21,13,3
Kredi Ödemesi,2025-04-21,14,3
Kredi Ödemesi,2025-04-21,15,4
Kredi Ödemesi,2025-04-21,16,1
Kredi Ödemesi,2025-04-21,17,8
Kredi Ödemesi,2025-04-21,18,1
Kredi Ödemesi,2025-04-21,22,1
Kredi Ödemesi,2025-04-22,6,2
Kredi Ödemesi,2025-04-22,7,48
Kredi Ödemesi,2025-04-22,8,16
Kredi Ödemesi,2025-04-22,9,55
Kredi Ödemesi,2025-04-22,10,50
Kredi Ödemesi,2025-04-22,11,41
Kredi Ödemesi,2025-04-22,12,10
Kredi Ödemesi,2025-04-22,13,20
Kredi Ödemesi,2025-04-22,14,9
Kredi Ödemesi,2025-04-22,15,5
Kredi Ödemesi,2025-04-22,16,9
Kredi Ödemesi,2025-04-22,17,26
Kredi Ödemesi,2025-04-22,18,3
Kredi Ödemesi,2025-04-24,0,2
Kredi Ödemesi,2025-04-24,6,4
Kredi Ödemesi,2025-04-24,7,2
Kredi Ödemesi,2025-04-24,8,10
Kredi Ödemesi,2025-04-24,10,62
Kredi Ödemesi,2025-04-24,11,51
Kredi Ödemesi,2025-04-24,12,31
Kredi Ödemesi,2025-04-24,13,12
Kredi Ödemesi,2025-04-24,14,11
Kredi Ödemesi,2025-04-24,15,58
Kredi Ödemesi,2025-04-24,16,15
Kredi Ödemesi,2025-04-24,17,5
Kredi Ödemesi,2025-04-24,18,15
Kredi Ödemesi,2025-04-25,1,1
Kredi Ödemesi,2025-04-25,3,1
Kredi Ödemesi,2025-04-25,6,3
Kredi Ödemesi,2025-04-25,7,7
Kredi Ödemesi,2025-04-25,8,2
Kredi Ödemesi,2025-04-25,9,14
Kredi Ödemesi,2025-04-25,10,14
Kredi Ödemesi,2025-04-25,11,10
Kredi Ödemesi,2025-04-25,12,8
Kredi Ödemesi,2025-04-25,13,31
Kredi Ödemesi,2025-04-25,14,2
Kredi Ödemesi,2025-04-25,15,3
Kredi Ödemesi,2025-04-25,16,1
Kredi Ödemesi,2025-04-25,17,7
Kredi Ödemesi,2025-04-25,18,9
Kredi Ödemesi,2025-04-25,19,1
Kredi Ödemesi,2025-04-25,20,1
Kredi Ödemesi,2025-04-28,7,1
Kredi Ödemesi,2025-04-28,8,3
Kredi Ödemesi,2025-04-28,9,8
Kredi Ödemesi,2025-04-28,10,7
Kredi Ödemesi,2025-04-28,11,7
Kredi Ödemesi,2025-04-28,12,10
Kredi Ödemesi,2025-04-28,13,11
Kredi Ödemesi,2025-04-28,14,5
Kredi Ödemesi,2025-04-28,15,1
Kredi Ödemesi,2025-04-28,17,3
Kredi Ödemesi,2025-04-28,19,1
Kredi Ödemesi,2025-04-28,20,3
Kredi Ödemesi,2025-04-29,1,2
Kredi Ödemesi,2025-04-29,6,5
Kredi Ödemesi,2025-04-29,7,2
Kredi Ödemesi,2025-04-29,8,37
Kredi Ödemesi,2025-04-29,9,49
Kredi Ödemesi,2025-04-29,10,38
Kredi Ödemesi,2025-04-29,11,4
Kredi Ödemesi,2025-04-29,12,5
Kredi Ödemesi,2025-04-29,13,6
Kredi Ödemesi,2025-04-29,14,19
Kredi Ödemesi,2025-04-29,15,25
Kredi Ödemesi,2025-04-29,16,13
Kredi Ödemesi,2025-04-29,17,4
Kredi Ödemesi,2025-04-29,21,1
Kredi Ödemesi,2025-04-30,3,1
Kredi Ödemesi,2025-04-30,7,11
Kredi Ödemesi,2025-04-30,8,5
Kredi Ödemesi,2025-04-30,9,3
Kredi Ödemesi,2025-04-30,10,8
Kredi Ödemesi,2025-04-30,11,14
Kredi Ödemesi,2025-04-30,12,5
Kredi Ödemesi,2025-04-30,13,9
Kredi Ödemesi,2025-04-30,14,5
Kredi Ödemesi,2025-04-30,16,5
Kredi Ödemesi,2025-04-30,17,9
Kredi Ödemesi,2025-04-30,18,8
Kredi Ödemesi,2025-04-30,19,12
Kredi Ödemesi,2025-05-02,3,7
Kredi Ödemesi,2025-05-02,4,1
Kredi Ödemesi,2025-05-02,6,11
Kredi Ödemesi,2025-05-02,7,7
Kredi Ödemesi,2025-05-02,8,69
Kredi Ödemesi,2025-05-02,9,31
Kredi Ödemesi,2025-05-02,10,35
Kredi Ödemesi,2025-05-02,11,15
Kredi Ödemesi,2025-05-02,12,23
Kredi Ödemesi,2025-05-02,13,41
Kredi Ödemesi,2025-05-02,14,37
Kredi Ödemesi,2025-05-02,15,4
Kredi Ödemesi,2025-05-02,16,8
Kredi Ödemesi,2025-05-02,17,15
Kredi Ödemesi,2025-05-02,19,9
Kredi Ödemesi,2025-05-02,21,1
Kredi Ödemesi,2025-05-02,23,5
Kredi Ödemesi,2025-05-05,0,3
Kredi Ödemesi,2025-05-05,5,11
Kredi Ödemesi,2025-05-05,7,61
Kredi Ödemesi,2025-05-05,8,15
Kredi Ödemesi,2025-05-05,9,41
Kredi Ödemesi,2025-05-05,10,41
Kredi Ödemesi,2025-05-05,11,84
Kredi Ödemesi,2025-05-05,12,23
Kredi Ödemesi,2025-05-05,13,23
Kredi Ödemesi,2025-05-05,14,50
Kredi Ödemesi,2025-05-05,15,45
Kredi Ödemesi,2025-05-05,16,2
Kredi Ödemesi,2025-05-05,17,14
Kredi Ödemesi,2025-05-05,18,12
Kredi Ödemesi,2025-05-05,22,19
Kredi Ödemesi,2025-05-06,6,4
Kredi Ödemesi,2025-05-06,8,1
Kredi Ödemesi,2025-05-06,9,8
Kredi Ödemesi,2025-05-06,10,6
Kredi Ödemesi,2025-05-06,12,14
Kredi Ödemesi,2025-05-06,14,6
Kredi Ödemesi,2025-05-06,15,11
Kredi Ödemesi,2025-05-06,16,5
Kredi Ödemesi,2025-05-06,18,1
Kredi Ödemesi,2025-05-06,19,3
Kredi Ödemesi,2025-05-06,22,3
Kredi Ödemesi,2025-05-07,0,1
Kredi Ödemesi,2025-05-07,2,1
Kredi Ödemesi,2025-05-07,3,3
Kredi Ödemesi,2025-05-07,4,1
Kredi Ödemesi,2025-05-07,6,2
Kredi Ödemesi,2025-05-07,7,4
Kredi Ödemesi,2025-05-07,8,12
Kredi Ödemesi,2025-05-07,9,5
Kredi Ödemesi,2025-05-07,10,27
Kredi Ödemesi,2025-05-07,11,10
Kredi Ödemesi,2025-05-07,12,1
Kredi Ödemesi,2025-05-07,13,10
Kredi Ödemesi,2025-05-07,14,7
Kredi Ödemesi,2025-05-07,15,4
Kredi Ödemesi,2025-05-07,16,14
Kredi Ödemesi,2025-05-07,17,2
Kredi Ödemesi,2025-05-07,18,3
Kredi Ödemesi,2025-05-07,23,1
Kredi Ödemesi,2025-05-08,3,3
Kredi Ödemesi,2025-05-08,7,14
Kredi Ödemesi,2025-05-08,8,14
Kredi Ödemesi,2025-05-08,9,23
Kredi Ödemesi,2025-05-08,10,7
Kredi Ödemesi,2025-05-08,11,40
Kredi Ödemesi,2025-05-08,12,6
Kredi Ödemesi,2025-05-08,13,7
Kredi Ödemesi,2025-05-08,14,4
Kredi Ödemesi,2025-05-08,15,13
Kredi Ödemesi,2025-05-08,16,3
Kredi Ödemesi,2025-05-08,17,10
Kredi Ödemesi,2025-05-08,18,10
Kredi Ödemesi,2025-05-09,7,2
Kredi Ödemesi,2025-05-09,8,3
Kredi Ödemesi,2025-05-09,9,4
Kredi Ödemesi,2025-05-09,10,13
Kredi Ödemesi,2025-05-09,11,17
Kredi Ödemesi,2025-05-09,12,5
Kredi Ödemesi,2025-05-09,13,12
Kredi Ödemesi,2025-05-09,14,5
Kredi Ödemesi,2025-05-09,15,4
Kredi Ödemesi,2025-05-09,16,3
Kredi Ödemesi,2025-05-09,18,10
Kredi Ödemesi,2025-05-09,19,1
Kredi Ödemesi,2025-05-09,21,2
Kredi Ödemesi,2025-05-12,0,18
Kredi Ödemesi,2025-05-12,1,3
Kredi Ödemesi,2025-05-12,6,1
Kredi Ödemesi,2025-05-12,7,11
Kredi Ödemesi,2025-05-12,8,18
Kredi Ödemesi,2025-05-12,9,11
Kredi Ödemesi,2025-05-12,10,51
Kredi Ödemesi,2025-05-12,11,13
Kredi Ödemesi,2025-05-12,12,2
Kredi Ödemesi,2025-05-12,13,3
Kredi Ödemesi,2025-05-12,14,51
Kredi Ödemesi,2025-05-12,15,27
Kredi Ödemesi,2025-05-12,16,19
Kredi Ödemesi,2025-05-12,17,13
Kredi Ödemesi,2025-05-12,18,17
Kredi Ödemesi,2025-05-13,8,17
Kredi Ödemesi,2025-05-13,9,25
Kredi Ödemesi,2025-05-13,10,19
Kredi Ödemesi,2025-05-13,11,1
Kredi Ödemesi,2025-05-13,12,6
Kredi Ödemesi,2025-05-13,13,16
Kredi Ödemesi,2025-05-13,14,4
Kredi Ödemesi,2025-05-13,15,35
Kredi Ödemesi,2025-05-13,16,7
Kredi Ödemesi,2025-05-13,17,11
Kredi Ödemesi,2025-05-13,18,3
Kredi Ödemesi,2025-05-13,23,1
Kredi Ödemesi,2025-05-14,1,1
Kredi Ödemesi,2025-05-14,7,2
Kredi Ödemesi,2025-05-14,8,19
Kredi Ödemesi,2025-05-14,9,18
Kredi Ödemesi,2025-05-14,10,30
Kredi Ödemesi,2025-05-14,11,21
Kredi Ödemesi,2025-05-14,12,30
Kredi Ödemesi,2025-05-14,13,10
Kredi Ödemesi,2025-05-14,14,3
Kredi Ödemesi,2025-05-14,15,10
Kredi Ödemesi,2025-05-14,16,9
Kredi Ödemesi,2025-05-14,17,38
Kredi Ödemesi,2025-05-14,18,15
Kredi Ödemesi,2025-05-14,19,1
Kredi Ödemesi,2025-05-14,23,6
Kredi Ödemesi,2025-05-15,7,11
Kredi Ödemesi,2025-05-15,8,21
Kredi Ödemesi,2025-05-15,9,18
Kredi Ödemesi,2025-05-15,10,21
Kredi Ödemesi,2025-05-15,11,12
Kredi Ödemesi,2025-05-15,12,8
Kredi Ödemesi,2025-05-15,13,15
Kredi Ödemesi,2025-05-15,14,12
Kredi Ödemesi,2025-05-15,15,3
Kredi Ödemesi,2025-05-15,16,5
Kredi Ödemesi,2025-05-15,17,8
Kredi Ödemesi,2025-05-15,18,9
Kredi Ödemesi,2025-05-16,2,1
Kredi Ödemesi,2025-05-16,3,10
Kredi Ödemesi,2025-05-16,6,2
Kredi Ödemesi,2025-05-16,7,2
Kredi Ödemesi,2025-05-16,8,23
Kredi Ödemesi,2025-05-16,9,27
Kredi Ödemesi,2025-05-16,10,15
Kredi Ödemesi,2025-05-16,11,2
Kredi Ödemesi,2025-05-16,12,10
Kredi Ödemesi,2025-05-16,13,11
Kredi Ödemesi,2025-05-16,14,36
Kredi Ödemesi,2025-05-16,15,24
Kredi Ödemesi,2025-05-16,16,2
Kredi Ödemesi,2025-05-16,18,4
Kredi Ödemesi,2025-05-16,19,4
Kredi Ödemesi,2025-05-16,21,4
Kredi Ödemesi,2025-05-20,2,5
Kredi Ödemesi,2025-05-20,3,1
Kredi Ödemesi,2025-05-20,6,9
Kredi Ödemesi,2025-05-20,7,51
Kredi Ödemesi,2025-05-20,8,32
Kredi Ödemesi,2025-05-20,9,37
Kredi Ödemesi,2025-05-20,10,30
Kredi Ödemesi,2025-05-20,11,54
Kredi Ödemesi,2025-05-20,12,8
Kredi Ödemesi,2025-05-20,13,15
Kredi Ödemesi,2025-05-20,14,13
Kredi Ödemesi,2025-05-20,15,21
Kredi Ödemesi,2025-05-20,16,12
Kredi Ödemesi,2025-05-20,17,28
Kredi Ödemesi,2025-05-20,18,3
Kredi Ödemesi,2025-05-21,0,2
Kredi Ödemesi,2025-05-21,7,5
Kredi Ödemesi,2025-05-21,8,25
Kredi Ödemesi,2025-05-21,9,24
Kredi Ödemesi,2025-05-21,10,1
Kredi Ödemesi,2025-05-21,11,20
Kredi Ödemesi,2025-05-21,13,10
Kredi Ödemesi,2025-05-21,14,32
Kredi Ödemesi,2025-05-21,15,53
Kredi Ödemesi,2025-05-21,16,14
Kredi Ödemesi,2025-05-21,17,11
Kredi Ödemesi,2025-05-21,18,2
Kredi Ödemesi,2025-05-22,1,2
Kredi Ödemesi,2025-05-22,6,18
Kredi Ödemesi,2025-05-22,7,1
Kredi Ödemesi,2025-05-22,8,6
Kredi Ödemesi,2025-05-22,9,17
Kredi Ödemesi,2025-05-22,10,16
Kredi Ödemesi,2025-05-22,11,2
Kredi Ödemesi,2025-05-22,12,11
Kredi Ödemesi,2025-05-22,13,19
Kredi Ödemesi,2025-05-22,14,16
Kredi Ödemesi,2025-05-22,15,1
Kredi Ödemesi,2025-05-22,16,5
Kredi Ödemesi,2025-05-22,17,10
Kredi Ödemesi,2025-05-22,18,4
Kredi Ödemesi,2025-05-23,7,4
Kredi Ödemesi,2025-05-23,8,36
Kredi Ödemesi,2025-05-23,9,26
Kredi Ödemesi,2025-05-23,10,28
Kredi Ödemesi,2025-05-23,11,3
Kredi Ödemesi,2025-05-23,12,78
Kredi Ödemesi,2025-05-23,13,23
Kredi Ödemesi,2025-05-23,14,39
Kredi Ödemesi,2025-05-23,15,22
Kredi Ödemesi,2025-05-23,16,4
Kredi Ödemesi,2025-05-23,17,10
Kredi Ödemesi,2025-05-23,18,2
Kredi Ödemesi,2025-05-23,19,8
Kredi Ödemesi,2025-05-26,6,3
Kredi Ödemesi,2025-05-26,7,8
Kredi Ödemesi,2025-05-26,8,8
Kredi Ödemesi,2025-05-26,9,45
Kredi Ödemesi,2025-05-26,10,39
Kredi Ödemesi,2025-05-26,11,32
Kredi Ödemesi,2025-05-26,12,7
Kredi Ödemesi,2025-05-26,13,8
Kredi Ödemesi,2025-05-26,14,9
Kredi Ödemesi,2025-05-26,15,5
Kredi Ödemesi,2025-05-26,16,10
Kredi Ödemesi,2025-05-26,17,4
Kredi Ödemesi,2025-05-26,18,4
Kredi Ödemesi,2025-05-26,19,2
Kredi Ödemesi,2025-05-27,1,3
Kredi Ödemesi,2025-05-27,4,1
Kredi Ödemesi,2025-05-27,5,1
Kredi Ödemesi,2025-05-27,7,4
Kredi Ödemesi,2025-05-27,8,12
Kredi Ödemesi,2025-05-27,9,28
Kredi Ödemesi,2025-05-27,10,8
Kredi Ödemesi,2025-05-27,11,25
Kredi Ödemesi,2025-05-27,12,24
Kredi Ödemesi,2025-05-27,13,3
Kredi Ödemesi,2025-05-27,14,33
Kredi Ödemesi,2025-05-27,15,3
Kredi Ödemesi,2025-05-27,16,3
Kredi Ödemesi,2025-05-27,17,2
Kredi Ödemesi,2025-05-27,18,2
Kredi Ödemesi,2025-05-28,1,2
Kredi Ödemesi,2025-05-28,4,3
Kredi Ödemesi,2025-05-28,6,6
Kredi Ödemesi,2025-05-28,7,13
Kredi Ödemesi,2025-05-28,8,15
Kredi Ödemesi,2025-05-28,9,12
Kredi Ödemesi,2025-05-28,10,55
Kredi Ödemesi,2025-05-28,11,21
Kredi Ödemesi,2025-05-28,12,20
Kredi Ödemesi,2025-05-28,13,74
Kredi Ödemesi,2025-05-28,14,1
Kredi Ödemesi,2025-05-28,15,20
Kredi Ödemesi,2025-05-28,16,17
Kredi Ödemesi,2025-05-28,17,5
Kredi Ödemesi,2025-05-28,18,10
Kredi Ödemesi,2025-05-28,19,1
Kredi Ödemesi,2025-05-28,22,8
Kredi Ödemesi,2025-05-28,23,5
Kredi Ödemesi,2025-05-29,6,5
Kredi Ödemesi,2025-05-29,7,8
Kredi Ödemesi,2025-05-29,8,2
Kredi Ödemesi,2025-05-29,9,18
Kredi Ödemesi,2025-05-29,10,32
Kredi Ödemesi,2025-05-29,11,7
Kredi Ödemesi,2025-05-29,12,7
Kredi Ödemesi,2025-05-29,13,5
Kredi Ödemesi,2025-05-29,14,5
Kredi Ödemesi,2025-05-29,15,22
Kredi Ödemesi,2025-05-29,16,21
Kredi Ödemesi,2025-05-29,17,2
Kredi Ödemesi,2025-05-29,18,3
Kredi Ödemesi,2025-05-29,19,10
Kredi Ödemesi,2025-05-30,0,2
Kredi Ödemesi,2025-05-30,7,9
Kredi Ödemesi,2025-05-30,8,5
Kredi Ödemesi,2025-05-30,9,10
Kredi Ödemesi,2025-05-30,10,3
Kredi Ödemesi,2025-05-30,11,1
Kredi Ödemesi,2025-05-30,12,5
Kredi Ödemesi,2025-05-30,13,5
Kredi Ödemesi,2025-05-30,14,6
Kredi Ödemesi,2025-05-30,15,3
Kredi Ödemesi,2025-05-30,16,14
Kredi Ödemesi,2025-05-30,17,5
Kredi Ödemesi,2025-05-30,18,5
Kredi Ödemesi,2025-05-30,19,4
Kredi Ödemesi,2025-06-02,2,5
Kredi Ödemesi,2025-06-02,4,1
Kredi Ödemesi,2025-06-02,5,2
Kredi Ödemesi,2025-06-02,6,1
Kredi Ödemesi,2025-06-02,7,4
Kredi Ödemesi,2025-06-02,8,12
Kredi Ödemesi,2025-06-02,9,12
Kredi Ödemesi,2025-06-02,10,13
Kredi Ödemesi,2025-06-02,11,13
Kredi Ödemesi,2025-06-02,12,6
Kredi Ödemesi,2025-06-02,13,32
Kredi Ödemesi,2025-06-02,14,22
Kredi Ödemesi,2025-06-02,15,16
Kredi Ödemesi,2025-06-02,16,17
Kredi Ödemesi,2025-06-02,17,3
Kredi Ödemesi,2025-06-02,18,10
Kredi Ödemesi,2025-06-02,19,2
Kredi Ödemesi,2025-06-02,22,2
Kredi Ödemesi,2025-06-03,0,1
Kredi Ödemesi,2025-06-03,8,2
Kredi Ödemesi,2025-06-03,9,11
Kredi Ödemesi,2025-06-03,10,11
Kredi Ödemesi,2025-06-03,11,2
Kredi Ödemesi,2025-06-03,12,8
Kredi Ödemesi,2025-06-03,13,14
Kredi Ödemesi,2025-06-03,14,9
Kredi Ödemesi,2025-06-03,15,14
Kredi Ödemesi,2025-06-03,16,5
Kredi Ödemesi,2025-06-03,17,2
Kredi Ödemesi,2025-06-03,19,11
Kredi Ödemesi,2025-06-04,7,26
Kredi Ödemesi,2025-06-04,8,92
Kredi Ödemesi,2025-06-04,9,20
Kredi Ödemesi,2025-06-04,10,61
Kredi Ödemesi,2025-06-04,11,10
Kredi Ödemesi,2025-06-04,12,59
Kredi Ödemesi,2025-06-04,13,5
Kredi Ödemesi,2025-06-04,14,22
Kredi Ödemesi,2025-06-04,15,37
Kredi Ödemesi,2025-06-04,16,21
Kredi Ödemesi,2025-06-04,17,16
Kredi Ödemesi,2025-06-04,18,2
Kredi Ödemesi,2025-06-05,0,3
Kredi Ödemesi,2025-06-05,3,3
Kredi Ödemesi,2025-06-05,6,2
Kredi Ödemesi,2025-06-05,8,4
Kredi Ödemesi,2025-06-05,9,12
Kredi Ödemesi,2025-06-05,10,11
Kredi Ödemesi,2025-06-05,11,13
Kredi Ödemesi,2025-06-05,12,4
Kredi Ödemesi,2025-06-05,13,4
Kredi Ödemesi,2025-06-05,14,17
Kredi Ödemesi,2025-06-05,15,11
Kredi Ödemesi,2025-06-05,16,6
Kredi Ödemesi,2025-06-05,17,11
Kredi Ödemesi,2025-06-05,18,3
Kredi Ödemesi,2025-06-05,19,13
Kredi Ödemesi,2025-06-10,6,2
Kredi Ödemesi,2025-06-10,7,20
Kredi Ödemesi,2025-06-10,8,24
Kredi Ödemesi,2025-06-10,9,45
Kredi Ödemesi,2025-06-10,10,59
Kredi Ödemesi,2025-06-10,11,53
Kredi Ödemesi,2025-06-10,12,33
Kredi Ödemesi,2025-06-10,13,31
Kredi Ödemesi,2025-06-10,14,12
Kredi Ödemesi,2025-06-10,15,16
Kredi Ödemesi,2025-06-10,16,13
Kredi Ödemesi,2025-06-10,17,27
Kredi Ödemesi,2025-06-10,19,1
Kredi Ödemesi,2025-06-10,20,4
Kredi Ödemesi,2025-06-11,7,6
Kredi Ödemesi,2025-06-11,8,5
Kredi Ödemesi,2025-06-11,9,11
Kredi Ödemesi,2025-06-11,10,15
Kredi Ödemesi,2025-06-11,11,19
Kredi Ödemesi,2025-06-11,12,5
Kredi Ödemesi,2025-06-11,13,4
Kredi Ödemesi,2025-06-11,14,31
Kredi Ödemesi,2025-06-11,15,5
Kredi Ödemesi,2025-06-11,16,14
Kredi Ödemesi,2025-06-11,17,4
Kredi Ödemesi,2025-06-11,18,2
Kredi Ödemesi,2025-06-11,19,1
Kredi Ödemesi,2025-06-12,0,3
Kredi Ödemesi,2025-06-12,7,9
Kredi Ödemesi,2025-06-12,8,14
Kredi Ödemesi,2025-06-12,9,5
Kredi Ödemesi,2025-06-12,10,83
Kredi Ödemesi,2025-06-12,11,22
Kredi Ödemesi,2025-06-12,12,26
Kredi Ödemesi,2025-06-12,13,34
Kredi Ödemesi,2025-06-12,14,29
Kredi Ödemesi,2025-06-12,15,1
Kredi Ödemesi,2025-06-12,16,2
Kredi Ödemesi,2025-06-12,17,2
Kredi Ödemesi,2025-06-12,18,5
Kredi Ödemesi,2025-06-12,19,1
Kredi Ödemesi,2025-06-12,22,37
Kredi Ödemesi,2025-06-13,6,1
Kredi Ödemesi,2025-06-13,7,18
Kredi Ödemesi,2025-06-13,8,4
Kredi Ödemesi,2025-06-13,9,12
Kredi Ödemesi,2025-06-13,10,16
Kredi Ödemesi,2025-06-13,11,12
Kredi Ödemesi,2025-06-13,12,33
Kredi Ödemesi,2025-06-13,13,16
Kredi Ödemesi,2025-06-13,14,9
Kredi Ödemesi,2025-06-13,15,26
Kredi Ödemesi,2025-06-13,16,8
Kredi Ödemesi,2025-06-13,18,3
Kredi Ödemesi,2025-06-13,19,2
Kredi Ödemesi,2025-06-16,6,4
Kredi Ödemesi,2025-06-16,7,2
Kredi Ödemesi,2025-06-16,8,32
Kredi Ödemesi,2025-06-16,9,20
Kredi Ödemesi,2025-06-16,10,22
Kredi Ödemesi,2025-06-16,11,27
Kredi Ödemesi,2025-06-16,12,18
Kredi Ödemesi,2025-06-16,13,49
Kredi Ödemesi,2025-06-16,14,19
Kredi Ödemesi,2025-06-16,15,7
Kredi Ödemesi,2025-06-16,16,25
Kredi Ödemesi,2025-06-16,17,6
Kredi Ödemesi,2025-06-16,18,1
Kredi Ödemesi,2025-06-16,19,7
Kredi Ödemesi,2025-06-17,0,7
Kredi Ödemesi,2025-06-17,3,5
Kredi Ödemesi,2025-06-17,5,4
Kredi Ödemesi,2025-06-17,6,7
Kredi Ödemesi,2025-06-17,8,9
Kredi Ödemesi,2025-06-17,9,7
Kredi Ödemesi,2025-06-17,10,25
Kredi Ödemesi,2025-06-17,11,23
Kredi Ödemesi,2025-06-17,12,9
Kredi Ödemesi,2025-06-17,13,31
Kredi Ödemesi,2025-06-17,14,9
Kredi Ödemesi,2025-06-17,15,4
Kredi Ödemesi,2025-06-17,16,16
Kredi Ödemesi,2025-06-17,18,5
Kredi Ödemesi,2025-06-17,19,10
Kredi Ödemesi,2025-06-17,21,1
Kredi Ödemesi,2025-06-17,22,2
Kredi Ödemesi,2025-06-18,4,1
Kredi Ödemesi,2025-06-18,5,1
Kredi Ödemesi,2025-06-18,6,14
Kredi Ödemesi,2025-06-18,7,28
Kredi Ödemesi,2025-06-18,8,83
Kredi Ödemesi,2025-06-18,9,21
Kredi Ödemesi,2025-06-18,10,31
Kredi Ödemesi,2025-06-18,11,44
Kredi Ödemesi,2025-06-18,12,31
Kredi Ödemesi,2025-06-18,13,24
Kredi Ödemesi,2025-06-18,14,17
Kredi Ödemesi,2025-06-18,15,46
Kredi Ödemesi,2025-06-18,16,8
Kredi Ödemesi,2025-06-18,17,8
Kredi Ödemesi,2025-06-18,18,26
Kredi Ödemesi,2025-06-18,19,6
Kredi Ödemesi,2025-06-19,8,4
Kredi Ödemesi,2025-06-19,9,13
Kredi Ödemesi,2025-06-19,10,6
Kredi Ödemesi,2025-06-19,11,15
Kredi Ödemesi,2025-06-19,12,9
Kredi Ödemesi,2025-06-19,13,15
Kredi Ödemesi,2025-06-19,15,2
Kredi Ödemesi,2025-06-19,16,34
Kredi Ödemesi,2025-06-19,17,4
Kredi Ödemesi,2025-06-19,18,1
Kredi Ödemesi,2025-06-19,20,1
Kredi Ödemesi,2025-06-19,23,1
Kredi Ödemesi,2025-06-20,6,3
Kredi Ödemesi,2025-06-20,7,10
Kredi Ödemesi,2025-06-20,8,10
Kredi Ödemesi,2025-06-20,9,10
Kredi Ödemesi,2025-06-20,10,10
Kredi Ödemesi,2025-06-20,11,9
Kredi Ödemesi,2025-06-20,12,14
Kredi Ödemesi,2025-06-20,13,26
Kredi Ödemesi,2025-06-20,14,12
Kredi Ödemesi,2025-06-20,15,33
Kredi Ödemesi,2025-06-20,16,2
Kredi Ödemesi,2025-06-20,17,3
Kredi Ödemesi,2025-06-20,18,6
Kredi Ödemesi,2025-06-20,19,16
Kredi Ödemesi,2025-06-20,21,11
Kredi Ödemesi,2025-06-20,23,2
Kredi Ödemesi,2025-06-23,6,4
Kredi Ödemesi,2025-06-23,7,68
Kredi Ödemesi,2025-06-23,8,28
Kredi Ödemesi,2025-06-23,9,72
Kredi Ödemesi,2025-06-23,10,37
Kredi Ödemesi,2025-06-23,11,65
Kredi Ödemesi,2025-06-23,12,6
Kredi Ödemesi,2025-06-23,13,7
Kredi Ödemesi,2025-06-23,14,28
Kredi Ödemesi,2025-06-23,15,51
Kredi Ödemesi,2025-06-23,16,20
Kredi Ödemesi,2025-06-23,17,8
Kredi Ödemesi,2025-06-23,19,1
Kredi Ödemesi,2025-06-23,22,3
Kredi Ödemesi,2025-06-23,23,45
Kredi Ödemesi,2025-06-24,0,6
Kredi Ödemesi,2025-06-24,4,1
Kredi Ödemesi,2025-06-24,6,1
Kredi Ödemesi,2025-06-24,8,13
Kredi Ödemesi,2025-06-24,9,16
Kredi Ödemesi,2025-06-24,10,18
Kredi Ödemesi,2025-06-24,11,20
Kredi Ödemesi,2025-06-24,12,21
Kredi Ödemesi,2025-06-24,13,7
Kredi Ödemesi,2025-06-24,14,6
Kredi Ödemesi,2025-06-24,15,5
Kredi Ödemesi,2025-06-24,16,5
Kredi Ödemesi,2025-06-24,17,3
Kredi Ödemesi,2025-06-24,18,3
Kredi Ödemesi,2025-06-24,19,1
Kredi Ödemesi,2025-06-25,6,7
Kredi Ödemesi,2025-06-25,7,3
Kredi Ödemesi,2025-06-25,8,25
Kredi Ödemesi,2025-06-25,9,35
Kredi Ödemesi,2025-06-25,10,60
Kredi Ödemesi,2025-06-25,11,7
Kredi Ödemesi,2025-06-25,12,9
Kredi Ödemesi,2025-06-25,13,23
Kredi Ödemesi,2025-06-25,14,14
Kredi Ödemesi,2025-06-25,15,15
Kredi Ödemesi,2025-06-25,16,6
Kredi Ödemesi,2025-06-25,17,5
Kredi Ödemesi,2025-06-25,18,10
Kredi Ödemesi,2025-06-25,19,2
Kredi Ödemesi,2025-06-26,6,19
Kredi Ödemesi,2025-06-26,7,3
Kredi Ödemesi,2025-06-26,8,8
Kredi Ödemesi,2025-06-26,9,6
Kredi Ödemesi,2025-06-26,10,26
Kredi Ödemesi,2025-06-26,11,9
Kredi Ödemesi,2025-06-26,12,6
Kredi Ödemesi,2025-06-26,13,16
Kredi Ödemesi,2025-06-26,14,10
Kredi Ödemesi,2025-06-26,15,1
Kredi Ödemesi,2025-06-26,16,16
Kredi Ödemesi,2025-06-26,17,10
Kredi Ödemesi,2025-06-26,18,1
Kredi Ödemesi,2025-06-26,19,1
Kredi Ödemesi,2025-06-26,22,1
Kredi Ödemesi,2025-06-27,4,2
Kredi Ödemesi,2025-06-27,6,2
Kredi Ödemesi,2025-06-27,7,6
Kredi Ödemesi,2025-06-27,8,24
Kredi Ödemesi,2025-06-27,9,20
Kredi Ödemesi,2025-06-27,10,8
Kredi Ödemesi,2025-06-27,11,16
Kredi Ödemesi,2025-06-27,13,11
Kredi Ödemesi,2025-06-27,14,9
Kredi Ödemesi,2025-06-27,15,5
Kredi Ödemesi,2025-06-27,16,17
Kredi Ödemesi,2025-06-27,17,1
Kredi Ödemesi,2025-06-27,18,28
Kredi Ödemesi,2025-06-27,22,1
Kredi Ödemesi,2025-06-27,23,2
Kredi Ödemesi,2025-06-30,0,8
Kredi Ödemesi,2025-06-30,6,6
Kredi Ödemesi,2025-06-30,7,61
Kredi Ödemesi,2025-06-30,8,25
Kredi Ödemesi,2025-06-30,9,33
Kredi Ödemesi,2025-06-30,10,31
Kredi Ödemesi,2025-06-30,11,19
Kredi Ödemesi,2025-06-30,12,20
Kredi Ödemesi,2025-06-30,13,27
Kredi Ödemesi,2025-06-30,14,50
Kredi Ödemesi,2025-06-30,15,12
Kredi Ödemesi,2025-06-30,16,13
Kredi Ödemesi,2025-06-30,17,13
Kredi Ödemesi,2025-06-30,18,6
Kredi Ödemesi,2025-06-30,19,9
Kredi Ödemesi,2025-06-30,20,1
Kredi Ödemesi,2025-06-30,23,26
Mevduat,2024-01-02,7,1
Mevduat,2024-01-02,8,16
Mevduat,2024-01-02,9,9
Mevduat,2024-01-02,10,7
Mevduat,2024-01-02,11,1
Mevduat,2024-01-02,12,5
Mevduat,2024-01-02,13,19
Mevduat,2024-01-02,14,4
Mevduat,2024-01-02,15,17
Mevduat,2024-01-02,16,21
Mevduat,2024-01-02,17,3
Mevduat,2024-01-02,19,1
Mevduat,2024-01-03,6,1
Mevduat,2024-01-03,7,21
Mevduat,2024-01-03,8,10
Mevduat,2024-01-03,9,15
Mevduat,2024-01-03,10,17
Mevduat,2024-01-03,11,14
Mevduat,2024-01-03,12,1
Mevduat,2024-01-03,13,5
Mevduat,2024-01-03,14,20
Mevduat,2024-01-03,15,5
Mevduat,2024-01-03,16,7
Mevduat,2024-01-03,17,1
Mevduat,2024-01-03,18,2
Mevduat,2024-01-04,5,1
Mevduat,2024-01-04,7,12
Mevduat,2024-01-04,8,6
Mevduat,2024-01-04,9,44
Mevduat,2024-01-04,10,7
Mevduat,2024-01-04,11,4
Mevduat,2024-01-04,12,9
Mevduat,2024-01-04,13,9
Mevduat,2024-01-04,14,26
Mevduat,2024-01-04,15,20
Mevduat,2024-01-04,16,9
Mevduat,2024-01-04,17,18
Mevduat,2024-01-05,0,2
Mevduat,2024-01-05,6,1
Mevduat,2024-01-05,7,9
Mevduat,2024-01-05,8,35
Mevduat,2024-01-05,9,13
Mevduat,2024-01-05,10,15
Mevduat,2024-01-05,11,19
Mevduat,2024-01-05,12,2
Mevduat,2024-01-05,13,9
Mevduat,2024-01-05,14,4
Mevduat,2024-01-05,15,1
Mevduat,2024-01-05,16,5
Mevduat,2024-01-05,17,2
Mevduat,2024-01-05,20,1
Mevduat,2024-01-08,6,2
Mevduat,2024-01-08,7,2
Mevduat,2024-01-08,8,4
Mevduat,2024-01-08,9,8
Mevduat,2024-01-08,10,6
Mevduat,2024-01-08,11,10
Mevduat,2024-01-08,12,3
Mevduat,2024-01-08,13,4
Mevduat,2024-01-08,14,10
Mevduat,2024-01-08,15,7
Mevduat,2024-01-08,16,8
Mevduat,2024-01-08,17,31
Mevduat,2024-01-08,18,4
Mevduat,2024-01-09,6,2
Mevduat,2024-01-09,8,8
Mevduat,2024-01-09,9,10
Mevduat,2024-01-09,10,12
Mevduat,2024-01-09,11,6
Mevduat,2024-01-09,12,12
Mevduat,2024-01-09,13,9
Mevduat,2024-01-09,14,24
Mevduat,2024-01-09,15,31
Mevduat,2024-01-09,16,11
Mevduat,2024-01-09,17,9
Mevduat,2024-01-09,18,1
Mevduat,2024-01-09,20,1
Mevduat,2024-01-10,6,4
Mevduat,2024-01-10,7,11
Mevduat,2024-01-10,8,5
Mevduat,2024-01-10,9,32
Mevduat,2024-01-10,10,8
Mevduat,2024-01-10,11,1
Mevduat,2024-01-10,12,3
Mevduat,2024-01-10,13,8
Mevduat,2024-01-10,14,19
Mevduat,2024-01-10,15,12
Mevduat,2024-01-10,17,18
Mevduat,2024-01-10,18,2
Mevduat,2024-01-10,19,3
Mevduat,2024-01-10,22,3
Mevduat,2024-01-11,5,1
Mevduat,2024-01-11,7,4
Mevduat,2024-01-11,8,2
Mevduat,2024-01-11,9,4
Mevduat,2024-01-11,10,2
Mevduat,2024-01-11,11,2
Mevduat,2024-01-11,12,8
Mevduat,2024-01-11,14,2
Mevduat,2024-01-11,15,13
Mevduat,2024-01-11,16,2
Mevduat,2024-01-11,17,11
Mevduat,2024-01-12,5,1
Mevduat,2024-01-12,7,10
Mevduat,2024-01-12,8,25
Mevduat,2024-01-12,9,26
Mevduat,2024-01-12,10,46
Mevduat,2024-01-12,11,5
Mevduat,2024-01-12,12,22
Mevduat,2024-01-12,13,39
Mevduat,2024-01-12,14,16
Mevduat,2024-01-12,15,35
Mevduat,2024-01-12,16,3
Mevduat,2024-01-12,18,7
Mevduat,2024-01-12,22,5
Mevduat,2024-01-15,7,2
Mevduat,2024-01-15,8,29
Mevduat,2024-01-15,9,40
Mevduat,2024-01-15,10,33
Mevduat,2024-01-15,11,22
Mevduat,2024-01-15,12,9
Mevduat,2024-01-15,13,5
Mevduat,2024-01-15,14,18
Mevduat,2024-01-15,15,15
Mevduat,2024-01-15,16,1
Mevduat,2024-01-15,17,3
Mevduat,2024-01-15,18,7
Mevduat,2024-01-15,19,31
Mevduat,2024-01-15,23,5
Mevduat,2024-01-16,0,8
Mevduat,2024-01-16,3,2
Mevduat,2024-01-16,7,6
Mevduat,2024-01-16,8,28
Mevduat,2024-01-16,9,15
Mevduat,2024-01-16,10,35
Mevduat,2024-01-16,11,20
Mevduat,2024-01-16,12,3
Mevduat,2024-01-16,13,13
Mevduat,2024-01-16,14,24
Mevduat,2024-01-16,15,1
Mevduat,2024-01-16,16,6
Mevduat,2024-01-16,18,4
Mevduat,2024-01-16,22,1
Mevduat,2024-01-17,4,2
Mevduat,2024-01-17,6,6
Mevduat,2024-01-17,7,12
Mevduat,2024-01-17,8,4
Mevduat,2024-01-17,9,7
Mevduat,2024-01-17,10,4
Mevduat,2024-01-17,11,12
Mevduat,2024-01-17,12,6
Mevduat,2024-01-17,13,8
Mevduat,2024-01-17,14,6
Mevduat,2024-01-17,15,3
Mevduat,2024-01-17,16,1
Mevduat,2024-01-17,17,5
Mevduat,2024-01-17,18,3
Mevduat,2024-01-17,20,2
Mevduat,2024-01-18,4,2
Mevduat,2024-01-18,7,9
Mevduat,2024-01-18,8,9
Mevduat,2024-01-18,9,20
Mevduat,2024-01-18,10,6
Mevduat,2024-01-18,11,14
Mevduat,2024-01-18,12,19
Mevduat,2024-01-18,13,1
Mevduat,2024-01-18,14,21
Mevduat,2024-01-18,15,12
Mevduat,2024-01-18,16,18
Mevduat,2024-01-18,19,1
Mevduat,2024-01-18,20,4
Mevduat,2024-01-19,3,1
Mevduat,2024-01-19,6,1
Mevduat,2024-01-19,7,3
Mevduat,2024-01-19,8,10
Mevduat,2024-01-19,9,10
Mevduat,2024-01-19,10,9
Mevduat,2024-01-19,11,7
Mevduat,2024-01-19,12,3
Mevduat,2024-01-19,13,16
Mevduat,2024-01-19,14,4
Mevduat,2024-01-19,15,7
Mevduat,2024-01-19,17,2
Mevduat,2024-01-19,18,1
Mevduat,2024-01-19,22,2
Mevduat,2024-01-22,5,2
Mevduat,2024-01-22,6,6
Mevduat,2024-01-22,7,15
Mevduat,2024-01-22,8,28
Mevduat,2024-01-22,9,92
Mevduat,2024-01-22,10,54
Mevduat,2024-01-22,11,40
Mevduat,2024-01-22,12,2
Mevduat,2024-01-22,13,10
Mevduat,2024-01-22,14,19
Mevduat,2024-01-22,15,26
Mevduat,2024-01-22,16,27
Mevduat,2024-01-22,17,30
Mevduat,2024-01-22,18,22
Mevduat,2024-01-22,19,3
Mevduat,2024-01-22,21,3
Mevduat,2024-01-22,23,16
Mevduat,2024-01-23,4,1
Mevduat,2024-01-23,6,13
Mevduat,2024-01-23,7,5
Mevduat,2024-01-23,8,9
Mevduat,2024-01-23,9,54
Mevduat,2024-01-23,10,24
Mevduat,2024-01-23,11,11
Mevduat,2024-01-23,12,8
Mevduat,2024-01-23,13,10
Mevduat,2024-01-23,14,5
Mevduat,2024-01-23,15,25
Mevduat,2024-01-23,16,14
Mevduat,2024-01-23,17,2
Mevduat,2024-01-23,18,16
Mevduat,2024-01-23,19,2
Mevduat,2024-01-24,7,5
Mevduat,2024-01-24,8,6
Mevduat,2024-01-24,9,42
Mevduat,2024-01-24,10,19
Mevduat,2024-01-24,11,16
Mevduat,2024-01-24,12,2
Mevduat,2024-01-24,13,9
Mevduat,2024-01-24,14,2
Mevduat,2024-01-24,15,25
Mevduat,2024-01-24,16,2
Mevduat,2024-01-24,17,5
Mevduat,2024-01-24,18,3
Mevduat,2024-01-25,6,1
Mevduat,2024-01-25,7,3
Mevduat,2024-01-25,8,11
Mevduat,2024-01-25,9,4
Mevduat,2024-01-25,10,2
Mevduat,2024-01-25,11,5
Mevduat,2024-01-25,12,3
Mevduat,2024-01-25,13,3
Mevduat,2024-01-25,14,6
Mevduat,2024-01-25,15,11
Mevduat,2024-01-25,16,11
Mevduat,2024-01-25,17,10
Mevduat,2024-01-25,18,2
Mevduat,2024-01-25,19,5
Mevduat,2024-01-25,21,2
Mevduat,2024-01-26,5,1
Mevduat,2024-01-26,8,18
Mevduat,2024-01-26,9,2
Mevduat,2024-01-26,10,6
Mevduat,2024-01-26,11,5
Mevduat,2024-01-26,12,1
Mevduat,2024-01-26,13,5
Mevduat,2024-01-26,14,5
Mevduat,2024-01-26,16,13
Mevduat,2024-01-26,18,3
Mevduat,2024-01-26,19,5
Mevduat,2024-01-26,23,4
Mevduat,2024-01-29,2,2
Mevduat,2024-01-29,3,6
Mevduat,2024-01-29,7,8
Mevduat,2024-01-29,8,4
Mevduat,2024-01-29,9,24
Mevduat,2024-01-29,10,36
Mevduat,2024-01-29,11,4
Mevduat,2024-01-29,12,3
Mevduat,2024-01-29,13,8
Mevduat,2024-01-29,14,46
Mevduat,2024-01-29,15,16
Mevduat,2024-01-29,16,8
Mevduat,2024-01-29,17,4
Mevduat,2024-01-29,18,4
Mevduat,2024-01-29,19,3
Mevduat,2024-01-29,22,3
Mevduat,2024-01-29,23,2
Mevduat,2024-01-30,1,1
Mevduat,2024-01-30,4,1
Mevduat,2024-01-30,6,1
Mevduat,2024-01-30,7,7
Mevduat,2024-01-30,8,10
Mevduat,2024-01-30,9,40
Mevduat,2024-01-30,11,24
Mevduat,2024-01-30,12,7
Mevduat,2024-01-30,13,3
Mevduat,2024-01-30,14,2
Mevduat,2024-01-30,15,11
Mevduat,2024-01-30,16,10
Mevduat,2024-01-30,17,3
Mevduat,2024-01-30,18,13
Mevduat,2024-01-30,22,3
Mevduat,2024-01-30,23,2
Mevduat,2024-01-31,1,7
Mevduat,2024-01-31,7,11
Mevduat,2024-01-31,8,13
Mevduat,2024-01-31,9,22
Mevduat,2024-01-31,10,36
Mevduat,2024-01-31,11,5
Mevduat,2024-01-31,12,19
Mevduat,2024-01-31,13,13
Mevduat,2024-01-31,14,15
Mevduat,2024-01-31,15,12
Mevduat,2024-01-31,16,5
Mevduat,2024-01-31,17,2
Mevduat,2024-01-31,18,7
Mevduat,2024-01-31,21,2
Mevduat,2024-02-01,6,1
Mevduat,2024-02-01,7,8
Mevduat,2024-02-01,8,3
Mevduat,2024-02-01,9,14
Mevduat,2024-02-01,10,1
Mevduat,2024-02-01,11,3
Mevduat,2024-02-01,12,3
Mevduat,2024-02-01,13,15
Mevduat,2024-02-01,14,4
Mevduat,2024-02-01,15,2
Mevduat,2024-02-01,16,1
Mevduat,2024-02-01,17,3
Mevduat,2024-02-01,18,2
Mevduat,2024-02-02,6,6
Mevduat,2024-02-02,7,1
Mevduat,2024-02-02,8,6
Mevduat,2024-02-02,9,3
Mevduat,2024-02-02,10,6
Mevduat,2024-02-02,11,10
Mevduat,2024-02-02,12,1
Mevduat,2024-02-02,13,7
Mevduat,2024-02-02,14,4
Mevduat,2024-02-02,15,2
Mevduat,2024-02-02,18,1
Mevduat,2024-02-02,19,2
Mevduat,2024-02-02,23,4
Mevduat,2024-02-05,7,2
Mevduat,2024-02-05,8,3
Mevduat,2024-02-05,9,11
Mevduat,2024-02-05,10,21
Mevduat,2024-02-05,11,4
Mevduat,2024-02-05,12,4
Mevduat,2024-02-05,13,8
Mevduat,2024-02-05,14,11
Mevduat,2024-02-05,16,2
Mevduat,2024-02-06,6,2
Mevduat,2024-02-06,7,1
Mevduat,2024-02-06,8,1
Mevduat,2024-02-06,9,10
Mevduat,2024-02-06,10,4
Mevduat,2024-02-06,11,27
Mevduat,2024-02-06,12,7
Mevduat,2024-02-06,13,21
Mevduat,2024-02-06,14,23
Mevduat,2024-02-06,15,15
Mevduat,2024-02-06,16,16
Mevduat,2024-02-06,17,8
Mevduat,2024-02-06,18,8
Mevduat,2024-02-07,6,2
Mevduat,2024-02-07,7,3
Mevduat,2024-02-07,8,13
Mevduat,2024-02-07,9,17
Mevduat,2024-02-07,10,25
Mevduat,2024-02-07,11,15
Mevduat,2024-02-07,12,32
Mevduat,2024-02-07,13,2
Mevduat,2024-02-07,14,10
Mevduat,2024-02-07,15,13
Mevduat,2024-02-07,16,3
Mevduat,2024-02-07,17,19
Mevduat,2024-02-07,18,17
Mevduat,2024-02-07,23,2
Mevduat,2024-02-08,1,1
Mevduat,2024-02-08,7,16
Mevduat,2024-02-08,8,4
Mevduat,2024-02-08,9,8
Mevduat,2024-02-08,10,1
Mevduat,2024-02-08,11,6
Mevduat,2024-02-08,12,16
Mevduat,2024-02-08,13,2
Mevduat,2024-02-08,14,2
Mevduat,2024-02-08,15,7
Mevduat,2024-02-08,16,2
Mevduat,2024-02-08,17,2
Mevduat,2024-02-08,18,8
Mevduat,2024-02-08,19,6
Mevduat,2024-02-09,7,9
Mevduat,2024-02-09,8,12
Mevduat,2024-02-09,9,33
Mevduat,2024-02-09,10,6
Mevduat,2024-02-09,11,9
Mevduat,2024-02-09,12,7
Mevduat,2024-02-09,13,9
Mevduat,2024-02-09,14,10
Mevduat,2024-02-09,15,2
Mevduat,2024-02-09,16,7
Mevduat,2024-02-09,17,1
Mevduat,2024-02-12,4,16
Mevduat,2024-02-12,6,2
Mevduat,2024-02-12,7,4
Mevduat,2024-02-12,8,22
Mevduat,2024-02-12,9,11
Mevduat,2024-02-12,10,14
Mevduat,2024-02-12,11,2
Mevduat,2024-02-12,12,10
Mevduat,2024-02-12,13,25
Mevduat,2024-02-12,14,2
Mevduat,2024-02-12,15,7
Mevduat,2024-02-12,16,3
Mevduat,2024-02-12,17,4
Mevduat,2024-02-12,18,3
Mevduat,2024-02-12,19,2
Mevduat,2024-02-12,20,1
Mevduat,2024-02-12,21,8
Mevduat,2024-02-12,22,3
Mevduat,2024-02-13,7,1
Mevduat,2024-02-13,8,7
Mevduat,2024-02-13,9,30
Mevduat,2024-02-13,10,10
Mevduat,2024-02-13,11,22
Mevduat,2024-02-13,12,29
Mevduat,2024-02-13,13,30
Mevduat,2024-02-13,14,4
Mevduat,2024-02-13,15,12
Mevduat,2024-02-13,16,11
Mevduat,2024-02-13,17,18
Mevduat,2024-02-13,18,3
Mevduat,2024-02-13,19,7
Mevduat,2024-02-13,20,16
Mevduat,2024-02-13,23,6
Mevduat,2024-02-14,0,1
Mevduat,2024-02-14,4,2
Mevduat,2024-02-14,6,3
Mevduat,2024-02-14,7,6
Mevduat,2024-02-14,8,24
Mevduat,2024-02-14,9,20
Mevduat,2024-02-14,10,9
Mevduat,2024-02-14,11,34
Mevduat,2024-02-14,12,5
Mevduat,2024-02-14,13,20
Mevduat,2024-02-14,14,8
Mevduat,2024-02-14,15,11
Mevduat,2024-02-14,16,6
Mevduat,2024-02-14,17,4
Mevduat,2024-02-14,18,9
Mevduat,2024-02-14,19,2
Mevduat,2024-02-14,20,1
Mevduat,2024-02-14,21,11
Mevduat,2024-02-15,0,1
Mevduat,2024-02-15,6,6
Mevduat,2024-02-15,8,26
Mevduat,2024-02-15,9,10
Mevduat,2024-02-15,10,18
Mevduat,2024-02-15,11,9
Mevduat,2024-02-15,12,15
Mevduat,2024-02-15,13,61
Mevduat,2024-02-15,14,8
Mevduat,2024-02-15,15,16
Mevduat,2024-02-15,16,9
Mevduat,2024-02-15,17,5
Mevduat,2024-02-15,18,7
Mevduat,2024-02-15,19,1
Mevduat,2024-02-15,20,12
Mevduat,2024-02-15,21,1
Mevduat,2024-02-16,6,6
Mevduat,2024-02-16,7,7
Mevduat,2024-02-16,8,9
Mevduat,2024-02-16,9,10
Mevduat,2024-02-16,10,7
Mevduat,2024-02-16,11,7
Mevduat,2024-02-16,12,5
Mevduat,2024-02-16,13,15
Mevduat,2024-02-16,14,5
Mevduat,2024-02-16,15,2
Mevduat,2024-02-16,16,7
Mevduat,2024-02-16,17,1
Mevduat,2024-02-16,18,1
Mevduat,2024-02-16,21,3
Mevduat,2024-02-19,8,15
Mevduat,2024-02-19,9,11
Mevduat,2024-02-19,10,4
Mevduat,2024-02-19,11,31
Mevduat,2024-02-19,12,5
Mevduat,2024-02-19,13,1
Mevduat,2024-02-19,14,4
Mevduat,2024-02-19,15,22
Mevduat,2024-02-19,16,3
Mevduat,2024-02-19,17,4
Mevduat,2024-02-19,18,3
Mevduat,2024-02-19,21,4
Mevduat,2024-02-20,3,2
Mevduat,2024-02-20,4,3
Mevduat,2024-02-20,5,1
Mevduat,2024-02-20,6,2
Mevduat,2024-02-20,7,1
Mevduat,2024-02-20,8,12
Mevduat,2024-02-20,9,67
Mevduat,2024-02-20,10,52
Mevduat,2024-02-20,11,34
Mevduat,2024-02-20,12,15
Mevduat,2024-02-20,13,14
Mevduat,2024-02-20,14,26
Mevduat,2024-02-20,15,7
Mevduat,2024-02-20,16,10
Mevduat,2024-02-20,17,9
Mevduat,2024-02-20,18,4
Mevduat,2024-02-20,19,21
Mevduat,2024-02-21,6,11
Mevduat,2024-02-21,7,22
Mevduat,2024-02-21,8,9
Mevduat,2024-02-21,9,17
Mevduat,2024-02-21,10,5
Mevduat,2024-02-21,11,23
Mevduat,2024-02-21,12,21
Mevduat,2024-02-21,13,18
Mevduat,2024-02-21,14,14
Mevduat,2024-02-21,15,8
Mevduat,2024-02-21,16,10
Mevduat,2024-02-21,17,8
Mevduat,2024-02-21,18,3
Mevduat,2024-02-21,19,6
Mevduat,2024-02-22,6,2
Mevduat,2024-02-22,7,3
Mevduat,2024-02-22,8,16
Mevduat,2024-02-22,9,18
Mevduat,2024-02-22,10,1
Mevduat,2024-02-22,11,8
Mevduat,2024-02-22,12,12
Mevduat,2024-02-22,13,3
Mevduat,2024-02-22,14,11
Mevduat,2024-02-22,15,23
Mevduat,2024-02-22,16,12
Mevduat,2024-02-22,18,3
Mevduat,2024-02-22,19,3
Mevduat,2024-02-23,3,1
Mevduat,2024-02-23,6,1
Mevduat,2024-02-23,7,24
Mevduat,2024-02-23,8,8
Mevduat,2024-02-23,9,27
Mevduat,2024-02-23,10,22
Mevduat,2024-02-23,11,30
Mevduat,2024-02-23,12,13
Mevduat,2024-02-23,13,17
Mevduat,2024-02-23,14,3
Mevduat,2024-02-23,15,38
Mevduat,2024-02-23,17,2
Mevduat,2024-02-23,18,4
Mevduat,2024-02-23,19,2
Mevduat,2024-02-26,3,4
Mevduat,2024-02-26,7,21
Mevduat,2024-02-26,8,20
Mevduat,2024-02-26,9,30
Mevduat,2024-02-26,10,11
Mevduat,2024-02-26,11,7
Mevduat,2024-02-26,12,6
Mevduat,2024-02-26,13,28
Mevduat,2024-02-26,14,29
Mevduat,2024-02-26,16,8
Mevduat,2024-02-26,17,2
Mevduat,2024-02-26,18,11
Mevduat,2024-02-26,19,19
Mevduat,2024-02-26,21,1
Mevduat,2024-02-27,6,5
Mevduat,2024-02-27,7,2
Mevduat,2024-02-27,8,11
Mevduat,2024-02-27,9,17
Mevduat,2024-02-27,10,12
Mevduat,2024-02-27,11,10
Mevduat,2024-02-27,12,11
Mevduat,2024-02-27,13,45
Mevduat,2024-02-27,14,4
Mevduat,2024-02-27,15,31
Mevduat,2024-02-27,17,2
Mevduat,2024-02-27,18,1
Mevduat,2024-02-27,19,1
Mevduat,2024-02-27,20,2
Mevduat,2024-02-28,0,2
Mevduat,2024-02-28,1,1
Mevduat,2024-02-28,2,5
Mevduat,2024-02-28,6,4
Mevduat,2024-02-28,7,1
Mevduat,2024-02-28,8,5
Mevduat,2024-02-28,9,39
Mevduat,2024-02-28,10,5
Mevduat,2024-02-28,11,12
Mevduat,2024-02-28,12,7
Mevduat,2024-02-28,13,8
Mevduat,2024-02-28,14,4
Mevduat,2024-02-28,15,3
Mevduat,2024-02-28,16,6
Mevduat,2024-02-28,17,2
Mevduat,2024-02-28,19,3
Mevduat,2024-02-28,23,2
Mevduat,2024-02-29,0,3
Mevduat,2024-02-29,1,1
Mevduat,2024-02-29,4,3
Mevduat,2024-02-29,6,1
Mevduat,2024-02-29,7,5
Mevduat,2024-02-29,8,17
Mevduat,2024-02-29,9,29
Mevduat,2024-02-29,10,8
Mevduat,2024-02-29,11,16
Mevduat,2024-02-29,12,1
Mevduat,2024-02-29,13,2
Mevduat,2024-02-29,14,14
Mevduat,2024-02-29,15,4
Mevduat,2024-02-29,16,6
Mevduat,2024-02-29,17,1
Mevduat,2024-02-29,18,12
Mevduat,2024-02-29,19,4
Mevduat,2024-02-29,21,4
Mevduat,2024-02-29,22,3
Mevduat,2024-03-01,7,6
Mevduat,2024-03-01,8,6
Mevduat,2024-03-01,9,17
Mevduat,2024-03-01,10,3
Mevduat,2024-03-01,11,13
Mevduat,2024-03-01,12,18
Mevduat,2024-03-01,13,3
Mevduat,2024-03-01,14,4
Mevduat,2024-03-01,15,19
Mevduat,2024-03-01,16,3
Mevduat,2024-03-01,18,7
Mevduat,2024-03-01,22,1
Mevduat,2024-03-04,2,1
Mevduat,2024-03-04,7,6
Mevduat,2024-03-04,8,23
Mevduat,2024-03-04,9,18
Mevduat,2024-03-04,10,14
Mevduat,2024-03-04,11,7
Mevduat,2024-03-04,12,9
Mevduat,2024-03-04,13,5
Mevduat,2024-03-04,14,8
Mevduat,2024-03-04,15,14
Mevduat,2024-03-04,16,20
Mevduat,2024-03-04,17,3
Mevduat,2024-03-04,18,2
Mevduat,2024-03-05,6,10
Mevduat,2024-03-05,7,5
Mevduat,2024-03-05,8,16
Mevduat,2024-03-05,9,11
Mevduat,2024-03-05,10,21
Mevduat,2024-03-05,11,17
Mevduat,2024-03-05,12,3
Mevduat,2024-03-05,14,9
Mevduat,2024-03-05,15,1
Mevduat,2024-03-05,16,6
Mevduat,2024-03-05,18,2
Mevduat,2024-03-05,19,11
Mevduat,2024-03-05,20,13
Mevduat,2024-03-06,5,3
Mevduat,2024-03-06,8,15
Mevduat,2024-03-06,9,2
Mevduat,2024-03-06,10,20
Mevduat,2024-03-06,11,8
Mevduat,2024-03-06,12,5
Mevduat,2024-03-06,13,3
Mevduat,2024-03-06,14,6
Mevduat,2024-03-06,15,1
Mevduat,2024-03-06,16,21
Mevduat,2024-03-06,17,1
Mevduat,2024-03-06,18,25
Mevduat,2024-03-06,19,5
Mevduat,2024-03-06,22,1
Mevduat,2024-03-07,4,4
Mevduat,2024-03-07,6,3
Mevduat,2024-03-07,7,3
Mevduat,2024-03-07,8,22
Mevduat,2024-03-07,9,6
Mevduat,2024-03-07,10,15
Mevduat,2024-03-07,11,1
Mevduat,2024-03-07,12,5
Mevduat,2024-03-07,13,15
Mevduat,2024-03-07,14,6
Mevduat,2024-03-07,15,6
Mevduat,2024-03-07,16,21
Mevduat,2024-03-07,17,4
Mevduat,2024-03-07,18,10
Mevduat,2024-03-08,7,11
Mevduat,2024-03-08,8,12
Mevduat,2024-03-08,9,6
Mevduat,2024-03-08,10,4
Mevduat,2024-03-08,11,5
Mevduat,2024-03-08,13,5
Mevduat,2024-03-08,14,7
Mevduat,2024-03-08,15,8
Mevduat,2024-03-08,16,2
Mevduat,2024-03-08,17,4
Mevduat,2024-03-11,3,6
Mevduat,2024-03-11,6,2
Mevduat,2024-03-11,7,26
Mevduat,2024-03-11,8,29
Mevduat,2024-03-11,9,41
Mevduat,2024-03-11,10,20
Mevduat,2024-03-11,11,20
Mevduat,2024-03-11,12,46
Mevduat,2024-03-11,13,22
Mevduat,2024-03-11,14,26
Mevduat,2024-03-11,15,33
Mevduat,2024-03-11,16,39
Mevduat,2024-03-11,17,13
Mevduat,2024-03-11,18,1
Mevduat,2024-03-11,19,7
Mevduat,2024-03-11,22,1
Mevduat,2024-03-12,2,5
Mevduat,2024-03-12,6,3
Mevduat,2024-03-12,8,7
Mevduat,2024-03-12,9,20
Mevduat,2024-03-12,10,3
Mevduat,2024-03-12,11,1
Mevduat,2024-03-12,13,7
Mevduat,2024-03-12,14,7
Mevduat,2024-03-12,15,6
Mevduat,2024-03-12,16,2
Mevduat,2024-03-12,17,6
Mevduat,2024-03-12,19,7
Mevduat,2024-03-12,23,2
Mevduat,2024-03-13,7,3
Mevduat,2024-03-13,8,13
Mevduat,2024-03-13,9,15
Mevduat,2024-03-13,10,12
Mevduat,2024-03-13,11,1
Mevduat,2024-03-13,12,6
Mevduat,2024-03-13,13,6
Mevduat,2024-03-13,14,8
Mevduat,2024-03-13,15,5
Mevduat,2024-03-13,16,8
Mevduat,2024-03-13,17,11
Mevduat,2024-03-13,18,10
Mevduat,2024-03-13,19,3
Mevduat,2024-03-14,5,1
Mevduat,2024-03-14,6,1
Mevduat,2024-03-14,7,8
Mevduat,2024-03-14,8,28
Mevduat,2024-03-14,9,11
Mevduat,2024-03-14,10,21
Mevduat,2024-03-14,11,19
Mevduat,2024-03-14,12,3
Mevduat,2024-03-14,13,1
Mevduat,2024-03-14,14,37
Mevduat,2024-03-14,15,16
Mevduat,2024-03-14,17,1
Mevduat,2024-03-14,18,1
Mevduat,2024-03-15,7,2
Mevduat,2024-03-15,8,3
Mevduat,2024-03-15,9,5
Mevduat,2024-03-15,10,2
Mevduat,2024-03-15,11,1
Mevduat,2024-03-15,12,11
Mevduat,2024-03-15,13,12
Mevduat,2024-03-15,14,9
Mevduat,2024-03-15,15,3
Mevduat,2024-03-15,16,6
Mevduat,2024-03-15,17,11
Mevduat,2024-03-15,18,4
Mevduat,2024-03-15,19,6
Mevduat,2024-03-18,6,1
Mevduat,2024-03-18,7,1
Mevduat,2024-03-18,8,21
Mevduat,2024-03-18,9,6
Mevduat,2024-03-18,10,24
Mevduat,2024-03-18,11,16
Mevduat,2024-03-18,12,16
Mevduat,2024-03-18,13,16
Mevduat,2024-03-18,14,2
Mevduat,2024-03-18,15,13
Mevduat,2024-03-18,16,3
Mevduat,2024-03-18,17,5
Mevduat,2024-03-18,18,3
Mevduat,2024-03-18,19,3
Mevduat,2024-03-19,6,2
Mevduat,2024-03-19,7,6
Mevduat,2024-03-19,8,6
Mevduat,2024-03-19,9,6
Mevduat,2024-03-19,10,29
Mevduat,2024-03-19,11,7
Mevduat,2024-03-19,13,10
Mevduat,2024-03-19,14,2
Mevduat,2024-03-19,15,5
Mevduat,2024-03-19,17,1
Mevduat,2024-03-19,19,4
Mevduat,2024-03-20,7,5
Mevduat,2024-03-20,8,6
Mevduat,2024-03-20,9,12
Mevduat,2024-03-20,10,20
Mevduat,2024-03-20,11,7
Mevduat,2024-03-20,12,4
Mevduat,2024-03-20,13,7
Mevduat,2024-03-20,15,11
Mevduat,2024-03-20,16,6
Mevduat,2024-03-20,18,2
Mevduat,2024-03-21,5,1
Mevduat,2024-03-21,7,7
Mevduat,2024-03-21,8,12
Mevduat,2024-03-21,9,21
Mevduat,2024-03-21,10,22
Mevduat,2024-03-21,11,22
Mevduat,2024-03-21,12,11
Mevduat,2024-03-21,13,20
Mevduat,2024-03-21,14,11
Mevduat,2024-03-21,15,4
Mevduat,2024-03-21,16,12
Mevduat,2024-03-21,17,14
Mevduat,2024-03-21,18,18
Mevduat,2024-03-21,19,1
Mevduat,2024-03-22,3,1
Mevduat,2024-03-22,4,1
Mevduat,2024-03-22,6,3
Mevduat,2024-03-22,7,2
Mevduat,2024-03-22,8,5
Mevduat,2024-03-22,9,6
Mevduat,2024-03-22,10,3
Mevduat,2024-03-22,11,16
Mevduat,2024-03-22,12,5
Mevduat,2024-03-22,13,3
Mevduat,2024-03-22,14,21
Mevduat,2024-03-22,15,20
Mevduat,2024-03-22,16,2
Mevduat,2024-03-22,17,19
Mevduat,2024-03-22,18,4
Mevduat,2024-03-25,2,12
Mevduat,2024-03-25,3,1
Mevduat,2024-03-25,7,49
Mevduat,2024-03-25,8,48
Mevduat,2024-03-25,9,43
Mevduat,2024-03-25,10,16
Mevduat,2024-03-25,11,15
Mevduat,2024-03-25,12,10
Mevduat,2024-03-25,13,25
Mevduat,2024-03-25,14,35
Mevduat,2024-03-25,15,14
Mevduat,2024-03-25,16,51
Mevduat,2024-03-25,17,15
Mevduat,2024-03-25,18,12
Mevduat,2024-03-25,19,48
Mevduat,2024-03-26,4,1
Mevduat,2024-03-26,6,2
Mevduat,2024-03-26,7,6
Mevduat,2024-03-26,8,9
Mevduat,2024-03-26,9,14
Mevduat,2024-03-26,10,5
Mevduat,2024-03-26,11,1
Mevduat,2024-03-26,12,4
Mevduat,2024-03-26,13,4
Mevduat,2024-03-26,14,6
Mevduat,2024-03-26,15,7
Mevduat,2024-03-26,16,4
Mevduat,2024-03-26,17,7
Mevduat,2024-03-26,18,2
Mevduat,2024-03-26,23,1
Mevduat,2024-03-27,3,2
Mevduat,2024-03-27,6,13
Mevduat,2024-03-27,7,6
Mevduat,2024-03-27,8,17
Mevduat,2024-03-27,9,7
Mevduat,2024-03-27,10,13
Mevduat,2024-03-27,11,10
Mevduat,2024-03-27,12,1
Mevduat,2024-03-27,13,5
Mevduat,2024-03-27,14,5
Mevduat,2024-03-27,15,3
Mevduat,2024-03-27,16,4
Mevduat,2024-03-27,17,7
Mevduat,2024-03-27,19,18
Mevduat,2024-03-27,21,1
Mevduat,2024-03-28,5,3
Mevduat,2024-03-28,6,2
Mevduat,2024-03-28,7,4
Mevduat,2024-03-28,8,3
Mevduat,2024-03-28,9,21
Mevduat,2024-03-28,10,24
Mevduat,2024-03-28,11,11
Mevduat,2024-03-28,12,6
Mevduat,2024-03-28,13,10
Mevduat,2024-03-28,14,45
Mevduat,2024-03-28,15,10
Mevduat,2024-03-28,16,25
Mevduat,2024-03-28,17,3
Mevduat,2024-03-28,18,30
Mevduat,2024-03-28,19,2
Mevduat,2024-03-28,20,8
Mevduat,2024-03-29,7,13
Mevduat,2024-03-29,8,27
Mevduat,2024-03-29,9,9
Mevduat,2024-03-29,10,5
Mevduat,2024-03-29,11,18
Mevduat,2024-03-29,12,17
Mevduat,2024-03-29,13,9
Mevduat,2024-03-29,14,22
Mevduat,2024-03-29,15,22
Mevduat,2024-03-29,16,4
Mevduat,2024-03-29,17,11
Mevduat,2024-03-29,18,17
Mevduat,2024-04-01,0,12
Mevduat,2024-04-01,2,4
Mevduat,2024-04-01,7,7
Mevduat,2024-04-01,8,14
Mevduat,2024-04-01,9,38
Mevduat,2024-04-01,10,23
Mevduat,2024-04-01,11,26
Mevduat,2024-04-01,12,10
Mevduat,2024-04-01,13,6
Mevduat,2024-04-01,14,29
Mevduat,2024-04-01,15,11
Mevduat,2024-04-01,16,3
Mevduat,2024-04-01,17,3
Mevduat,2024-04-01,18,8
Mevduat,2024-04-01,19,1
Mevduat,2024-04-01,22,8
Mevduat,2024-04-02,6,1
Mevduat,2024-04-02,7,5
Mevduat,2024-04-02,8,8
Mevduat,2024-04-02,9,8
Mevduat,2024-04-02,10,3
Mevduat,2024-04-02,11,9
Mevduat,2024-04-02,12,10
Mevduat,2024-04-02,13,27
Mevduat,2024-04-02,14,8
Mevduat,2024-04-02,15,1
Mevduat,2024-04-02,16,19
Mevduat,2024-04-02,17,7
Mevduat,2024-04-02,18,11
Mevduat,2024-04-03,4,1
Mevduat,2024-04-03,6,17
Mevduat,2024-04-03,7,3
Mevduat,2024-04-03,8,13
Mevduat,2024-04-03,9,3
Mevduat,2024-04-03,10,14
Mevduat,2024-04-03,11,22
Mevduat,2024-04-03,12,3
Mevduat,2024-04-03,13,16
Mevduat,2024-04-03,14,14
Mevduat,2024-04-03,15,6
Mevduat,2024-04-03,18,1
Mevduat,2024-04-03,21,8
Mevduat,2024-04-04,0,1
Mevduat,2024-04-04,3,4
Mevduat,2024-04-04,6,6
Mevduat,2024-04-04,7,3
Mevduat,2024-04-04,8,49
Mevduat,2024-04-04,9,3
Mevduat,2024-04-04,10,7
Mevduat,2024-04-04,12,10
Mevduat,2024-04-04,13,7
Mevduat,2024-04-04,14,30
Mevduat,2024-04-04,15,5
Mevduat,2024-04-04,16,3
Mevduat,2024-04-04,17,2
Mevduat,2024-04-04,18,6
Mevduat,2024-04-05,1,7
Mevduat,2024-04-05,2,5
Mevduat,2024-04-05,7,9
Mevduat,2024-04-05,8,11
Mevduat,2024-04-05,9,23
Mevduat,2024-04-05,10,6
Mevduat,2024-04-05,11,3
Mevduat,2024-04-05,12,3
Mevduat,2024-04-05,13,1
Mevduat,2024-04-05,14,6
Mevduat,2024-04-05,15,20
Mevduat,2024-04-05,16,8
Mevduat,2024-04-05,19,6
Mevduat,2024-04-08,6,1
Mevduat,2024-04-08,7,1
Mevduat,2024-04-08,8,4
Mevduat,2024-04-08,9,12
Mevduat,2024-04-08,10,12
Mevduat,2024-04-08,11,4
Mevduat,2024-04-08,12,2
Mevduat,2024-04-08,13,4
Mevduat,2024-04-08,14,24
Mevduat,2024-04-08,15,27
Mevduat,2024-04-08,16,17
Mevduat,2024-04-08,17,1
Mevduat,2024-04-08,19,4
Mevduat,2024-04-08,22,1
Mevduat,2024-04-09,4,1
Mevduat,2024-04-09,7,12
Mevduat,2024-04-09,8,18
Mevduat,2024-04-09,9,3
Mevduat,2024-04-09,10,2
Mevduat,2024-04-09,11,5
Mevduat,2024-04-09,12,21
Mevduat,2024-04-09,13,5
Mevduat,2024-04-09,15,14
Mevduat,2024-04-09,16,1
Mevduat,2024-04-09,17,1
Mevduat,2024-04-09,18,3
Mevduat,2024-04-09,23,1
Mevduat,2024-04-15,4,3
Mevduat,2024-04-15,8,5
Mevduat,2024-04-15,9,23
Mevduat,2024-04-15,10,14
Mevduat,2024-04-15,11,26
Mevduat,2024-04-15,12,18
Mevduat,2024-04-15,13,13
Mevduat,2024-04-15,14,3
Mevduat,2024-04-15,15,1
Mevduat,2024-04-15,16,16
Mevduat,2024-04-15,19,1
Mevduat,2024-04-15,22,2
Mevduat,2024-04-16,6,1
Mevduat,2024-04-16,7,1
Mevduat,2024-04-16,8,3
Mevduat,2024-04-16,9,9
Mevduat,2024-04-16,10,8
Mevduat,2024-04-16,11,13
Mevduat,2024-04-16,12,6
Mevduat,2024-04-16,13,27
Mevduat,2024-04-16,14,2
Mevduat,2024-04-16,15,7
Mevduat,2024-04-16,17,2
Mevduat,2024-04-16,18,2
Mevduat,2024-04-16,19,1
Mevduat,2024-04-16,20,7
Mevduat,2024-04-16,21,2
Mevduat,2024-04-17,6,12
Mevduat,2024-04-17,7,9
Mevduat,2024-04-17,8,29
Mevduat,2024-04-17,9,9
Mevduat,2024-04-17,10,17
Mevduat,2024-04-17,11,5
Mevduat,2024-04-17,12,14
Mevduat,2024-04-17,13,3
Mevduat,2024-04-17,14,12
Mevduat,2024-04-17,15,34
Mevduat,2024-04-17,16,2
Mevduat,2024-04-17,17,8
Mevduat,2024-04-17,18,8
Mevduat,2024-04-17,19,4
Mevduat,2024-04-18,4,1
Mevduat,2024-04-18,6,8
Mevduat,2024-04-18,7,4
Mevduat,2024-04-18,8,16
Mevduat,2024-04-18,9,30
Mevduat,2024-04-18,10,25
Mevduat,2024-04-18,11,13
Mevduat,2024-04-18,12,4
Mevduat,2024-04-18,13,22
Mevduat,2024-04-18,14,7
Mevduat,2024-04-18,15,5
Mevduat,2024-04-18,16,11
Mevduat,2024-04-18,17,2
Mevduat,2024-04-18,18,5
Mevduat,2024-04-18,19,7
Mevduat,2024-04-18,21,1
Mevduat,2024-04-18,23,3
Mevduat,2024-04-19,2,4
Mevduat,2024-04-19,6,5
Mevduat,2024-04-19,7,11
Mevduat,2024-04-19,8,6
Mevduat,2024-04-19,9,9
Mevduat,2024-04-19,10,21
Mevduat,2024-04-19,11,13
Mevduat,2024-04-19,12,2
Mevduat,2024-04-19,13,7
Mevduat,2024-04-19,14,6
Mevduat,2024-04-19,15,1
Mevduat,2024-04-19,17,8
Mevduat,2024-04-19,18,12
Mevduat,2024-04-22,1,1
Mevduat,2024-04-22,3,3
Mevduat,2024-04-22,6,1
Mevduat,2024-04-22,7,5
Mevduat,2024-04-22,9,34
Mevduat,2024-04-22,10,49
Mevduat,2024-04-22,11,11
Mevduat,2024-04-22,12,1
Mevduat,2024-04-22,13,12
Mevduat,2024-04-22,14,33
Mevduat,2024-04-22,15,17
Mevduat,2024-04-22,16,12
Mevduat,2024-04-22,18,13
Mevduat,2024-04-22,19,1
Mevduat,2024-04-22,21,4
Mevduat,2024-04-24,0,7
Mevduat,2024-04-24,3,1
Mevduat,2024-04-24,6,18
Mevduat,2024-04-24,7,10
Mevduat,2024-04-24,8,12
Mevduat,2024-04-24,9,11
Mevduat,2024-04-24,10,20
Mevduat,2024-04-24,11,16
Mevduat,2024-04-24,12,7
Mevduat,2024-04-24,13,9
Mevduat,2024-04-24,14,3
Mevduat,2024-04-24,15,5
Mevduat,2024-04-24,16,8
Mevduat,2024-04-24,17,1
Mevduat,2024-04-24,18,1
Mevduat,2024-04-24,19,1
Mevduat,2024-04-24,22,4
Mevduat,2024-04-25,3,1
Mevduat,2024-04-25,5,1
Mevduat,2024-04-25,6,4
Mevduat,2024-04-25,7,10
Mevduat,2024-04-25,8,16
Mevduat,2024-04-25,9,3
Mevduat,2024-04-25,11,13
Mevduat,2024-04-25,12,17
Mevduat,2024-04-25,13,5
Mevduat,2024-04-25,14,10
Mevduat,2024-04-25,15,10
Mevduat,2024-04-25,16,2
Mevduat,2024-04-25,17,1
Mevduat,2024-04-25,19,6
Mevduat,2024-04-26,7,12
Mevduat,2024-04-26,8,24
Mevduat,2024-04-26,9,31
Mevduat,2024-04-26,10,24
Mevduat,2024-04-26,11,8
Mevduat,2024-04-26,12,38
Mevduat,2024-04-26,13,3
Mevduat,2024-04-26,14,2
Mevduat,2024-04-26,15,13
Mevduat,2024-04-26,16,3
Mevduat,2024-04-26,17,11
Mevduat,2024-04-26,18,1
Mevduat,2024-04-26,20,7
Mevduat,2024-04-29,6,15
Mevduat,2024-04-29,7,7
Mevduat,2024-04-29,8,31
Mevduat,2024-04-29,9,7
Mevduat,2024-04-29,10,27
Mevduat,2024-04-29,11,7
Mevduat,2024-04-29,12,19
Mevduat,2024-04-29,13,9
Mevduat,2024-04-29,14,43
Mevduat,2024-04-29,15,20
Mevduat,2024-04-29,16,4
Mevduat,2024-04-29,17,5
Mevduat,2024-04-29,18,1
Mevduat,2024-04-29,22,1
Mevduat,2024-04-30,1,2
Mevduat,2024-04-30,4,15
Mevduat,2024-04-30,7,2
Mevduat,2024-04-30,8,17
Mevduat,2024-04-30,9,2
Mevduat,2024-04-30,10,10
Mevduat,2024-04-30,11,4
Mevduat,2024-04-30,12,8
Mevduat,2024-04-30,13,3
Mevduat,2024-04-30,14,10
Mevduat,2024-04-30,15,3
Mevduat,2024-04-30,16,5
Mevduat,2024-04-30,17,9
Mevduat,2024-04-30,18,8
Mevduat,2024-04-30,19,5
Mevduat,2024-04-30,21,5
Mevduat,2024-04-30,22,3
Mevduat,2024-05-02,2,2
Mevduat,2024-05-02,4,2
Mevduat,2024-05-02,6,2
Mevduat,2024-05-02,7,5
Mevduat,2024-05-02,8,18
Mevduat,2024-05-02,9,15
Mevduat,2024-05-02,10,1
Mevduat,2024-05-02,11,30
Mevduat,2024-05-02,12,13
Mevduat,2024-05-02,13,3
Mevduat,2024-05-02,15,8
Mevduat,2024-05-02,16,5
Mevduat,2024-05-02,17,7
Mevduat,2024-05-02,18,4
Mevduat,2024-05-03,2,1
Mevduat,2024-05-03,3,1
Mevduat,2024-05-03,7,2
Mevduat,2024-05-03,8,3
Mevduat,2024-05-03,9,12
Mevduat,2024-05-03,10,13
Mevduat,2024-05-03,11,7
Mevduat,2024-05-03,12,5
Mevduat,2024-05-03,13,3
Mevduat,2024-05-03,14,34
Mevduat,2024-05-03,15,2
Mevduat,2024-05-03,16,28
Mevduat,2024-05-03,17,18
Mevduat,2024-05-03,19,2
Mevduat,2024-05-06,0,4
Mevduat,2024-05-06,2,3
Mevduat,2024-05-06,7,1
Mevduat,2024-05-06,8,16
Mevduat,2024-05-06,9,25
Mevduat,2024-05-06,10,38
Mevduat,2024-05-06,11,54
Mevduat,2024-05-06,12,29
Mevduat,2024-05-06,13,10
Mevduat,2024-05-06,14,31
Mevduat,2024-05-06,15,39
Mevduat,2024-05-06,16,7
Mevduat,2024-05-06,17,12
Mevduat,2024-05-06,19,2
Mevduat,2024-05-06,20,1
Mevduat,2024-05-06,22,1
Mevduat,2024-05-07,2,8
Mevduat,2024-05-07,6,1
Mevduat,2024-05-07,7,9
Mevduat,2024-05-07,8,4
Mevduat,2024-05-07,9,8
Mevduat,2024-05-07,10,21
Mevduat,2024-05-07,11,11
Mevduat,2024-05-07,12,4
Mevduat,2024-05-07,13,1
Mevduat,2024-05-07,14,12
Mevduat,2024-05-07,15,12
Mevduat,2024-05-07,16,6
Mevduat,2024-05-07,17,3
Mevduat,2024-05-07,18,4
Mevduat,2024-05-07,19,1
Mevduat,2024-05-08,8,16
Mevduat,2024-05-08,9,15
Mevduat,2024-05-08,10,8
Mevduat,2024-05-08,11,7
Mevduat,2024-05-08,12,9
Mevduat,2024-05-08,13,4
Mevduat,2024-05-08,14,12
Mevduat,2024-05-08,15,1
Mevduat,2024-05-08,17,1
Mevduat,2024-05-09,3,20
Mevduat,2024-05-09,5,1
Mevduat,2024-05-09,6,1
Mevduat,2024-05-09,7,6
Mevduat,2024-05-09,8,7
Mevduat,2024-05-09,9,8
Mevduat,2024-05-09,10,16
Mevduat,2024-05-09,11,5
Mevduat,2024-05-09,13,10
Mevduat,2024-05-09,14,3
Mevduat,2024-05-09,15,16
Mevduat,2024-05-09,17,10
Mevduat,2024-05-09,19,4
Mevduat,2024-05-09,22,6
Mevduat,2024-05-10,7,15
Mevduat,2024-05-10,8,11
Mevduat,2024-05-10,9,14
Mevduat,2024-05-10,10,24
Mevduat,2024-05-10,11,9
Mevduat,2024-05-10,12,11
Mevduat,2024-05-10,13,15
Mevduat,2024-05-10,14,3
Mevduat,2024-05-10,15,12
Mevduat,2024-05-10,16,4
Mevduat,2024-05-10,17,5
Mevduat,2024-05-10,18,13
Mevduat,2024-05-13,3,2
Mevduat,2024-05-13,5,2
Mevduat,2024-05-13,7,3
Mevduat,2024-05-13,8,11
Mevduat,2024-05-13,9,10
Mevduat,2024-05-13,10,29
Mevduat,2024-05-13,11,37
Mevduat,2024-05-13,12,7
Mevduat,2024-05-13,13,5
Mevduat,2024-05-13,14,5
Mevduat,2024-05-13,15,24
Mevduat,2024-05-13,18,1
Mevduat,2024-05-13,19,1
Mevduat,2024-05-14,2,1
Mevduat,2024-05-14,4,1
Mevduat,2024-05-14,6,2
Mevduat,2024-05-14,8,9
Mevduat,2024-05-14,9,4
Mevduat,2024-05-14,10,7
Mevduat,2024-05-14,11,14
Mevduat,2024-05-14,13,6
Mevduat,2024-05-14,14,8
Mevduat,2024-05-14,15,4
Mevduat,2024-05-14,16,18
Mevduat,2024-05-14,17,4
Mevduat,2024-05-14,19,1
Mevduat,2024-05-15,0,2
Mevduat,2024-05-15,3,12
Mevduat,2024-05-15,4,2
Mevduat,2024-05-15,7,9
Mevduat,2024-05-15,8,7
Mevduat,2024-05-15,9,6
Mevduat,2024-05-15,10,19
Mevduat,2024-05-15,11,1
Mevduat,2024-05-15,13,19
Mevduat,2024-05-15,14,8
Mevduat,2024-05-15,16,7
Mevduat,2024-05-15,17,2
Mevduat,2024-05-15,18,3
Mevduat,2024-05-15,19,7
Mevduat,2024-05-16,6,2
Mevduat,2024-05-16,7,15
Mevduat,2024-05-16,8,15
Mevduat,2024-05-16,9,6
Mevduat,2024-05-16,10,3
Mevduat,2024-05-16,11,44
Mevduat,2024-05-16,12,6
Mevduat,2024-05-16,13,13
Mevduat,2024-05-16,14,7
Mevduat,2024-05-16,15,3
Mevduat,2024-05-16,16,14
Mevduat,2024-05-16,17,9
Mevduat,2024-05-16,18,2
Mevduat,2024-05-16,21,2
Mevduat,2024-05-16,23,1
Mevduat,2024-05-17,1,3
Mevduat,2024-05-17,2,1
Mevduat,2024-05-17,8,6
Mevduat,2024-05-17,9,20
Mevduat,2024-05-17,10,7
Mevduat,2024-05-17,11,10
Mevduat,2024-05-17,12,6
Mevduat,2024-05-17,13,2
Mevduat,2024-05-17,14,2
Mevduat,2024-05-17,15,13
Mevduat,2024-05-17,17,1
Mevduat,2024-05-17,18,4
Mevduat,2024-05-17,23,1
Mevduat,2024-05-20,6,4
Mevduat,2024-05-20,7,9
Mevduat,2024-05-20,8,16
Mevduat,2024-05-20,9,20
Mevduat,2024-05-20,10,2
Mevduat,2024-05-20,11,11
Mevduat,2024-05-20,12,5
Mevduat,2024-05-20,13,6
Mevduat,2024-05-20,14,4
Mevduat,2024-05-20,16,5
Mevduat,2024-05-20,17,10
Mevduat,2024-05-20,19,5
Mevduat,2024-05-21,6,7
Mevduat,2024-05-21,7,7
Mevduat,2024-05-21,8,35
Mevduat,2024-05-21,9,27
Mevduat,2024-05-21,10,30
Mevduat,2024-05-21,11,12
Mevduat,2024-05-21,12,25
Mevduat,2024-05-21,13,27
Mevduat,2024-05-21,14,20
Mevduat,2024-05-21,15,10
Mevduat,2024-05-21,17,8
Mevduat,2024-05-21,18,1
Mevduat,2024-05-21,19,5
Mevduat,2024-05-22,4,2
Mevduat,2024-05-22,6,1
Mevduat,2024-05-22,7,7
Mevduat,2024-05-22,8,12
Mevduat,2024-05-22,9,8
Mevduat,2024-05-22,10,13
Mevduat,2024-05-22,11,18
Mevduat,2024-05-22,12,5
Mevduat,2024-05-22,13,4
Mevduat,2024-05-22,14,10
Mevduat,2024-05-22,15,13
Mevduat,2024-05-22,16,1
Mevduat,2024-05-22,17,12
Mevduat,2024-05-22,18,2
Mevduat,2024-05-22,22,3
Mevduat,2024-05-23,2,1
Mevduat,2024-05-23,4,8
Mevduat,2024-05-23,7,5
Mevduat,2024-05-23,8,6
Mevduat,2024-05-23,9,37
Mevduat,2024-05-23,10,44
Mevduat,2024-05-23,11,4
Mevduat,2024-05-23,13,26
Mevduat,2024-05-23,14,16
Mevduat,2024-05-23,15,9
Mevduat,2024-05-23,16,8
Mevduat,2024-05-23,18,12
Mevduat,2024-05-23,19,1
Mevduat,2024-05-24,6,1
Mevduat,2024-05-24,7,5
Mevduat,2024-05-24,8,10
Mevduat,2024-05-24,9,5
Mevduat,2024-05-24,10,12
Mevduat,2024-05-24,11,6
Mevduat,2024-05-24,12,9
Mevduat,2024-05-24,14,2
Mevduat,2024-05-24,15,8
Mevduat,2024-05-24,16,6
Mevduat,2024-05-24,18,1
Mevduat,2024-05-24,19,1
Mevduat,2024-05-24,21,4
Mevduat,2024-05-24,22,1
Mevduat,2024-05-27,6,7
Mevduat,2024-05-27,7,1
Mevduat,2024-05-27,8,12
Mevduat,2024-05-27,9,26
Mevduat,2024-05-27,10,11
Mevduat,2024-05-27,11,24
Mevduat,2024-05-27,12,13
Mevduat,2024-05-27,13,12
Mevduat,2024-05-27,14,33
Mevduat,2024-05-27,15,13
Mevduat,2024-05-27,16,15
Mevduat,2024-05-27,17,6
Mevduat,2024-05-27,18,18
Mevduat,2024-05-27,19,3
Mevduat,2024-05-28,7,1
Mevduat,2024-05-28,8,28
Mevduat,2024-05-28,9,6
Mevduat,2024-05-28,10,31
Mevduat,2024-05-28,11,11
Mevduat,2024-05-28,12,8
Mevduat,2024-05-28,13,3
Mevduat,2024-05-28,14,5
Mevduat,2024-05-28,15,3
Mevduat,2024-05-28,16,8
Mevduat,2024-05-28,17,5
Mevduat,2024-05-28,18,4
Mevduat,2024-05-28,21,3
Mevduat,2024-05-29,2,1
Mevduat,2024-05-29,4,1
Mevduat,2024-05-29,6,4
Mevduat,2024-05-29,7,5
Mevduat,2024-05-29,8,18
Mevduat,2024-05-29,9,19
Mevduat,2024-05-29,10,9
Mevduat,2024-05-29,11,23
Mevduat,2024-05-29,12,2
Mevduat,2024-05-29,13,2
Mevduat,2024-05-29,14,9
Mevduat,2024-05-29,15,4
Mevduat,2024-05-29,16,5
Mevduat,2024-05-29,17,1
Mevduat,2024-05-30,5,1
Mevduat,2024-05-30,6,1
Mevduat,2024-05-30,8,22
Mevduat,2024-05-30,9,18
Mevduat,2024-05-30,10,16
Mevduat,2024-05-30,11,2
Mevduat,2024-05-30,12,3
Mevduat,2024-05-30,13,18
Mevduat,2024-05-30,15,3
Mevduat,2024-05-30,16,13
Mevduat,2024-05-30,17,3
Mevduat,2024-05-30,18,2
Mevduat,2024-05-31,7,6
Mevduat,2024-05-31,8,5
Mevduat,2024-05-31,9,4
Mevduat,2024-05-31,10,13
Mevduat,2024-05-31,11,4
Mevduat,2024-05-31,12,8
Mevduat,2024-05-31,13,6
Mevduat,2024-05-31,14,7
Mevduat,2024-05-31,15,6
Mevduat,2024-05-31,16,3
Mevduat,2024-05-31,18,2
Mevduat,2024-05-31,19,1
Mevduat,2024-05-31,22,2
Mevduat,2024-06-03,3,1
Mevduat,2024-06-03,6,3
Mevduat,2024-06-03,7,3
Mevduat,2024-06-03,8,13
Mevduat,2024-06-03,9,24
Mevduat,2024-06-03,10,17
Mevduat,2024-06-03,11,10
Mevduat,2024-06-03,12,7
Mevduat,2024-06-03,13,25
Mevduat,2024-06-03,14,24
Mevduat,2024-06-03,15,17
Mevduat,2024-06-03,16,8
Mevduat,2024-06-04,0,1
Mevduat,2024-06-04,1,4
Mevduat,2024-06-04,6,11
Mevduat,2024-06-04,7,1
Mevduat,2024-06-04,8,5
Mevduat,2024-06-04,9,11
Mevduat,2024-06-04,10,9
Mevduat,2024-06-04,11,11
Mevduat,2024-06-04,12,5
Mevduat,2024-06-04,13,18
Mevduat,2024-06-04,14,20
Mevduat,2024-06-04,15,1
Mevduat,2024-06-04,16,4
Mevduat,2024-06-04,17,12
Mevduat,2024-06-04,18,2
Mevduat,2024-06-04,19,2
Mevduat,2024-06-04,20,2
Mevduat,2024-06-05,7,2
Mevduat,2024-06-05,8,8
Mevduat,2024-06-05,9,11
Mevduat,2024-06-05,10,13
Mevduat,2024-06-05,11,18
Mevduat,2024-06-05,12,7
Mevduat,2024-06-05,13,12
Mevduat,2024-06-05,14,4
Mevduat,2024-06-05,15,21
Mevduat,2024-06-05,16,12
Mevduat,2024-06-05,17,8
Mevduat,2024-06-05,18,12
Mevduat,2024-06-05,19,2
Mevduat,2024-06-06,6,1
Mevduat,2024-06-06,7,1
Mevduat,2024-06-06,8,12
Mevduat,2024-06-06,9,3
Mevduat,2024-06-06,10,16
Mevduat,2024-06-06,11,4
Mevduat,2024-06-06,12,5
Mevduat,2024-06-06,13,1
Mevduat,2024-06-06,14,7
Mevduat,2024-06-06,15,1
Mevduat,2024-06-06,16,5
Mevduat,2024-06-06,17,1
Mevduat,2024-06-06,19,3
Mevduat,2024-06-07,0,1
Mevduat,2024-06-07,6,1
Mevduat,2024-06-07,7,4
Mevduat,2024-06-07,8,12
Mevduat,2024-06-07,9,19
Mevduat,2024-06-07,10,26
Mevduat,2024-06-07,11,6
Mevduat,2024-06-07,12,19
Mevduat,2024-06-07,13,8
Mevduat,2024-06-07,14,4
Mevduat,2024-06-07,15,5
Mevduat,2024-06-07,16,13
Mevduat,2024-06-07,17,1
Mevduat,2024-06-07,18,9
Mevduat,2024-06-07,19,2
Mevduat,2024-06-07,20,9
Mevduat,2024-06-07,21,1
Mevduat,2024-06-07,22,1
Mevduat,2024-06-10,3,2
Mevduat,2024-06-10,5,2
Mevduat,2024-06-10,6,4
Mevduat,2024-06-10,7,6
Mevduat,2024-06-10,8,21
Mevduat,2024-06-10,9,7
Mevduat,2024-06-10,10,11
Mevduat,2024-06-10,11,7
Mevduat,2024-06-10,12,9
Mevduat,2024-06-10,13,7
Mevduat,2024-06-10,14,37
Mevduat,2024-06-10,15,18
Mevduat,2024-06-10,16,16
Mevduat,2024-06-10,17,2
Mevduat,2024-06-10,18,2
Mevduat,2024-06-11,0,1
Mevduat,2024-06-11,6,4
Mevduat,2024-06-11,7,13
Mevduat,2024-06-11,8,4
Mevduat,2024-06-11,9,17
Mevduat,2024-06-11,10,6
Mevduat,2024-06-11,11,9
Mevduat,2024-06-11,12,2
Mevduat,2024-06-11,13,3
Mevduat,2024-06-11,14,5
Mevduat,2024-06-11,15,12
Mevduat,2024-06-11,16,4
Mevduat,2024-06-11,17,11
Mevduat,2024-06-11,18,10
Mevduat,2024-06-12,0,3
Mevduat,2024-06-12,6,12
Mevduat,2024-06-12,7,3
Mevduat,2024-06-12,8,5
Mevduat,2024-06-12,9,8
Mevduat,2024-06-12,10,3
Mevduat,2024-06-12,11,6
Mevduat,2024-06-12,12,11
Mevduat,2024-06-12,13,11
Mevduat,2024-06-12,14,6
Mevduat,2024-06-12,15,1
Mevduat,2024-06-12,16,1
Mevduat,2024-06-12,18,6
Mevduat,2024-06-12,20,2
Mevduat,2024-06-13,6,2
Mevduat,2024-06-13,7,4
Mevduat,2024-06-13,8,34
Mevduat,2024-06-13,9,26
Mevduat,2024-06-13,10,17
Mevduat,2024-06-13,11,9
Mevduat,2024-06-13,12,13
Mevduat,2024-06-13,13,17
Mevduat,2024-06-13,14,19
Mevduat,2024-06-13,15,9
Mevduat,2024-06-13,16,6
Mevduat,2024-06-13,17,16
Mevduat,2024-06-13,18,22
Mevduat,2024-06-13,20,2
Mevduat,2024-06-14,0,1
Mevduat,2024-06-14,1,4
Mevduat,2024-06-14,3,2
Mevduat,2024-06-14,6,13
Mevduat,2024-06-14,7,4
Mevduat,2024-06-14,8,8
Mevduat,2024-06-14,9,10
Mevduat,2024-06-14,10,3
Mevduat,2024-06-14,12,20
Mevduat,2024-06-14,13,8
Mevduat,2024-06-14,14,17
Mevduat,2024-06-14,15,1
Mevduat,2024-06-14,16,15
Mevduat,2024-06-14,17,11
Mevduat,2024-06-14,18,7
Mevduat,2024-06-14,19,1
Mevduat,2024-06-14,23,1
Mevduat,2024-06-20,1,15
Mevduat,2024-06-20,6,26
Mevduat,2024-06-20,7,18
Mevduat,2024-06-20,8,33
Mevduat,2024-06-20,9,53
Mevduat,2024-06-20,10,39
Mevduat,2024-06-20,11,35
Mevduat,2024-06-20,12,23
Mevduat,2024-06-20,13,17
Mevduat,2024-06-20,14,24
Mevduat,2024-06-20,15,18
Mevduat,2024-06-20,16,11
Mevduat,2024-06-20,18,4
Mevduat,2024-06-20,19,1
Mevduat,2024-06-20,22,13
Mevduat,2024-06-20,23,2
Mevduat,2024-06-21,4,20
Mevduat,2024-06-21,5,3
Mevduat,2024-06-21,6,1
Mevduat,2024-06-21,7,16
Mevduat,2024-06-21,8,58
Mevduat,2024-06-21,9,6
Mevduat,2024-06-21,10,4
Mevduat,2024-06-21,11,11
Mevduat,2024-06-21,12,15
Mevduat,2024-06-21,13,10
Mevduat,2024-06-21,14,27
Mevduat,2024-06-21,15,7
Mevduat,2024-06-21,16,7
Mevduat,2024-06-21,17,10
Mevduat,2024-06-21,18,5
Mevduat,2024-06-21,21,3
Mevduat,2024-06-24,2,4
Mevduat,2024-06-24,6,6
Mevduat,2024-06-24,8,15
Mevduat,2024-06-24,9,9
Mevduat,2024-06-24,10,11
Mevduat,2024-06-24,11,27
Mevduat,2024-06-24,12,13
Mevduat,2024-06-24,13,10
Mevduat,2024-06-24,14,23
Mevduat,2024-06-24,15,4
Mevduat,2024-06-24,16,6
Mevduat,2024-06-24,17,2
Mevduat,2024-06-24,18,10
Mevduat,2024-06-24,19,2
Mevduat,2024-06-24,22,1
Mevduat,2024-06-25,3,5
Mevduat,2024-06-25,6,2
Mevduat,2024-06-25,7,18
Mevduat,2024-06-25,8,11
Mevduat,2024-06-25,9,46
Mevduat,2024-06-25,10,16
Mevduat,2024-06-25,11,11
Mevduat,2024-06-25,12,15
Mevduat,2024-06-25,13,24
Mevduat,2024-06-25,14,19
Mevduat,2024-06-25,15,3
Mevduat,2024-06-25,16,2
Mevduat,2024-06-26,0,1
Mevduat,2024-06-26,6,2
Mevduat,2024-06-26,7,2
Mevduat,2024-06-26,8,19
Mevduat,2024-06-26,9,14
Mevduat,2024-06-26,10,14
Mevduat,2024-06-26,11,16
Mevduat,2024-06-26,12,7
Mevduat,2024-06-26,13,4
Mevduat,2024-06-26,14,23
Mevduat,2024-06-26,15,5
Mevduat,2024-06-26,16,3
Mevduat,2024-06-26,17,6
Mevduat,2024-06-26,18,7
Mevduat,2024-06-27,2,1
Mevduat,2024-06-27,3,1
Mevduat,2024-06-27,6,8
Mevduat,2024-06-27,7,8
Mevduat,2024-06-27,8,3
Mevduat,2024-06-27,9,2
Mevduat,2024-06-27,10,14
Mevduat,2024-06-27,11,12
Mevduat,2024-06-27,12,11
Mevduat,2024-06-27,13,5
Mevduat,2024-06-27,14,2
Mevduat,2024-06-27,17,3
Mevduat,2024-06-27,18,12
Mevduat,2024-06-28,2,2
Mevduat,2024-06-28,6,8
Mevduat,2024-06-28,7,10
Mevduat,2024-06-28,8,16
Mevduat,2024-06-28,9,27
Mevduat,2024-06-28,10,6
Mevduat,2024-06-28,11,32
Mevduat,2024-06-28,12,6
Mevduat,2024-06-28,13,24
Mevduat,2024-06-28,14,10
Mevduat,2024-06-28,15,28
Mevduat,2024-06-28,16,4
Mevduat,2024-06-28,17,2
Mevduat,2024-06-28,18,4
Mevduat,2024-06-28,19,8
Mevduat,2024-06-28,21,1
Mevduat,2024-07-01,4,23
Mevduat,2024-07-01,5,1
Mevduat,2024-07-01,6,8
Mevduat,2024-07-01,7,29
Mevduat,2024-07-01,8,26
Mevduat,2024-07-01,9,10
Mevduat,2024-07-01,10,60
Mevduat,2024-07-01,11,27
Mevduat,2024-07-01,12,40
Mevduat,2024-07-01,13,38
Mevduat,2024-07-01,14,7
Mevduat,2024-07-01,15,21
Mevduat,2024-07-01,16,2
Mevduat,2024-07-01,17,10
Mevduat,2024-07-01,19,5
Mevduat,2024-07-01,23,2
Mevduat,2024-07-02,0,2
Mevduat,2024-07-02,6,2
Mevduat,2024-07-02,8,20
Mevduat,2024-07-02,9,19
Mevduat,2024-07-02,10,14
Mevduat,2024-07-02,11,8
Mevduat,2024-07-02,12,10
Mevduat,2024-07-02,13,1
Mevduat,2024-07-02,14,7
Mevduat,2024-07-02,15,20
Mevduat,2024-07-02,16,14
Mevduat,2024-07-02,17,17
Mevduat,2024-07-02,19,1
Mevduat,2024-07-03,1,1
Mevduat,2024-07-03,7,7
Mevduat,2024-07-03,8,7
Mevduat,2024-07-03,9,4
Mevduat,2024-07-03,10,13
Mevduat,2024-07-03,11,3
Mevduat,2024-07-03,12,5
Mevduat,2024-07-03,13,7
Mevduat,2024-07-03,14,4
Mevduat,2024-07-03,15,27
Mevduat,2024-07-03,16,4
Mevduat,2024-07-03,17,3
Mevduat,2024-07-03,19,3
Mevduat,2024-07-03,21,3
Mevduat,2024-07-03,23,2
Mevduat,2024-07-04,2,1
Mevduat,2024-07-04,5,1
Mevduat,2024-07-04,6,1
Mevduat,2024-07-04,7,7
Mevduat,2024-07-04,8,15
Mevduat,2024-07-04,9,26
Mevduat,2024-07-04,10,7
Mevduat,2024-07-04,11,9
Mevduat,2024-07-04,12,5
Mevduat,2024-07-04,13,10
Mevduat,2024-07-04,14,5
Mevduat,2024-07-04,15,28
Mevduat,2024-07-04,16,12
Mevduat,2024-07-04,17,4
Mevduat,2024-07-04,22,1
Mevduat,2024-07-05,5,2
Mevduat,2024-07-05,6,6
Mevduat,2024-07-05,7,10
Mevduat,2024-07-05,8,4
Mevduat,2024-07-05,9,22
Mevduat,2024-07-05,10,11
Mevduat,2024-07-05,11,11
Mevduat,2024-07-05,12,12
Mevduat,2024-07-05,13,1
Mevduat,2024-07-05,14,10
Mevduat,2024-07-05,15,1
Mevduat,2024-07-05,16,7
Mevduat,2024-07-05,18,6
Mevduat,2024-07-05,19,1
Mevduat,2024-07-08,1,3
Mevduat,2024-07-08,5,6
Mevduat,2024-07-08,7,26
Mevduat,2024-07-08,8,7
Mevduat,2024-07-08,9,27
Mevduat,2024-07-08,10,8
Mevduat,2024-07-08,11,17
Mevduat,2024-07-08,12,1
Mevduat,2024-07-08,13,11
Mevduat,2024-07-08,14,2
Mevduat,2024-07-08,15,13
Mevduat,2024-07-08,16,11
Mevduat,2024-07-08,17,8
Mevduat,2024-07-08,18,7
Mevduat,2024-07-08,19,1
Mevduat,2024-07-09,1,6
Mevduat,2024-07-09,2,1
Mevduat,2024-07-09,4,3
Mevduat,2024-07-09,7,12
Mevduat,2024-07-09,8,18
Mevduat,2024-07-09,9,45
Mevduat,2024-07-09,10,26
Mevduat,2024-07-09,11,36
Mevduat,2024-07-09,12,10
Mevduat,2024-07-09,13,6
Mevduat,2024-07-09,14,10
Mevduat,2024-07-09,15,4
Mevduat,2024-07-09,16,6
Mevduat,2024-07-09,18,1
Mevduat,2024-07-09,19,1
Mevduat,2024-07-10,4,2
Mevduat,2024-07-10,6,3
Mevduat,2024-07-10,7,5
Mevduat,2024-07-10,8,13
Mevduat,2024-07-10,9,12
Mevduat,2024-07-10,10,20
Mevduat,2024-07-10,11,18
Mevduat,2024-07-10,12,15
Mevduat,2024-07-10,13,7
Mevduat,2024-07-10,14,6
Mevduat,2024-07-10,15,7
Mevduat,2024-07-10,16,5
Mevduat,2024-07-10,17,5
Mevduat,2024-07-10,18,1
Mevduat,2024-07-11,2,8
Mevduat,2024-07-11,4,2
Mevduat,2024-07-11,7,13
Mevduat,2024-07-11,8,17
Mevduat,2024-07-11,9,5
Mevduat,2024-07-11,10,42
Mevduat,2024-07-11,11,5
Mevduat,2024-07-11,12,42
Mevduat,2024-07-11,13,2
Mevduat,2024-07-11,14,9
Mevduat,2024-07-11,15,18
Mevduat,2024-07-11,16,7
Mevduat,2024-07-11,17,9
Mevduat,2024-07-11,18,5
Mevduat,2024-07-11,19,3
Mevduat,2024-07-11,22,2
Mevduat,2024-07-12,0,2
Mevduat,2024-07-12,6,1
Mevduat,2024-07-12,7,13
Mevduat,2024-07-12,8,15
Mevduat,2024-07-12,9,2
Mevduat,2024-07-12,10,6
Mevduat,2024-07-12,11,4
Mevduat,2024-07-12,12,8
Mevduat,2024-07-12,13,19
Mevduat,2024-07-12,14,16
Mevduat,2024-07-12,15,9
Mevduat,2024-07-12,16,7
Mevduat,2024-07-12,17,1
Mevduat,2024-07-12,18,2
Mevduat,2024-07-12,19,3
Mevduat,2024-07-16,6,1
Mevduat,2024-07-16,7,10
Mevduat,2024-07-16,8,7
Mevduat,2024-07-16,9,12
Mevduat,2024-07-16,10,3
Mevduat,2024-07-16,11,24
Mevduat,2024-07-16,12,1
Mevduat,2024-07-16,13,2
Mevduat,2024-07-16,14,7
Mevduat,2024-07-16,15,7
Mevduat,2024-07-16,16,10
Mevduat,2024-07-17,3,1
Mevduat,2024-07-17,6,2
Mevduat,2024-07-17,7,17
Mevduat,2024-07-17,8,9
Mevduat,2024-07-17,9,22
Mevduat,2024-07-17,10,26
Mevduat,2024-07-17,11,50
Mevduat,2024-07-17,12,13
Mevduat,2024-07-17,13,24
Mevduat,2024-07-17,14,11
Mevduat,2024-07-17,15,10
Mevduat,2024-07-17,16,15
Mevduat,2024-07-17,17,2
Mevduat,2024-07-17,18,2
Mevduat,2024-07-17,19,3
Mevduat,2024-07-18,6,1
Mevduat,2024-07-18,7,4
Mevduat,2024-07-18,8,2
Mevduat,2024-07-18,9,8
Mevduat,2024-07-18,10,10
Mevduat,2024-07-18,11,5
Mevduat,2024-07-18,13,2
Mevduat,2024-07-18,14,3
Mevduat,2024-07-18,15,7
Mevduat,2024-07-18,16,5
Mevduat,2024-07-18,17,2
Mevduat,2024-07-18,18,1
Mevduat,2024-07-18,19,1
Mevduat,2024-07-18,21,4
Mevduat,2024-07-19,6,2
Mevduat,2024-07-19,7,1
Mevduat,2024-07-19,8,15
Mevduat,2024-07-19,9,11
Mevduat,2024-07-19,12,6
Mevduat,2024-07-19,13,2
Mevduat,2024-07-19,14,14
Mevduat,2024-07-19,15,2
Mevduat,2024-07-19,16,5
Mevduat,2024-07-19,17,6
Mevduat,2024-07-19,18,2
Mevduat,2024-07-22,1,1
Mevduat,2024-07-22,3,2
Mevduat,2024-07-22,4,1
Mevduat,2024-07-22,5,1
Mevduat,2024-07-22,6,4
Mevduat,2024-07-22,7,2
Mevduat,2024-07-22,8,28
Mevduat,2024-07-22,9,32
Mevduat,2024-07-22,10,37
Mevduat,2024-07-22,11,12
Mevduat,2024-07-22,12,5
Mevduat,2024-07-22,13,7
Mevduat,2024-07-22,14,6
Mevduat,2024-07-22,15,15
Mevduat,2024-07-22,16,12
Mevduat,2024-07-22,19,3
Mevduat,2024-07-22,20,3
Mevduat,2024-07-22,21,1
Mevduat,2024-07-23,6,7
Mevduat,2024-07-23,7,3
Mevduat,2024-07-23,8,28
Mevduat,2024-07-23,9,32
Mevduat,2024-07-23,10,31
Mevduat,2024-07-23,11,23
Mevduat,2024-07-23,12,3
Mevduat,2024-07-23,13,38
Mevduat,2024-07-23,14,18
Mevduat,2024-07-23,15,4
Mevduat,2024-07-23,16,19
Mevduat,2024-07-23,17,4
Mevduat,2024-07-23,19,35
Mevduat,2024-07-23,20,1
Mevduat,2024-07-24,1,1
Mevduat,2024-07-24,2,8
Mevduat,2024-07-24,4,2
Mevduat,2024-07-24,6,3
Mevduat,2024-07-24,7,6
Mevduat,2024-07-24,8,8
Mevduat,2024-07-24,9,12
Mevduat,2024-07-24,10,19
Mevduat,2024-07-24,11,4
Mevduat,2024-07-24,12,7
Mevduat,2024-07-24,13,18
Mevduat,2024-07-24,14,21
Mevduat,2024-07-24,15,2
Mevduat,2024-07-24,16,2
Mevduat,2024-07-24,17,8
Mevduat,2024-07-24,18,1
Mevduat,2024-07-24,21,4
Mevduat,2024-07-25,3,1
Mevduat,2024-07-25,4,3
Mevduat,2024-07-25,7,1
Mevduat,2024-07-25,8,1
Mevduat,2024-07-25,9,8
Mevduat,2024-07-25,10,2
Mevduat,2024-07-25,11,16
Mevduat,2024-07-25,12,3
Mevduat,2024-07-25,13,6
Mevduat,2024-07-25,14,4
Mevduat,2024-07-25,15,15
Mevduat,2024-07-25,16,2
Mevduat,2024-07-25,17,1
Mevduat,2024-07-25,18,4
Mevduat,2024-07-25,20,2
Mevduat,2024-07-26,8,19
Mevduat,2024-07-26,9,12
Mevduat,2024-07-26,10,16
Mevduat,2024-07-26,11,11
Mevduat,2024-07-26,12,18
Mevduat,2024-07-26,13,17
Mevduat,2024-07-26,14,7
Mevduat,2024-07-26,15,10
Mevduat,2024-07-26,16,5
Mevduat,2024-07-26,17,1
Mevduat,2024-07-26,18,6
Mevduat,2024-07-29,0,1
Mevduat,2024-07-29,2,2
Mevduat,2024-07-29,4,1
Mevduat,2024-07-29,6,1
Mevduat,2024-07-29,7,1
Mevduat,2024-07-29,8,17
Mevduat,2024-07-29,9,8
Mevduat,2024-07-29,10,19
Mevduat,2024-07-29,11,5
Mevduat,2024-07-29,12,14
Mevduat,2024-07-29,13,12
Mevduat,2024-07-29,14,7
Mevduat,2024-07-29,15,10
Mevduat,2024-07-29,16,40
Mevduat,2024-07-29,17,10
Mevduat,2024-07-29,18,12
Mevduat,2024-07-29,20,12
Mevduat,2024-07-29,22,1
Mevduat,2024-07-30,2,2
Mevduat,2024-07-30,4,4
Mevduat,2024-07-30,6,2
Mevduat,2024-07-30,7,3
Mevduat,2024-07-30,8,28
Mevduat,2024-07-30,9,28
Mevduat,2024-07-30,10,5
Mevduat,2024-07-30,11,6
Mevduat,2024-07-30,12,9
Mevduat,2024-07-30,13,14
Mevduat,2024-07-30,14,9
Mevduat,2024-07-30,15,2
Mevduat,2024-07-30,16,6
Mevduat,2024-07-30,23,6
Mevduat,2024-07-31,7,1
Mevduat,2024-07-31,8,36
Mevduat,2024-07-31,9,12
Mevduat,2024-07-31,10,20
Mevduat,2024-07-31,12,9
Mevduat,2024-07-31,13,9
Mevduat,2024-07-31,14,39
Mevduat,2024-07-31,15,17
Mevduat,2024-07-31,16,5
Mevduat,2024-07-31,18,7
Mevduat,2024-07-31,19,2
Mevduat,2024-07-31,20,2
Mevduat,2024-08-01,2,2
Mevduat,2024-08-01,4,2
Mevduat,2024-08-01,6,2
Mevduat,2024-08-01,7,2
Mevduat,2024-08-01,8,33
Mevduat,2024-08-01,9,1
Mevduat,2024-08-01,10,25
Mevduat,2024-08-01,11,10
Mevduat,2024-08-01,12,6
Mevduat,2024-08-01,13,4
Mevduat,2024-08-01,14,4
Mevduat,2024-08-01,15,5
Mevduat,2024-08-01,16,1
Mevduat,2024-08-01,18,4
Mevduat,2024-08-01,19,3
Mevduat,2024-08-01,22,1
Mevduat,2024-08-02,1,1
Mevduat,2024-08-02,7,1
Mevduat,2024-08-02,8,15
Mevduat,2024-08-02,9,10
Mevduat,2024-08-02,10,7
Mevduat,2024-08-02,11,9
Mevduat,2024-08-02,12,8
Mevduat,2024-08-02,13,6
Mevduat,2024-08-02,14,13
Mevduat,2024-08-02,15,2
Mevduat,2024-08-02,16,4
Mevduat,2024-08-02,17,3
Mevduat,2024-08-02,18,1
Mevduat,2024-08-02,19,10
Mevduat,2024-08-05,2,1
Mevduat,2024-08-05,4,1
Mevduat,2024-08-05,5,15
Mevduat,2024-08-05,6,3
Mevduat,2024-08-05,7,1
Mevduat,2024-08-05,8,14
Mevduat,2024-08-05,9,12
Mevduat,2024-08-05,10,26
Mevduat,2024-08-05,11,13
Mevduat,2024-08-05,12,18
Mevduat,2024-08-05,13,6
Mevduat,2024-08-05,14,29
Mevduat,2024-08-05,15,23
Mevduat,2024-08-05,16,2
Mevduat,2024-08-05,17,20
Mevduat,2024-08-05,19,1
Mevduat,2024-08-05,21,1
Mevduat,2024-08-06,5,2
Mevduat,2024-08-06,7,3
Mevduat,2024-08-06,8,18
Mevduat,2024-08-06,9,25
Mevduat,2024-08-06,10,11
Mevduat,2024-08-06,11,20
Mevduat,2024-08-06,12,1
Mevduat,2024-08-06,13,3
Mevduat,2024-08-06,14,16
Mevduat,2024-08-06,15,7
Mevduat,2024-08-06,16,8
Mevduat,2024-08-06,17,16
Mevduat,2024-08-06,18,1
Mevduat,2024-08-06,19,2
Mevduat,2024-08-07,6,1
Mevduat,2024-08-07,7,29
Mevduat,2024-08-07,8,16
Mevduat,2024-08-07,9,14
Mevduat,2024-08-07,10,20
Mevduat,2024-08-07,11,19
Mevduat,2024-08-07,12,1
Mevduat,2024-08-07,13,21
Mevduat,2024-08-07,14,13
Mevduat,2024-08-07,15,15
Mevduat,2024-08-07,16,4
Mevduat,2024-08-07,17,7
Mevduat,2024-08-07,18,3
Mevduat,2024-08-07,20,7
Mevduat,2024-08-08,5,1
Mevduat,2024-08-08,6,8
Mevduat,2024-08-08,7,10
Mevduat,2024-08-08,8,17
Mevduat,2024-08-08,9,12
Mevduat,2024-08-08,10,10
Mevduat,2024-08-08,11,13
Mevduat,2024-08-08,12,7
Mevduat,2024-08-08,13,17
Mevduat,2024-08-08,14,8
Mevduat,2024-08-08,15,4
Mevduat,2024-08-08,16,3
Mevduat,2024-08-08,18,3
Mevduat,2024-08-08,19,2
Mevduat,2024-08-08,21,1
Mevduat,2024-08-09,6,4
Mevduat,2024-08-09,8,8
Mevduat,2024-08-09,9,15
Mevduat,2024-08-09,10,21
Mevduat,2024-08-09,11,6
Mevduat,2024-08-09,12,1
Mevduat,2024-08-09,13,3
Mevduat,2024-08-09,14,16
Mevduat,2024-08-09,16,1
Mevduat,2024-08-09,17,4
Mevduat,2024-08-09,18,1
Mevduat,2024-08-09,19,3
Mevduat,2024-08-09,20,1
Mevduat,2024-08-09,21,2
Mevduat,2024-08-12,2,3
Mevduat,2024-08-12,6,16
Mevduat,2024-08-12,7,26
Mevduat,2024-08-12,8,7
Mevduat,2024-08-12,9,9
Mevduat,2024-08-12,10,17
Mevduat,2024-08-12,11,23
Mevduat,2024-08-12,12,32
Mevduat,2024-08-12,13,19
Mevduat,2024-08-12,14,13
Mevduat,2024-08-12,15,34
Mevduat,2024-08-12,16,11
Mevduat,2024-08-12,17,1
Mevduat,2024-08-12,18,4
Mevduat,2024-08-12,19,2
Mevduat,2024-08-12,21,1
Mevduat,2024-08-13,6,7
Mevduat,2024-08-13,7,16
Mevduat,2024-08-13,8,20
Mevduat,2024-08-13,9,13
Mevduat,2024-08-13,10,21
Mevduat,2024-08-13,11,9
Mevduat,2024-08-13,12,9
Mevduat,2024-08-13,13,7
Mevduat,2024-08-13,14,3
Mevduat,2024-08-13,15,38
Mevduat,2024-08-13,16,8
Mevduat,2024-08-13,18,4
Mevduat,2024-08-13,23,1
Mevduat,2024-08-14,1,4
Mevduat,2024-08-14,8,12
Mevduat,2024-08-14,9,11
Mevduat,2024-08-14,10,4
Mevduat,2024-08-14,11,23
Mevduat,2024-08-14,12,23
Mevduat,2024-08-14,13,2
Mevduat,2024-08-14,14,6
Mevduat,2024-08-14,16,19
Mevduat,2024-08-14,17,10
Mevduat,2024-08-14,23,1
Mevduat,2024-08-15,6,6
Mevduat,2024-08-15,7,4
Mevduat,2024-08-15,8,10
Mevduat,2024-08-15,9,10
Mevduat,2024-08-15,10,11
Mevduat,2024-08-15,11,30
Mevduat,2024-08-15,12,3
Mevduat,2024-08-15,13,14
Mevduat,2024-08-15,14,7
Mevduat,2024-08-15,15,25
Mevduat,2024-08-15,16,5
Mevduat,2024-08-16,4,1
Mevduat,2024-08-16,5,1
Mevduat,2024-08-16,6,3
Mevduat,2024-08-16,7,1
Mevduat,2024-08-16,8,19
Mevduat,2024-08-16,9,1
Mevduat,2024-08-16,10,8
Mevduat,2024-08-16,11,11
Mevduat,2024-08-16,12,5
Mevduat,2024-08-16,13,14
Mevduat,2024-08-16,14,25
Mevduat,2024-08-16,15,11
Mevduat,2024-08-16,16,9
Mevduat,2024-08-16,17,11
Mevduat,2024-08-16,18,1
Mevduat,2024-08-16,19,1
Mevduat,2024-08-19,6,1
Mevduat,2024-08-19,7,12
Mevduat,2024-08-19,8,9
Mevduat,2024-08-19,9,23
Mevduat,2024-08-19,10,9
Mevduat,2024-08-19,11,18
Mevduat,2024-08-19,12,40
Mevduat,2024-08-19,13,14
Mevduat,2024-08-19,14,14
Mevduat,2024-08-19,15,9
Mevduat,2024-08-19,16,13
Mevduat,2024-08-19,17,3
Mevduat,2024-08-19,18,16
Mevduat,2024-08-19,19,8
Mevduat,2024-08-19,20,2
Mevduat,2024-08-20,5,1
Mevduat,2024-08-20,7,4
Mevduat,2024-08-20,8,5
Mevduat,2024-08-20,9,6
Mevduat,2024-08-20,10,19
Mevduat,2024-08-20,11,29
Mevduat,2024-08-20,12,18
Mevduat,2024-08-20,13,23
Mevduat,2024-08-20,14,29
Mevduat,2024-08-20,15,2
Mevduat,2024-08-20,16,4
Mevduat,2024-08-20,17,6
Mevduat,2024-08-20,21,1
Mevduat,2024-08-20,22,3
Mevduat,2024-08-21,5,2
Mevduat,2024-08-21,7,1
Mevduat,2024-08-21,8,12
Mevduat,2024-08-21,9,8
Mevduat,2024-08-21,10,7
Mevduat,2024-08-21,11,23
Mevduat,2024-08-21,12,3
Mevduat,2024-08-21,13,5
Mevduat,2024-08-21,14,10
Mevduat,2024-08-21,15,17
Mevduat,2024-08-21,16,1
Mevduat,2024-08-21,18,11
Mevduat,2024-08-21,19,2
Mevduat,2024-08-21,20,1
Mevduat,2024-08-22,7,1
Mevduat,2024-08-22,8,12
Mevduat,2024-08-22,9,3
Mevduat,2024-08-22,10,13
Mevduat,2024-08-22,11,6
Mevduat,2024-08-22,12,2
Mevduat,2024-08-22,13,2
Mevduat,2024-08-22,14,7
Mevduat,2024-08-22,15,11
Mevduat,2024-08-22,16,1
Mevduat,2024-08-22,17,5
Mevduat,2024-08-22,21,1
Mevduat,2024-08-23,7,4
Mevduat,2024-08-23,8,7
Mevduat,2024-08-23,9,19
Mevduat,2024-08-23,10,19
Mevduat,2024-08-23,11,4
Mevduat,2024-08-23,12,1
Mevduat,2024-08-23,13,6
Mevduat,2024-08-23,14,6
Mevduat,2024-08-23,15,3
Mevduat,2024-08-23,16,1
Mevduat,2024-08-23,17,1
Mevduat,2024-08-23,18,9
Mevduat,2024-08-23,19,2
Mevduat,2024-08-26,2,13
Mevduat,2024-08-26,3,1
Mevduat,2024-08-26,6,1
Mevduat,2024-08-26,7,1
Mevduat,2024-08-26,8,57
Mevduat,2024-08-26,9,10
Mevduat,2024-08-26,10,53
Mevduat,2024-08-26,11,9
Mevduat,2024-08-26,12,18
Mevduat,2024-08-26,13,41
Mevduat,2024-08-26,14,7
Mevduat,2024-08-26,15,20
Mevduat,2024-08-26,16,56
Mevduat,2024-08-26,17,2
Mevduat,2024-08-26,18,2
Mevduat,2024-08-26,19,1
Mevduat,2024-08-26,21,17
Mevduat,2024-08-27,6,3
Mevduat,2024-08-27,7,1
Mevduat,2024-08-27,8,28
Mevduat,2024-08-27,9,13
Mevduat,2024-08-27,10,3
Mevduat,2024-08-27,11,8
Mevduat,2024-08-27,12,31
Mevduat,2024-08-27,13,30
Mevduat,2024-08-27,14,7
Mevduat,2024-08-27,15,21
Mevduat,2024-08-27,16,4
Mevduat,2024-08-27,17,5
Mevduat,2024-08-27,18,10
Mevduat,2024-08-27,19,3
Mevduat,2024-08-28,6,3
Mevduat,2024-08-28,7,20
Mevduat,2024-08-28,8,39
Mevduat,2024-08-28,9,6
Mevduat,2024-08-28,10,15
Mevduat,2024-08-28,11,22
Mevduat,2024-08-28,12,7
Mevduat,2024-08-28,13,9
Mevduat,2024-08-28,14,18
Mevduat,2024-08-28,15,3
Mevduat,2024-08-28,16,3
Mevduat,2024-08-28,17,11
Mevduat,2024-08-28,18,5
Mevduat,2024-08-29,1,18
Mevduat,2024-08-29,6,9
Mevduat,2024-08-29,7,12
Mevduat,2024-08-29,8,5
Mevduat,2024-08-29,9,7
Mevduat,2024-08-29,10,26
Mevduat,2024-08-29,11,22
Mevduat,2024-08-29,12,18
Mevduat,2024-08-29,13,5
Mevduat,2024-08-29,14,8
Mevduat,2024-08-29,15,7
Mevduat,2024-08-29,17,7
Mevduat,2024-08-29,19,1
Mevduat,2024-08-29,22,7
Mevduat,2024-09-02,1,1
Mevduat,2024-09-02,5,1
Mevduat,2024-09-02,6,26
Mevduat,2024-09-02,7,2
Mevduat,2024-09-02,8,7
Mevduat,2024-09-02,9,17
Mevduat,2024-09-02,10,18
Mevduat,2024-09-02,11,12
Mevduat,2024-09-02,12,15
Mevduat,2024-09-02,13,11
Mevduat,2024-09-02,14,19
Mevduat,2024-09-02,15,19
Mevduat,2024-09-02,16,33
Mevduat,2024-09-02,17,14
Mevduat,2024-09-02,18,14
Mevduat,2024-09-02,22,2
Mevduat,2024-09-03,5,14
Mevduat,2024-09-03,6,5
Mevduat,2024-09-03,7,9
Mevduat,2024-09-03,8,13
Mevduat,2024-09-03,9,31
Mevduat,2024-09-03,10,2
Mevduat,2024-09-03,11,31
Mevduat,2024-09-03,12,33
Mevduat,2024-09-03,13,7
Mevduat,2024-09-03,14,6
Mevduat,2024-09-03,15,11
Mevduat,2024-09-03,16,14
Mevduat,2024-09-03,17,3
Mevduat,2024-09-03,19,5
Mevduat,2024-09-04,2,1
Mevduat,2024-09-04,6,1
Mevduat,2024-09-04,7,6
Mevduat,2024-09-04,8,9
Mevduat,2024-09-04,9,2
Mevduat,2024-09-04,10,16
Mevduat,2024-09-04,11,9
Mevduat,2024-09-04,12,12
Mevduat,2024-09-04,14,1
Mevduat,2024-09-04,15,4
Mevduat,2024-09-04,16,9
Mevduat,2024-09-04,18,3
Mevduat,2024-09-04,19,1
Mevduat,2024-09-04,23,1
Mevduat,2024-09-05,2,1
Mevduat,2024-09-05,5,1
Mevduat,2024-09-05,6,1
Mevduat,2024-09-05,7,18
Mevduat,2024-09-05,8,8
Mevduat,2024-09-05,9,25
Mevduat,2024-09-05,10,24
Mevduat,2024-09-05,11,8
Mevduat,2024-09-05,12,10
Mevduat,2024-09-05,13,9
Mevduat,2024-09-05,14,20
Mevduat,2024-09-05,15,2
Mevduat,2024-09-05,17,13
Mevduat,2024-09-05,18,14
Mevduat,2024-09-06,0,1
Mevduat,2024-09-06,1,1
Mevduat,2024-09-06,6,1
Mevduat,2024-09-06,7,3
Mevduat,2024-09-06,8,8
Mevduat,2024-09-06,9,10
Mevduat,2024-09-06,10,29
Mevduat,2024-09-06,11,14
Mevduat,2024-09-06,12,3
Mevduat,2024-09-06,13,10
Mevduat,2024-09-06,14,7
Mevduat,2024-09-06,15,1
Mevduat,2024-09-06,16,30
Mevduat,2024-09-06,18,8
Mevduat,2024-09-06,19,6
Mevduat,2024-09-09,1,5
Mevduat,2024-09-09,7,1
Mevduat,2024-09-09,8,30
Mevduat,2024-09-09,9,14
Mevduat,2024-09-09,10,11
Mevduat,2024-09-09,11,14
Mevduat,2024-09-09,12,8
Mevduat,2024-09-09,13,10
Mevduat,2024-09-09,14,18
Mevduat,2024-09-09,15,11
Mevduat,2024-09-09,16,10
Mevduat,2024-09-09,19,4
Mevduat,2024-09-09,21,1
Mevduat,2024-09-09,22,2
Mevduat,2024-09-10,4,3
Mevduat,2024-09-10,8,7
Mevduat,2024-09-10,9,16
Mevduat,2024-09-10,10,3
Mevduat,2024-09-10,11,2
Mevduat,2024-09-10,12,13
Mevduat,2024-09-10,13,1
Mevduat,2024-09-10,14,1
Mevduat,2024-09-10,15,7
Mevduat,2024-09-10,16,1
Mevduat,2024-09-10,17,1
Mevduat,2024-09-10,19,1
Mevduat,2024-09-10,22,1
Mevduat,2024-09-11,6,1
Mevduat,2024-09-11,7,5
Mevduat,2024-09-11,8,10
Mevduat,2024-09-11,9,2
Mevduat,2024-09-11,10,7
Mevduat,2024-09-11,11,3
Mevduat,2024-09-11,12,3
Mevduat,2024-09-11,13,14
Mevduat,2024-09-11,14,4
Mevduat,2024-09-11,15,27
Mevduat,2024-09-11,16,5
Mevduat,2024-09-11,17,10
Mevduat,2024-09-11,18,1
Mevduat,2024-09-11,19,1
Mevduat,2024-09-12,2,6
Mevduat,2024-09-12,5,3
Mevduat,2024-09-12,6,7
Mevduat,2024-09-12,7,8
Mevduat,2024-09-12,8,23
Mevduat,2024-09-12,9,29
Mevduat,2024-09-12,10,6
Mevduat,2024-09-12,11,22
Mevduat,2024-09-12,12,20
Mevduat,2024-09-12,13,20
Mevduat,2024-09-12,14,34
Mevduat,2024-09-12,15,25
Mevduat,2024-09-12,16,36
Mevduat,2024-09-12,17,6
Mevduat,2024-09-12,18,6
Mevduat,2024-09-12,19,2
Mevduat,2024-09-12,21,1
Mevduat,2024-09-13,6,2
Mevduat,2024-09-13,7,2
Mevduat,2024-09-13,8,14
Mevduat,2024-09-13,9,6
Mevduat,2024-09-13,10,1
Mevduat,2024-09-13,11,12
Mevduat,2024-09-13,12,4
Mevduat,2024-09-13,13,3
Mevduat,2024-09-13,14,4
Mevduat,2024-09-13,15,13
Mevduat,2024-09-13,16,7
Mevduat,2024-09-13,18,1
Mevduat,2024-09-16,6,2
Mevduat,2024-09-16,7,17
Mevduat,2024-09-16,8,21
Mevduat,2024-09-16,9,10
Mevduat,2024-09-16,10,37
Mevduat,2024-09-16,11,8
Mevduat,2024-09-16,12,10
Mevduat,2024-09-16,13,20
Mevduat,2024-09-16,14,8
Mevduat,2024-09-16,15,6
Mevduat,2024-09-16,16,9
Mevduat,2024-09-16,17,23
Mevduat,2024-09-16,18,5
Mevduat,2024-09-16,21,1
Mevduat,2024-09-17,0,11
Mevduat,2024-09-17,6,6
Mevduat,2024-09-17,7,9
Mevduat,2024-09-17,8,12
Mevduat,2024-09-17,9,37
Mevduat,2024-09-17,10,6
Mevduat,2024-09-17,11,5
Mevduat,2024-09-17,12,18
Mevduat,2024-09-17,13,28
Mevduat,2024-09-17,14,20
Mevduat,2024-09-17,15,9
Mevduat,2024-09-17,16,16
Mevduat,2024-09-17,17,22
Mevduat,2024-09-17,18,2
Mevduat,2024-09-17,19,4
Mevduat,2024-09-18,0,1
Mevduat,2024-09-18,6,2
Mevduat,2024-09-18,8,27
Mevduat,2024-09-18,9,11
Mevduat,2024-09-18,10,35
Mevduat,2024-09-18,11,7
Mevduat,2024-09-18,12,12
Mevduat,2024-09-18,13,8
Mevduat,2024-09-18,14,4
Mevduat,2024-09-18,15,4
Mevduat,2024-09-18,16,4
Mevduat,2024-09-18,17,12
Mevduat,2024-09-18,18,4
Mevduat,2024-09-19,5,2
Mevduat,2024-09-19,7,19
Mevduat,2024-09-19,8,31
Mevduat,2024-09-19,9,18
Mevduat,2024-09-19,10,12
Mevduat,2024-09-19,11,8
Mevduat,2024-09-19,12,3
Mevduat,2024-09-19,13,5
Mevduat,2024-09-19,14,8
Mevduat,2024-09-19,15,14
Mevduat,2024-09-19,16,5
Mevduat,2024-09-19,17,8
Mevduat,2024-09-19,18,3
Mevduat,2024-09-19,19,1
Mevduat,2024-09-20,6,4
Mevduat,2024-09-20,7,6
Mevduat,2024-09-20,8,11
Mevduat,2024-09-20,9,26
Mevduat,2024-09-20,10,27
Mevduat,2024-09-20,11,1
Mevduat,2024-09-20,12,10
Mevduat,2024-09-20,13,9
Mevduat,2024-09-20,14,6
Mevduat,2024-09-20,15,8
Mevduat,2024-09-20,16,5
Mevduat,2024-09-20,17,6
Mevduat,2024-09-20,18,7
Mevduat,2024-09-23,3,1
Mevduat,2024-09-23,5,5
Mevduat,2024-09-23,6,18
Mevduat,2024-09-23,7,11
Mevduat,2024-09-23,8,17
Mevduat,2024-09-23,9,13
Mevduat,2024-09-23,10,31
Mevduat,2024-09-23,12,21
Mevduat,2024-09-23,13,7
Mevduat,2024-09-23,14,17
Mevduat,2024-09-23,15,11
Mevduat,2024-09-23,16,20
Mevduat,2024-09-23,17,1
Mevduat,2024-09-23,18,5
Mevduat,2024-09-23,19,10
Mevduat,2024-09-23,21,5
Mevduat,2024-09-24,1,1
Mevduat,2024-09-24,4,9
Mevduat,2024-09-24,7,7
Mevduat,2024-09-24,8,33
Mevduat,2024-09-24,9,26
Mevduat,2024-09-24,10,23
Mevduat,2024-09-24,11,3
Mevduat,2024-09-24,12,19
Mevduat,2024-09-24,13,34
Mevduat,2024-09-24,14,2
Mevduat,2024-09-24,15,1
Mevduat,2024-09-24,16,9
Mevduat,2024-09-24,17,1
Mevduat,2024-09-24,18,1
Mevduat,2024-09-25,1,1
Mevduat,2024-09-25,6,3
Mevduat,2024-09-25,7,6
Mevduat,2024-09-25,8,10
Mevduat,2024-09-25,9,12
Mevduat,2024-09-25,10,8
Mevduat,2024-09-25,11,14
Mevduat,2024-09-25,12,4
Mevduat,2024-09-25,13,7
Mevduat,2024-09-25,14,9
Mevduat,2024-09-25,15,1
Mevduat,2024-09-25,16,3
Mevduat,2024-09-25,17,2
Mevduat,2024-09-26,3,1
Mevduat,2024-09-26,5,2
Mevduat,2024-09-26,6,4
Mevduat,2024-09-26,7,1
Mevduat,2024-09-26,8,16
Mevduat,2024-09-26,9,12
Mevduat,2024-09-26,10,8
Mevduat,2024-09-26,11,7
Mevduat,2024-09-26,12,8
Mevduat,2024-09-26,13,6
Mevduat,2024-09-26,14,10
Mevduat,2024-09-26,15,10
Mevduat,2024-09-26,16,5
Mevduat,2024-09-26,17,12
Mevduat,2024-09-26,18,31
Mevduat,2024-09-27,3,4
Mevduat,2024-09-27,6,4
Mevduat,2024-09-27,7,7
Mevduat,2024-09-27,8,15
Mevduat,2024-09-27,9,4
Mevduat,2024-09-27,11,7
Mevduat,2024-09-27,12,5
Mevduat,2024-09-27,13,14
Mevduat,2024-09-27,15,3
Mevduat,2024-09-27,16,2
Mevduat,2024-09-27,17,6
Mevduat,2024-09-27,18,2
Mevduat,2024-09-27,19,1
Mevduat,2024-09-27,20,1
Mevduat,2024-09-27,23,1
Mevduat,2024-09-30,1,2
Mevduat,2024-09-30,6,4
Mevduat,2024-09-30,7,2
Mevduat,2024-09-30,8,11
Mevduat,2024-09-30,9,51
Mevduat,2024-09-30,10,26
Mevduat,2024-09-30,11,34
Mevduat,2024-09-30,12,6
Mevduat,2024-09-30,13,25
Mevduat,2024-09-30,14,9
Mevduat,2024-09-30,15,11
Mevduat,2024-09-30,16,8
Mevduat,2024-09-30,17,25
Mevduat,2024-09-30,18,23
Mevduat,2024-09-30,19,4
Mevduat,2024-09-30,23,7
Mevduat,2024-10-01,0,3
Mevduat,2024-10-01,7,1
Mevduat,2024-10-01,8,4
Mevduat,2024-10-01,9,7
Mevduat,2024-10-01,10,2
Mevduat,2024-10-01,11,3
Mevduat,2024-10-01,12,24
Mevduat,2024-10-01,13,9
Mevduat,2024-10-01,14,3
Mevduat,2024-10-01,15,16
Mevduat,2024-10-01,16,6
Mevduat,2024-10-01,17,2
Mevduat,2024-10-01,19,1
Mevduat,2024-10-01,22,1
Mevduat,2024-10-02,6,1
Mevduat,2024-10-02,7,6
Mevduat,2024-10-02,8,10
Mevduat,2024-10-02,9,29
Mevduat,2024-10-02,10,19
Mevduat,2024-10-02,11,2
Mevduat,2024-10-02,12,6
Mevduat,2024-10-02,13,13
Mevduat,2024-10-02,14,12
Mevduat,2024-10-02,16,9
Mevduat,2024-10-02,18,12
Mevduat,2024-10-02,19,17
Mevduat,2024-10-02,20,3
Mevduat,2024-10-03,0,2
Mevduat,2024-10-03,6,13
Mevduat,2024-10-03,7,1
Mevduat,2024-10-03,8,31
Mevduat,2024-10-03,9,7
Mevduat,2024-10-03,10,14
Mevduat,2024-10-03,11,27
Mevduat,2024-10-03,12,11
Mevduat,2024-10-03,13,24
Mevduat,2024-10-03,14,13
Mevduat,2024-10-03,15,27
Mevduat,2024-10-03,16,50
Mevduat,2024-10-03,17,13
Mevduat,2024-10-03,18,2
Mevduat,2024-10-03,19,10
Mevduat,2024-10-03,20,19
Mevduat,2024-10-04,1,7
Mevduat,2024-10-04,6,1
Mevduat,2024-10-04,7,8
Mevduat,2024-10-04,8,27
Mevduat,2024-10-04,9,19
Mevduat,2024-10-04,10,11
Mevduat,2024-10-04,11,35
Mevduat,2024-10-04,12,23
Mevduat,2024-10-04,13,8
Mevduat,2024-10-04,14,8
Mevduat,2024-10-04,15,5
Mevduat,2024-10-04,16,4
Mevduat,2024-10-04,17,5
Mevduat,2024-10-04,18,12
Mevduat,2024-10-04,19,10
Mevduat,2024-10-07,3,3
Mevduat,2024-10-07,6,23
Mevduat,2024-10-07,7,26
Mevduat,2024-10-07,8,95
Mevduat,2024-10-07,9,42
Mevduat,2024-10-07,10,26
Mevduat,2024-10-07,11,14
Mevduat,2024-10-07,12,17
Mevduat,2024-10-07,13,6
Mevduat,2024-10-07,14,14
Mevduat,2024-10-07,15,24
Mevduat,2024-10-07,16,5
Mevduat,2024-10-07,17,14
Mevduat,2024-10-07,18,14
Mevduat,2024-10-07,19,2
Mevduat,2024-10-07,21,1
Mevduat,2024-10-08,3,11
Mevduat,2024-10-08,5,3
Mevduat,2024-10-08,7,3
Mevduat,2024-10-08,8,4
Mevduat,2024-10-08,9,6
Mevduat,2024-10-08,10,18
Mevduat,2024-10-08,11,17
Mevduat,2024-10-08,12,13
Mevduat,2024-10-08,13,16
Mevduat,2024-10-08,14,7
Mevduat,2024-10-08,15,4
Mevduat,2024-10-08,16,19
Mevduat,2024-10-08,17,9
Mevduat,2024-10-08,18,16
Mevduat,2024-10-09,4,6
Mevduat,2024-10-09,6,1
Mevduat,2024-10-09,7,2
Mevduat,2024-10-09,8,29
Mevduat,2024-10-09,9,14
Mevduat,2024-10-09,10,11
Mevduat,2024-10-09,11,13
Mevduat,2024-10-09,12,35
Mevduat,2024-10-09,13,11
Mevduat,2024-10-09,14,11
Mevduat,2024-10-09,15,5
Mevduat,2024-10-09,16,11
Mevduat,2024-10-09,17,17
Mevduat,2024-10-09,18,2
Mevduat,2024-10-09,19,2
Mevduat,2024-10-09,20,2
Mevduat,2024-10-10,1,2
Mevduat,2024-10-10,7,1
Mevduat,2024-10-10,8,11
Mevduat,2024-10-10,10,5
Mevduat,2024-10-10,11,9
Mevduat,2024-10-10,12,23
Mevduat,2024-10-10,13,8
Mevduat,2024-10-10,14,10
Mevduat,2024-10-10,15,15
Mevduat,2024-10-10,16,6
Mevduat,2024-10-10,18,3
Mevduat,2024-10-10,19,8
Mevduat,2024-10-11,6,1
Mevduat,2024-10-11,7,5
Mevduat,2024-10-11,8,7
Mevduat,2024-10-11,9,23
Mevduat,2024-10-11,10,5
Mevduat,2024-10-11,11,14
Mevduat,2024-10-11,12,1
Mevduat,2024-10-11,13,6
Mevduat,2024-10-11,14,5
Mevduat,2024-10-11,15,6
Mevduat,2024-10-11,16,6
Mevduat,2024-10-11,17,3
Mevduat,2024-10-11,18,1
Mevduat,2024-10-11,19,1
Mevduat,2024-10-14,4,1
Mevduat,2024-10-14,6,1
Mevduat,2024-10-14,7,28
Mevduat,2024-10-14,8,5
Mevduat,2024-10-14,9,18
Mevduat,2024-10-14,10,15
Mevduat,2024-10-14,11,29
Mevduat,2024-10-14,12,10
Mevduat,2024-10-14,13,2
Mevduat,2024-10-14,14,8
Mevduat,2024-10-14,15,7
Mevduat,2024-10-14,16,23
Mevduat,2024-10-14,17,2
Mevduat,2024-10-14,18,2
Mevduat,2024-10-14,19,2
Mevduat,2024-10-14,22,2
Mevduat,2024-10-15,6,19
Mevduat,2024-10-15,7,6
Mevduat,2024-10-15,8,47
Mevduat,2024-10-15,9,12
Mevduat,2024-10-15,10,46
Mevduat,2024-10-15,11,9
Mevduat,2024-10-15,12,11
Mevduat,2024-10-15,13,7
Mevduat,2024-10-15,14,18
Mevduat,2024-10-15,15,6
Mevduat,2024-10-15,16,7
Mevduat,2024-10-15,17,4
Mevduat,2024-10-15,18,21
Mevduat,2024-10-15,19,3
Mevduat,2024-10-15,20,3
Mevduat,2024-10-15,23,1
Mevduat,2024-10-16,1,1
Mevduat,2024-10-16,8,15
Mevduat,2024-10-16,9,28
Mevduat,2024-10-16,10,4
Mevduat,2024-10-16,11,13
Mevduat,2024-10-16,12,7
Mevduat,2024-10-16,13,6
Mevduat,2024-10-16,14,32
Mevduat,2024-10-16,15,3
Mevduat,2024-10-16,16,6
Mevduat,2024-10-16,17,9
Mevduat,2024-10-17,0,4
Mevduat,2024-10-17,1,5
Mevduat,2024-10-17,6,9
Mevduat,2024-10-17,7,4
Mevduat,2024-10-17,8,24
Mevduat,2024-10-17,9,37
Mevduat,2024-10-17,10,28
Mevduat,2024-10-17,11,59
Mevduat,2024-10-17,12,7
Mevduat,2024-10-17,13,24
Mevduat,2024-10-17,14,8
Mevduat,2024-10-17,15,27
Mevduat,2024-10-17,16,3
Mevduat,2024-10-17,17,6
Mevduat,2024-10-17,18,2
Mevduat,2024-10-17,19,4
Mevduat,2024-10-18,2,3
Mevduat,2024-10-18,6,2
Mevduat,2024-10-18,7,8
Mevduat,2024-10-18,8,21
Mevduat,2024-10-18,9,47
Mevduat,2024-10-18,10,13
Mevduat,2024-10-18,11,9
Mevduat,2024-10-18,12,12
Mevduat,2024-10-18,13,13
Mevduat,2024-10-18,15,4
Mevduat,2024-10-18,16,4
Mevduat,2024-10-18,17,2
Mevduat,2024-10-18,18,1
Mevduat,2024-10-18,21,1
Mevduat,2024-10-21,6,8
Mevduat,2024-10-21,7,7
Mevduat,2024-10-21,8,15
Mevduat,2024-10-21,9,30
Mevduat,2024-10-21,10,8
Mevduat,2024-10-21,11,16
Mevduat,2024-10-21,12,4
Mevduat,2024-10-21,13,27
Mevduat,2024-10-21,14,3
Mevduat,2024-10-21,15,12
Mevduat,2024-10-21,16,13
Mevduat,2024-10-21,17,15
Mevduat,2024-10-21,18,16
Mevduat,2024-10-22,7,3
Mevduat,2024-10-22,8,5
Mevduat,2024-10-22,9,5
Mevduat,2024-10-22,10,8
Mevduat,2024-10-22,11,4
Mevduat,2024-10-22,12,19
Mevduat,2024-10-22,13,1
Mevduat,2024-10-22,14,4
Mevduat,2024-10-22,15,1
Mevduat,2024-10-22,16,12
Mevduat,2024-10-22,17,8
Mevduat,2024-10-22,18,10
Mevduat,2024-10-22,19,2
Mevduat,2024-10-23,1,1
Mevduat,2024-10-23,8,6
Mevduat,2024-10-23,9,14
Mevduat,2024-10-23,10,2
Mevduat,2024-10-23,11,9
Mevduat,2024-10-23,12,15
Mevduat,2024-10-23,13,19
Mevduat,2024-10-23,14,5
Mevduat,2024-10-23,15,1
Mevduat,2024-10-23,16,2
Mevduat,2024-10-23,19,5
Mevduat,2024-10-24,6,1
Mevduat,2024-10-24,7,2
Mevduat,2024-10-24,8,1
Mevduat,2024-10-24,9,15
Mevduat,2024-10-24,10,26
Mevduat,2024-10-24,11,4
Mevduat,2024-10-24,12,9
Mevduat,2024-10-24,13,6
Mevduat,2024-10-24,14,9
Mevduat,2024-10-24,15,5
Mevduat,2024-10-24,16,1
Mevduat,2024-10-24,17,21
Mevduat,2024-10-24,18,2
Mevduat,2024-10-24,23,1
Mevduat,2024-10-25,5,1
Mevduat,2024-10-25,6,1
Mevduat,2024-10-25,7,1
Mevduat,2024-10-25,8,5
Mevduat,2024-10-25,9,26
Mevduat,2024-10-25,10,3
Mevduat,2024-10-25,11,8
Mevduat,2024-10-25,12,12
Mevduat,2024-10-25,14,1
Mevduat,2024-10-25,15,1
Mevduat,2024-10-25,16,2
Mevduat,2024-10-25,17,7
Mevduat,2024-10-25,18,1
Mevduat,2024-10-28,1,1
Mevduat,2024-10-28,2,5
Mevduat,2024-10-28,6,4
Mevduat,2024-10-28,7,4
Mevduat,2024-10-28,8,4
Mevduat,2024-10-28,9,22
Mevduat,2024-10-28,10,9
Mevduat,2024-10-28,11,18
Mevduat,2024-10-28,12,13
Mevduat,2024-10-28,13,1
Mevduat,2024-10-28,14,23
Mevduat,2024-10-28,15,39
Mevduat,2024-10-28,16,6
Mevduat,2024-10-28,17,16
Mevduat,2024-10-28,18,7
Mevduat,2024-10-28,19,2
Mevduat,2024-10-30,6,1
Mevduat,2024-10-30,7,3
Mevduat,2024-10-30,8,18
Mevduat,2024-10-30,9,4
Mevduat,2024-10-30,10,10
Mevduat,2024-10-30,11,8
Mevduat,2024-10-30,12,5
Mevduat,2024-10-30,13,23
Mevduat,2024-10-30,14,15
Mevduat,2024-10-30,15,6
Mevduat,2024-10-30,16,4
Mevduat,2024-10-30,17,3
Mevduat,2024-10-30,18,1
Mevduat,2024-10-30,21,2
Mevduat,2024-10-30,23,4
Mevduat,2024-10-31,0,1
Mevduat,2024-10-31,6,10
Mevduat,2024-10-31,7,6
Mevduat,2024-10-31,8,30
Mevduat,2024-10-31,9,6
Mevduat,2024-10-31,10,10
Mevduat,2024-10-31,11,10
Mevduat,2024-10-31,13,12
Mevduat,2024-10-31,14,2
Mevduat,2024-10-31,15,59
Mevduat,2024-10-31,16,14
Mevduat,2024-10-31,17,22
Mevduat,2024-10-31,18,2
Mevduat,2024-10-31,19,1
Mevduat,2024-11-01,0,3
Mevduat,2024-11-01,6,4
Mevduat,2024-11-01,7,3
Mevduat,2024-11-01,8,6
Mevduat,2024-11-01,9,18
Mevduat,2024-11-01,10,25
Mevduat,2024-11-01,11,30
Mevduat,2024-11-01,12,6
Mevduat,2024-11-01,13,3
Mevduat,2024-11-01,14,30
Mevduat,2024-11-01,15,16
Mevduat,2024-11-01,16,2
Mevduat,2024-11-01,19,1
Mevduat,2024-11-01,20,4
Mevduat,2024-11-04,0,1
Mevduat,2024-11-04,1,1
Mevduat,2024-11-04,6,6
Mevduat,2024-11-04,7,8
Mevduat,2024-11-04,8,18
Mevduat,2024-11-04,9,15
Mevduat,2024-11-04,10,8
Mevduat,2024-11-04,11,8
Mevduat,2024-11-04,12,10
Mevduat,2024-11-04,13,9
Mevduat,2024-11-04,14,14
Mevduat,2024-11-04,15,14
Mevduat,2024-11-04,16,5
Mevduat,2024-11-04,17,4
Mevduat,2024-11-04,18,8
Mevduat,2024-11-04,19,5
Mevduat,2024-11-04,21,1
Mevduat,2024-11-04,23,6
Mevduat,2024-11-05,2,7
Mevduat,2024-11-05,3,5
Mevduat,2024-11-05,4,2
Mevduat,2024-11-05,7,9
Mevduat,2024-11-05,8,24
Mevduat,2024-11-05,9,62
Mevduat,2024-11-05,10,18
Mevduat,2024-11-05,11,28
Mevduat,2024-11-05,12,4
Mevduat,2024-11-05,13,3
Mevduat,2024-11-05,14,12
Mevduat,2024-11-05,15,10
Mevduat,2024-11-05,16,25
Mevduat,2024-11-05,17,11
Mevduat,2024-11-06,0,1
Mevduat,2024-11-06,2,1
Mevduat,2024-11-06,7,11
Mevduat,2024-11-06,8,8
Mevduat,2024-11-06,9,24
Mevduat,2024-11-06,10,3
Mevduat,2024-11-06,11,21
Mevduat,2024-11-06,12,20
Mevduat,2024-11-06,13,18
Mevduat,2024-11-06,14,4
Mevduat,2024-11-06,15,29
Mevduat,2024-11-06,16,4
Mevduat,2024-11-06,17,1
Mevduat,2024-11-06,18,2
Mevduat,2024-11-06,19,1
Mevduat,2024-11-06,20,24
Mevduat,2024-11-06,23,2
Mevduat,2024-11-07,7,1
Mevduat,2024-11-07,8,4
Mevduat,2024-11-07,9,4
Mevduat,2024-11-07,10,8
Mevduat,2024-11-07,11,3
Mevduat,2024-11-07,12,4
Mevduat,2024-11-07,13,8
Mevduat,2024-11-07,14,14
Mevduat,2024-11-07,15,4
Mevduat,2024-11-07,16,7
Mevduat,2024-11-07,17,4
Mevduat,2024-11-08,8,11
Mevduat,2024-11-08,9,16
Mevduat,2024-11-08,10,3
Mevduat,2024-11-08,11,4
Mevduat,2024-11-08,13,7
Mevduat,2024-11-08,14,10
Mevduat,2024-11-08,15,3
Mevduat,2024-11-08,16,3
Mevduat,2024-11-08,17,3
Mevduat,2024-11-08,19,2
Mevduat,2024-11-11,4,1
Mevduat,2024-11-11,6,16
Mevduat,2024-11-11,7,8
Mevduat,2024-11-11,8,60
Mevduat,2024-11-11,9,15
Mevduat,2024-11-11,10,20
Mevduat,2024-11-11,11,4
Mevduat,2024-11-11,12,12
Mevduat,2024-11-11,13,13
Mevduat,2024-11-11,14,7
Mevduat,2024-11-11,15,33
Mevduat,2024-11-11,16,5
Mevduat,2024-11-11,17,4
Mevduat,2024-11-11,18,3
Mevduat,2024-11-11,20,12
Mevduat,2024-11-11,21,5
Mevduat,2024-11-12,7,4
Mevduat,2024-11-12,8,9
Mevduat,2024-11-12,9,10
Mevduat,2024-11-12,10,10
Mevduat,2024-11-12,11,13
Mevduat,2024-11-12,12,16
Mevduat,2024-11-12,13,7
Mevduat,2024-11-12,14,5
Mevduat,2024-11-12,15,7
Mevduat,2024-11-12,16,15
Mevduat,2024-11-12,17,12
Mevduat,2024-11-12,18,1
Mevduat,2024-11-13,2,3
Mevduat,2024-11-13,6,3
Mevduat,2024-11-13,8,6
Mevduat,2024-11-13,9,12
Mevduat,2024-11-13,10,6
Mevduat,2024-11-13,11,22
Mevduat,2024-11-13,12,20
Mevduat,2024-11-13,13,1
Mevduat,2024-11-13,14,10
Mevduat,2024-11-13,15,2
Mevduat,2024-11-13,16,6
Mevduat,2024-11-13,18,10
Mevduat,2024-11-13,19,2
Mevduat,2024-11-14,8,2
Mevduat,2024-11-14,9,9
Mevduat,2024-11-14,10,12
Mevduat,2024-11-14,11,5
Mevduat,2024-11-14,12,15
Mevduat,2024-11-14,13,23
Mevduat,2024-11-14,14,4
Mevduat,2024-11-14,16,12
Mevduat,2024-11-14,17,4
Mevduat,2024-11-14,19,1
Mevduat,2024-11-15,7,12
Mevduat,2024-11-15,8,19
Mevduat,2024-11-15,9,20
Mevduat,2024-11-15,10,12
Mevduat,2024-11-15,11,5
Mevduat,2024-11-15,12,5
Mevduat,2024-11-15,13,3
Mevduat,2024-11-15,14,1
Mevduat,2024-11-15,15,9
Mevduat,2024-11-15,16,3
Mevduat,2024-11-15,17,1
Mevduat,2024-11-15,18,12
Mevduat,2024-11-15,20,3
Mevduat,2024-11-15,23,1
Mevduat,2024-11-18,4,5
Mevduat,2024-11-18,6,1
Mevduat,2024-11-18,7,13
Mevduat,2024-11-18,8,13
Mevduat,2024-11-18,9,8
Mevduat,2024-11-18,10,19
Mevduat,2024-11-18,11,16
Mevduat,2024-11-18,12,8
Mevduat,2024-11-18,13,6
Mevduat,2024-11-18,14,18
Mevduat,2024-11-18,15,3
Mevduat,2024-11-18,16,20
Mevduat,2024-11-18,17,2
Mevduat,2024-11-18,18,2
Mevduat,2024-11-19,4,6
Mevduat,2024-11-19,6,1
Mevduat,2024-11-19,7,7
Mevduat,2024-11-19,8,4
Mevduat,2024-11-19,9,17
Mevduat,2024-11-19,10,25
Mevduat,2024-11-19,11,16
Mevduat,2024-11-19,12,8
Mevduat,2024-11-19,13,6
Mevduat,2024-11-19,14,8
Mevduat,2024-11-19,15,1
Mevduat,2024-11-19,16,4
Mevduat,2024-11-19,17,5
Mevduat,2024-11-19,18,5
Mevduat,2024-11-19,19,2
Mevduat,2024-11-19,22,3
Mevduat,2024-11-20,6,3
Mevduat,2024-11-20,7,11
Mevduat,2024-11-20,8,3
Mevduat,2024-11-20,9,10
Mevduat,2024-11-20,10,6
Mevduat,2024-11-20,11,5
Mevduat,2024-11-20,12,5
Mevduat,2024-11-20,13,1
Mevduat,2024-11-20,14,1
Mevduat,2024-11-20,15,2
Mevduat,2024-11-20,18,3
Mevduat,2024-11-20,19,10
Mevduat,2024-11-20,23,1
Mevduat,2024-11-21,0,2
Mevduat,2024-11-21,1,1
Mevduat,2024-11-21,6,1
Mevduat,2024-11-21,7,3
Mevduat,2024-11-21,8,22
Mevduat,2024-11-21,9,11
Mevduat,2024-11-21,10,14
Mevduat,2024-11-21,11,11
Mevduat,2024-11-21,12,5
Mevduat,2024-11-21,13,9
Mevduat,2024-11-21,14,10
Mevduat,2024-11-21,15,11
Mevduat,2024-11-21,16,5
Mevduat,2024-11-21,17,2
Mevduat,2024-11-21,19,1
Mevduat,2024-11-22,6,2
Mevduat,2024-11-22,8,18
Mevduat,2024-11-22,9,12
Mevduat,2024-11-22,10,9
Mevduat,2024-11-22,11,9
Mevduat,2024-11-22,12,2
Mevduat,2024-11-22,13,6
Mevduat,2024-11-22,14,20
Mevduat,2024-11-22,15,9
Mevduat,2024-11-22,16,20
Mevduat,2024-11-22,17,4
Mevduat,2024-11-22,18,4
Mevduat,2024-11-22,19,5
Mevduat,2024-11-25,4,3
Mevduat,2024-11-25,6,1
Mevduat,2024-11-25,7,10
Mevduat,2024-11-25,8,58
Mevduat,2024-11-25,9,23
Mevduat,2024-11-25,10,33
Mevduat,2024-11-25,11,2
Mevduat,2024-11-25,12,21
Mevduat,2024-11-25,13,3
Mevduat,2024-11-25,14,20
Mevduat,2024-11-25,15,14
Mevduat,2024-11-25,16,17
Mevduat,2024-11-25,17,8
Mevduat,2024-11-25,18,2
Mevduat,2024-11-25,21,1
Mevduat,2024-11-26,0,3
Mevduat,2024-11-26,5,1
Mevduat,2024-11-26,6,1
Mevduat,2024-11-26,8,12
Mevduat,2024-11-26,9,11
Mevduat,2024-11-26,10,13
Mevduat,2024-11-26,11,29
Mevduat,2024-11-26,12,7
Mevduat,2024-11-26,13,3
Mevduat,2024-11-26,14,2
Mevduat,2024-11-26,15,2
Mevduat,2024-11-26,16,2
Mevduat,2024-11-26,17,4
Mevduat,2024-11-26,18,10
Mevduat,2024-11-26,20,2
Mevduat,2024-11-27,2,1
Mevduat,2024-11-27,6,2
Mevduat,2024-11-27,7,2
Mevduat,2024-11-27,8,6
Mevduat,2024-11-27,9,10
Mevduat,2024-11-27,10,15
Mevduat,2024-11-27,11,7
Mevduat,2024-11-27,12,1
Mevduat,2024-11-27,13,18
Mevduat,2024-11-27,14,4
Mevduat,2024-11-27,15,6
Mevduat,2024-11-27,16,5
Mevduat,2024-11-27,17,2
Mevduat,2024-11-27,18,3
Mevduat,2024-11-27,22,2
Mevduat,2024-11-28,4,2
Mevduat,2024-11-28,7,9
Mevduat,2024-11-28,8,23
Mevduat,2024-11-28,9,25
Mevduat,2024-11-28,10,13
Mevduat,2024-11-28,11,16
Mevduat,2024-11-28,12,9
Mevduat,2024-11-28,13,14
Mevduat,2024-11-28,14,1
Mevduat,2024-11-28,15,21
Mevduat,2024-11-28,16,6
Mevduat,2024-11-28,17,5
Mevduat,2024-11-29,2,1
Mevduat,2024-11-29,5,1
Mevduat,2024-11-29,6,1
Mevduat,2024-11-29,7,3
Mevduat,2024-11-29,8,36
Mevduat,2024-11-29,9,9
Mevduat,2024-11-29,10,16
Mevduat,2024-11-29,11,15
Mevduat,2024-11-29,12,1
Mevduat,2024-11-29,13,6
Mevduat,2024-11-29,14,10
Mevduat,2024-11-29,15,4
Mevduat,2024-11-29,16,16
Mevduat,2024-11-29,17,2
Mevduat,2024-12-02,1,1
Mevduat,2024-12-02,5,2
Mevduat,2024-12-02,6,1
Mevduat,2024-12-02,7,19
Mevduat,2024-12-02,8,11
Mevduat,2024-12-02,9,70
Mevduat,2024-12-02,10,53
Mevduat,2024-12-02,11,14
Mevduat,2024-12-02,12,6
Mevduat,2024-12-02,13,17
Mevduat,2024-12-02,14,27
Mevduat,2024-12-02,15,35
Mevduat,2024-12-02,16,27
Mevduat,2024-12-02,17,3
Mevduat,2024-12-02,18,16
Mevduat,2024-12-02,19,8
Mevduat,2024-12-02,21,3
Mevduat,2024-12-03,0,1
Mevduat,2024-12-03,5,1
Mevduat,2024-12-03,7,6
Mevduat,2024-12-03,8,4
Mevduat,2024-12-03,9,11
Mevduat,2024-12-03,10,28
Mevduat,2024-12-03,11,12
Mevduat,2024-12-03,12,97
Mevduat,2024-12-03,13,9
Mevduat,2024-12-03,14,10
Mevduat,2024-12-03,15,8
Mevduat,2024-12-03,16,8
Mevduat,2024-12-03,17,4
Mevduat,2024-12-03,19,4
Mevduat,2024-12-03,21,5
Mevduat,2024-12-04,2,1
Mevduat,2024-12-04,6,3
Mevduat,2024-12-04,7,20
Mevduat,2024-12-04,8,15
Mevduat,2024-12-04,9,19
Mevduat,2024-12-04,10,16
Mevduat,2024-12-04,11,13
Mevduat,2024-12-04,12,5
Mevduat,2024-12-04,13,17
Mevduat,2024-12-04,14,3
Mevduat,2024-12-04,15,25
Mevduat,2024-12-04,16,3
Mevduat,2024-12-04,17,1
Mevduat,2024-12-04,18,3
Mevduat,2024-12-04,19,5
Mevduat,2024-12-05,2,1
Mevduat,2024-12-05,4,15
Mevduat,2024-12-05,6,3
Mevduat,2024-12-05,8,8
Mevduat,2024-12-05,9,23
Mevduat,2024-12-05,10,12
Mevduat,2024-12-05,11,6
Mevduat,2024-12-05,12,2
Mevduat,2024-12-05,13,27
Mevduat,2024-12-05,14,15
Mevduat,2024-12-05,15,5
Mevduat,2024-12-05,16,13
Mevduat,2024-12-05,17,4
Mevduat,2024-12-05,18,1
Mevduat,2024-12-05,19,1
Mevduat,2024-12-06,7,2
Mevduat,2024-12-06,8,16
Mevduat,2024-12-06,9,13
Mevduat,2024-12-06,10,12
Mevduat,2024-12-06,11,14
Mevduat,2024-12-06,12,8
Mevduat,2024-12-06,13,1
Mevduat,2024-12-06,14,13
Mevduat,2024-12-06,15,11
Mevduat,2024-12-06,17,9
Mevduat,2024-12-09,7,43
Mevduat,2024-12-09,8,10
Mevduat,2024-12-09,9,17
Mevduat,2024-12-09,10,58
Mevduat,2024-12-09,11,35
Mevduat,2024-12-09,13,5
Mevduat,2024-12-09,14,2
Mevduat,2024-12-09,15,16
Mevduat,2024-12-09,16,1
Mevduat,2024-12-09,17,12
Mevduat,2024-12-09,18,3
Mevduat,2024-12-09,19,13
Mevduat,2024-12-10,6,2
Mevduat,2024-12-10,7,4
Mevduat,2024-12-10,8,8
Mevduat,2024-12-10,9,20
Mevduat,2024-12-10,10,7
Mevduat,2024-12-10,11,11
Mevduat,2024-12-10,12,8
Mevduat,2024-12-10,13,4
Mevduat,2024-12-10,14,18
Mevduat,2024-12-10,15,3
Mevduat,2024-12-10,16,3
Mevduat,2024-12-10,17,4
Mevduat,2024-12-10,18,3
Mevduat,2024-12-10,19,2
Mevduat,2024-12-11,6,2
Mevduat,2024-12-11,7,4
Mevduat,2024-12-11,8,25
Mevduat,2024-12-11,9,11
Mevduat,2024-12-11,10,13
Mevduat,2024-12-11,11,3
Mevduat,2024-12-11,12,6
Mevduat,2024-12-11,13,1
Mevduat,2024-12-11,14,22
Mevduat,2024-12-11,15,6
Mevduat,2024-12-11,16,6
Mevduat,2024-12-11,17,22
Mevduat,2024-12-11,18,4
Mevduat,2024-12-11,19,6
Mevduat,2024-12-11,20,8
Mevduat,2024-12-11,22,3
Mevduat,2024-12-11,23,3
Mevduat,2024-12-12,3,3
Mevduat,2024-12-12,6,3
Mevduat,2024-12-12,7,5
Mevduat,2024-12-12,8,19
Mevduat,2024-12-12,9,11
Mevduat,2024-12-12,10,9
Mevduat,2024-12-12,11,9
Mevduat,2024-12-12,12,5
Mevduat,2024-12-12,13,1
Mevduat,2024-12-12,14,10
Mevduat,2024-12-12,15,15
Mevduat,2024-12-12,16,1
Mevduat,2024-12-12,17,12
Mevduat,2024-12-12,18,2
Mevduat,2024-12-12,21,3
Mevduat,2024-12-12,22,1
Mevduat,2024-12-13,1,1
Mevduat,2024-12-13,7,13
Mevduat,2024-12-13,8,14
Mevduat,2024-12-13,9,11
Mevduat,2024-12-13,10,9
Mevduat,2024-12-13,11,4
Mevduat,2024-12-13,12,8
Mevduat,2024-12-13,13,14
Mevduat,2024-12-13,14,15
Mevduat,2024-12-13,15,7
Mevduat,2024-12-13,16,6
Mevduat,2024-12-13,17,24
Mevduat,2024-12-13,21,1
Mevduat,2024-12-13,22,1
Mevduat,2024-12-16,2,2
Mevduat,2024-12-16,3,1
Mevduat,2024-12-16,5,1
Mevduat,2024-12-16,6,1
Mevduat,2024-12-16,7,7
Mevduat,2024-12-16,8,26
Mevduat,2024-12-16,9,12
Mevduat,2024-12-16,10,24
Mevduat,2024-12-16,11,12
Mevduat,2024-12-16,12,11
Mevduat,2024-12-16,13,14
Mevduat,2024-12-16,14,18
Mevduat,2024-12-16,15,4
Mevduat,2024-12-16,16,27
Mevduat,2024-12-16,17,7
Mevduat,2024-12-16,18,1
Mevduat,2024-12-17,0,2
Mevduat,2024-12-17,1,16
Mevduat,2024-12-17,3,3
Mevduat,2024-12-17,6,5
Mevduat,2024-12-17,7,7
Mevduat,2024-12-17,8,21
Mevduat,2024-12-17,9,10
Mevduat,2024-12-17,10,21
Mevduat,2024-12-17,11,11
Mevduat,2024-12-17,12,13
Mevduat,2024-12-17,13,6
Mevduat,2024-12-17,14,8
Mevduat,2024-12-17,15,18
Mevduat,2024-12-17,16,28
Mevduat,2024-12-17,17,2
Mevduat,2024-12-17,18,4
Mevduat,2024-12-18,6,1
Mevduat,2024-12-18,8,7
Mevduat,2024-12-18,9,15
Mevduat,2024-12-18,10,25
Mevduat,2024-12-18,11,6
Mevduat,2024-12-18,12,7
Mevduat,2024-12-18,13,4
Mevduat,2024-12-18,14,22
Mevduat,2024-12-18,15,1
Mevduat,2024-12-18,16,14
Mevduat,2024-12-18,17,16
Mevduat,2024-12-18,18,1
Mevduat,2024-12-18,19,8
Mevduat,2024-12-18,20,1
Mevduat,2024-12-18,23,1
Mevduat,2024-12-19,3,1
Mevduat,2024-12-19,6,5
Mevduat,2024-12-19,7,6
Mevduat,2024-12-19,8,13
Mevduat,2024-12-19,9,13
Mevduat,2024-12-19,10,5
Mevduat,2024-12-19,11,30
Mevduat,2024-12-19,12,9
Mevduat,2024-12-19,13,14
Mevduat,2024-12-19,14,8
Mevduat,2024-12-19,15,9
Mevduat,2024-12-19,16,5
Mevduat,2024-12-19,17,1
Mevduat,2024-12-19,19,5
Mevduat,2024-12-19,23,3
Mevduat,2024-12-20,5,3
Mevduat,2024-12-20,6,6
Mevduat,2024-12-20,7,11
Mevduat,2024-12-20,8,8
Mevduat,2024-12-20,9,8
Mevduat,2024-12-20,10,6
Mevduat,2024-12-20,11,11
Mevduat,2024-12-20,12,34
Mevduat,2024-12-20,13,16
Mevduat,2024-12-20,14,17
Mevduat,2024-12-20,15,7
Mevduat,2024-12-20,16,1
Mevduat,2024-12-20,17,9
Mevduat,2024-12-20,18,1
Mevduat,2024-12-20,20,9
Mevduat,2024-12-20,23,1
Mevduat,2024-12-23,6,9
Mevduat,2024-12-23,7,10
Mevduat,2024-12-23,8,29
Mevduat,2024-12-23,9,10
Mevduat,2024-12-23,10,16
Mevduat,2024-12-23,11,11
Mevduat,2024-12-23,12,49
Mevduat,2024-12-23,13,18
Mevduat,2024-12-23,14,6
Mevduat,2024-12-23,15,14
Mevduat,2024-12-23,16,23
Mevduat,2024-12-23,17,2
Mevduat,2024-12-23,18,4
Mevduat,2024-12-23,19,1
Mevduat,2024-12-24,3,2
Mevduat,2024-12-24,4,1
Mevduat,2024-12-24,6,1
Mevduat,2024-12-24,7,13
Mevduat,2024-12-24,8,5
Mevduat,2024-12-24,9,18
Mevduat,2024-12-24,10,29
Mevduat,2024-12-24,11,10
Mevduat,2024-12-24,12,8
Mevduat,2024-12-24,13,12
Mevduat,2024-12-24,14,2
Mevduat,2024-12-24,15,8
Mevduat,2024-12-24,16,17
Mevduat,2024-12-24,17,4
Mevduat,2024-12-24,18,2
Mevduat,2024-12-25,7,4
Mevduat,2024-12-25,8,3
Mevduat,2024-12-25,9,37
Mevduat,2024-12-25,10,12
Mevduat,2024-12-25,11,1
Mevduat,2024-12-25,13,6
Mevduat,2024-12-25,14,8
Mevduat,2024-12-25,15,14
Mevduat,2024-12-25,16,2
Mevduat,2024-12-25,17,1
Mevduat,2024-12-25,18,2
Mevduat,2024-12-25,19,5
Mevduat,2024-12-25,20,1
Mevduat,2024-12-25,21,1
Mevduat,2024-12-26,1,8
Mevduat,2024-12-26,2,1
Mevduat,2024-12-26,3,8
Mevduat,2024-12-26,4,2
Mevduat,2024-12-26,7,4
Mevduat,2024-12-26,8,8
Mevduat,2024-12-26,9,11
Mevduat,2024-12-26,10,17
Mevduat,2024-12-26,11,9
Mevduat,2024-12-26,12,6
Mevduat,2024-12-26,13,6
Mevduat,2024-12-26,14,6
Mevduat,2024-12-26,15,7
Mevduat,2024-12-26,16,1
Mevduat,2024-12-26,17,3
Mevduat,2024-12-26,18,7
Mevduat,2024-12-26,19,3
Mevduat,2024-12-27,4,2
Mevduat,2024-12-27,7,3
Mevduat,2024-12-27,8,6
Mevduat,2024-12-27,9,9
Mevduat,2024-12-27,10,1
Mevduat,2024-12-27,11,3
Mevduat,2024-12-27,12,2
Mevduat,2024-12-27,13,10
Mevduat,2024-12-27,14,13
Mevduat,2024-12-27,15,1
Mevduat,2024-12-27,16,10
Mevduat,2024-12-27,18,5
Mevduat,2024-12-27,19,1
Mevduat,2024-12-27,21,1
Mevduat,2024-12-27,22,2
Mevduat,2024-12-30,4,2
Mevduat,2024-12-30,7,14
Mevduat,2024-12-30,8,11
Mevduat,2024-12-30,9,9
Mevduat,2024-12-30,10,10
Mevduat,2024-12-30,11,19
Mevduat,2024-12-30,12,10
Mevduat,2024-12-30,13,6
Mevduat,2024-12-30,14,5
Mevduat,2024-12-30,15,15
Mevduat,2024-12-30,16,33
Mevduat,2024-12-30,17,24
Mevduat,2024-12-30,18,1
Mevduat,2024-12-30,21,5
Mevduat,2024-12-31,6,5
Mevduat,2024-12-31,8,9
Mevduat,2024-12-31,9,31
Mevduat,2024-12-31,10,53
Mevduat,2024-12-31,11,8
Mevduat,2024-12-31,12,9
Mevduat,2024-12-31,13,22
Mevduat,2024-12-31,14,32
Mevduat,2024-12-31,15,13
Mevduat,2024-12-31,16,26
Mevduat,2024-12-31,17,12
Mevduat,2025-01-02,0,6
Mevduat,2025-01-02,4,3
Mevduat,2025-01-02,5,10
Mevduat,2025-01-02,7,7
Mevduat,2025-01-02,8,29
Mevduat,2025-01-02,9,18
Mevduat,2025-01-02,10,4
Mevduat,2025-01-02,11,12
Mevduat,2025-01-02,12,15
Mevduat,2025-01-02,13,29
Mevduat,2025-01-02,14,6
Mevduat,2025-01-02,15,23
Mevduat,2025-01-02,16,38
Mevduat,2025-01-02,18,4
Mevduat,2025-01-02,19,1
Mevduat,2025-01-03,2,4
Mevduat,2025-01-03,7,20
Mevduat,2025-01-03,8,18
Mevduat,2025-01-03,9,34
Mevduat,2025-01-03,10,31
Mevduat,2025-01-03,11,11
Mevduat,2025-01-03,12,15
Mevduat,2025-01-03,13,3
Mevduat,2025-01-03,14,29
Mevduat,2025-01-03,15,12
Mevduat,2025-01-03,16,15
Mevduat,2025-01-03,17,7
Mevduat,2025-01-03,18,6
Mevduat,2025-01-03,19,9
Mevduat,2025-01-06,6,1
Mevduat,2025-01-06,7,3
Mevduat,2025-01-06,8,16
Mevduat,2025-01-06,9,8
Mevduat,2025-01-06,10,29
Mevduat,2025-01-06,11,62
Mevduat,2025-01-06,12,10
Mevduat,2025-01-06,13,14
Mevduat,2025-01-06,14,17
Mevduat,2025-01-06,15,4
Mevduat,2025-01-06,16,5
Mevduat,2025-01-06,17,9
Mevduat,2025-01-06,18,1
Mevduat,2025-01-07,1,4
Mevduat,2025-01-07,7,10
Mevduat,2025-01-07,8,12
Mevduat,2025-01-07,9,17
Mevduat,2025-01-07,10,22
Mevduat,2025-01-07,11,6
Mevduat,2025-01-07,12,36
Mevduat,2025-01-07,14,5
Mevduat,2025-01-07,15,16
Mevduat,2025-01-07,16,7
Mevduat,2025-01-07,17,1
Mevduat,2025-01-07,18,5
Mevduat,2025-01-07,19,4
Mevduat,2025-01-07,22,1
Mevduat,2025-01-07,23,2
Mevduat,2025-01-08,8,1
Mevduat,2025-01-08,9,6
Mevduat,2025-01-08,10,3
Mevduat,2025-01-08,11,4
Mevduat,2025-01-08,12,3
Mevduat,2025-01-08,14,2
Mevduat,2025-01-08,16,2
Mevduat,2025-01-09,2,8
Mevduat,2025-01-09,6,29
Mevduat,2025-01-09,7,3
Mevduat,2025-01-09,8,15
Mevduat,2025-01-09,9,22
Mevduat,2025-01-09,10,17
Mevduat,2025-01-09,11,12
Mevduat,2025-01-09,12,12
Mevduat,2025-01-09,13,7
Mevduat,2025-01-09,14,21
Mevduat,2025-01-09,16,15
Mevduat,2025-01-09,17,1
Mevduat,2025-01-09,18,6
Mevduat,2025-01-09,19,1
Mevduat,2025-01-09,21,1
Mevduat,2025-01-10,0,1
Mevduat,2025-01-10,5,1
Mevduat,2025-01-10,6,2
Mevduat,2025-01-10,7,7
Mevduat,2025-01-10,8,8
Mevduat,2025-01-10,9,22
Mevduat,2025-01-10,10,1
Mevduat,2025-01-10,11,3
Mevduat,2025-01-10,12,6
Mevduat,2025-01-10,13,3
Mevduat,2025-01-10,14,7
Mevduat,2025-01-10,15,10
Mevduat,2025-01-10,16,9
Mevduat,2025-01-10,17,3
Mevduat,2025-01-10,19,3
Mevduat,2025-01-13,7,1
Mevduat,2025-01-13,8,10
Mevduat,2025-01-13,9,91
Mevduat,2025-01-13,10,17
Mevduat,2025-01-13,11,9
Mevduat,2025-01-13,12,12
Mevduat,2025-01-13,13,18
Mevduat,2025-01-13,14,18
Mevduat,2025-01-13,15,12
Mevduat,2025-01-13,16,33
Mevduat,2025-01-13,17,1
Mevduat,2025-01-13,19,10
Mevduat,2025-01-13,21,17
Mevduat,2025-01-14,7,5
Mevduat,2025-01-14,8,32
Mevduat,2025-01-14,9,21
Mevduat,2025-01-14,10,1
Mevduat,2025-01-14,11,7
Mevduat,2025-01-14,12,14
Mevduat,2025-01-14,13,2
Mevduat,2025-01-14,14,7
Mevduat,2025-01-14,15,9
Mevduat,2025-01-14,16,7
Mevduat,2025-01-14,17,6
Mevduat,2025-01-14,18,2
Mevduat,2025-01-15,0,3
Mevduat,2025-01-15,4,8
Mevduat,2025-01-15,6,1
Mevduat,2025-01-15,7,1
Mevduat,2025-01-15,8,12
Mevduat,2025-01-15,9,14
Mevduat,2025-01-15,10,7
Mevduat,2025-01-15,11,7
Mevduat,2025-01-15,12,5
Mevduat,2025-01-15,13,6
Mevduat,2025-01-15,14,9
Mevduat,2025-01-15,15,11
Mevduat,2025-01-15,17,1
Mevduat,2025-01-15,18,2
Mevduat,2025-01-15,19,14
Mevduat,2025-01-16,6,7
Mevduat,2025-01-16,7,7
Mevduat,2025-01-16,8,13
Mevduat,2025-01-16,9,24
Mevduat,2025-01-16,10,9
Mevduat,2025-01-16,11,24
Mevduat,2025-01-16,13,5
Mevduat,2025-01-16,14,2
Mevduat,2025-01-16,15,19
Mevduat,2025-01-16,17,1
Mevduat,2025-01-16,18,5
Mevduat,2025-01-16,19,1
Mevduat,2025-01-16,23,2
Mevduat,2025-01-17,3,2
Mevduat,2025-01-17,7,3
Mevduat,2025-01-17,8,18
Mevduat,2025-01-17,9,20
Mevduat,2025-01-17,10,30
Mevduat,2025-01-17,11,15
Mevduat,2025-01-17,12,1
Mevduat,2025-01-17,13,25
Mevduat,2025-01-17,14,14
Mevduat,2025-01-17,15,7
Mevduat,2025-01-17,16,11
Mevduat,2025-01-17,17,4
Mevduat,2025-01-20,6,3
Mevduat,2025-01-20,7,15
Mevduat,2025-01-20,8,20
Mevduat,2025-01-20,9,18
Mevduat,2025-01-20,10,10
Mevduat,2025-01-20,11,16
Mevduat,2025-01-20,12,22
Mevduat,2025-01-20,13,16
Mevduat,2025-01-20,14,27
Mevduat,2025-01-20,15,10
Mevduat,2025-01-20,17,4
Mevduat,2025-01-20,18,1
Mevduat,2025-01-20,19,1
Mevduat,2025-01-20,23,1
Mevduat,2025-01-21,5,1
Mevduat,2025-01-21,6,1
Mevduat,2025-01-21,7,3
Mevduat,2025-01-21,8,7
Mevduat,2025-01-21,9,41
Mevduat,2025-01-21,10,5
Mevduat,2025-01-21,11,15
Mevduat,2025-01-21,12,3
Mevduat,2025-01-21,13,5
Mevduat,2025-01-21,14,5
Mevduat,2025-01-21,15,8
Mevduat,2025-01-21,16,3
Mevduat,2025-01-21,17,4
Mevduat,2025-01-22,6,1
Mevduat,2025-01-22,7,3
Mevduat,2025-01-22,8,15
Mevduat,2025-01-22,9,26
Mevduat,2025-01-22,10,17
Mevduat,2025-01-22,11,23
Mevduat,2025-01-22,12,24
Mevduat,2025-01-22,13,6
Mevduat,2025-01-22,14,34
Mevduat,2025-01-22,15,18
Mevduat,2025-01-22,16,15
Mevduat,2025-01-22,17,38
Mevduat,2025-01-22,18,3
Mevduat,2025-01-22,23,1
Mevduat,2025-01-23,2,7
Mevduat,2025-01-23,6,9
Mevduat,2025-01-23,7,5
Mevduat,2025-01-23,8,6
Mevduat,2025-01-23,9,25
Mevduat,2025-01-23,10,5
Mevduat,2025-01-23,12,1
Mevduat,2025-01-23,13,5
Mevduat,2025-01-23,14,19
Mevduat,2025-01-23,15,9
Mevduat,2025-01-23,17,5
Mevduat,2025-01-23,18,5
Mevduat,2025-01-23,19,1
Mevduat,2025-01-24,6,1
Mevduat,2025-01-24,7,2
Mevduat,2025-01-24,8,9
Mevduat,2025-01-24,9,17
Mevduat,2025-01-24,10,16
Mevduat,2025-01-24,11,5
Mevduat,2025-01-24,12,6
Mevduat,2025-01-24,13,8
Mevduat,2025-01-24,14,15
Mevduat,2025-01-24,15,5
Mevduat,2025-01-24,16,10
Mevduat,2025-01-24,17,4
Mevduat,2025-01-27,0,2
Mevduat,2025-01-27,1,4
Mevduat,2025-01-27,6,10
Mevduat,2025-01-27,7,25
Mevduat,2025-01-27,8,27
Mevduat,2025-01-27,9,45
Mevduat,2025-01-27,10,15
Mevduat,2025-01-27,11,22
Mevduat,2025-01-27,12,36
Mevduat,2025-01-27,13,15
Mevduat,2025-01-27,14,21
Mevduat,2025-01-27,15,38
Mevduat,2025-01-27,16,5
Mevduat,2025-01-27,17,26
Mevduat,2025-01-27,18,2
Mevduat,2025-01-27,19,60
Mevduat,2025-01-28,4,13
Mevduat,2025-01-28,6,9
Mevduat,2025-01-28,7,14
Mevduat,2025-01-28,8,21
Mevduat,2025-01-28,9,10
Mevduat,2025-01-28,10,19
Mevduat,2025-01-28,11,11
Mevduat,2025-01-28,12,6
Mevduat,2025-01-28,13,16
Mevduat,2025-01-28,14,5
Mevduat,2025-01-28,15,34
Mevduat,2025-01-28,16,21
Mevduat,2025-01-28,17,2
Mevduat,2025-01-28,21,2
Mevduat,2025-01-29,3,2
Mevduat,2025-01-29,6,2
Mevduat,2025-01-29,7,6
Mevduat,2025-01-29,8,1
Mevduat,2025-01-29,9,10
Mevduat,2025-01-29,10,3
Mevduat,2025-01-29,11,25
Mevduat,2025-01-29,12,5
Mevduat,2025-01-29,14,7
Mevduat,2025-01-29,15,4
Mevduat,2025-01-29,16,6
Mevduat,2025-01-29,17,3
Mevduat,2025-01-29,18,7
Mevduat,2025-01-29,19,2
Mevduat,2025-01-29,21,2
Mevduat,2025-01-30,0,3
Mevduat,2025-01-30,4,3
Mevduat,2025-01-30,6,13
Mevduat,2025-01-30,8,11
Mevduat,2025-01-30,9,9
Mevduat,2025-01-30,10,3
Mevduat,2025-01-30,11,18
Mevduat,2025-01-30,12,1
Mevduat,2025-01-30,13,10
Mevduat,2025-01-30,14,19
Mevduat,2025-01-30,15,13
Mevduat,2025-01-30,16,13
Mevduat,2025-01-30,17,2
Mevduat,2025-01-30,18,1
Mevduat,2025-01-30,19,2
Mevduat,2025-01-30,20,2
Mevduat,2025-01-31,3,1
Mevduat,2025-01-31,6,1
Mevduat,2025-01-31,8,2
Mevduat,2025-01-31,9,14
Mevduat,2025-01-31,10,18
Mevduat,2025-01-31,11,14
Mevduat,2025-01-31,12,16
Mevduat,2025-01-31,13,20
Mevduat,2025-01-31,14,8
Mevduat,2025-01-31,15,14
Mevduat,2025-01-31,16,2
Mevduat,2025-01-31,17,6
Mevduat,2025-01-31,18,3
Mevduat,2025-01-31,20,12
Mevduat,2025-01-31,23,1
Mevduat,2025-02-03,5,2
Mevduat,2025-02-03,6,6
Mevduat,2025-02-03,7,22
Mevduat,2025-02-03,8,29
Mevduat,2025-02-03,9,32
Mevduat,2025-02-03,10,82
Mevduat,2025-02-03,11,12
Mevduat,2025-02-03,12,61
Mevduat,2025-02-03,13,10
Mevduat,2025-02-03,14,23
Mevduat,2025-02-03,15,8
Mevduat,2025-02-03,16,8
Mevduat,2025-02-03,17,19
Mevduat,2025-02-03,18,16
Mevduat,2025-02-03,22,3
Mevduat,2025-02-04,2,1
Mevduat,2025-02-04,3,7
Mevduat,2025-02-04,5,1
Mevduat,2025-02-04,6,1
Mevduat,2025-02-04,7,8
Mevduat,2025-02-04,8,5
Mevduat,2025-02-04,9,10
Mevduat,2025-02-04,10,6
Mevduat,2025-02-04,11,5
Mevduat,2025-02-04,12,6
Mevduat,2025-02-04,13,6
Mevduat,2025-02-04,14,3
Mevduat,2025-02-04,15,8
Mevduat,2025-02-04,16,9
Mevduat,2025-02-04,17,5
Mevduat,2025-02-04,18,1
Mevduat,2025-02-04,19,7
Mevduat,2025-02-05,6,3
Mevduat,2025-02-05,7,1
Mevduat,2025-02-05,8,8
Mevduat,2025-02-05,9,11
Mevduat,2025-02-05,10,21
Mevduat,2025-02-05,11,7
Mevduat,2025-02-05,12,2
Mevduat,2025-02-05,13,11
Mevduat,2025-02-05,14,13
Mevduat,2025-02-05,15,3
Mevduat,2025-02-05,16,3
Mevduat,2025-02-05,17,14
Mevduat,2025-02-05,18,1
Mevduat,2025-02-05,19,1
Mevduat,2025-02-06,0,1
Mevduat,2025-02-06,6,1
Mevduat,2025-02-06,8,1
Mevduat,2025-02-06,9,7
Mevduat,2025-02-06,10,13
Mevduat,2025-02-06,11,9
Mevduat,2025-02-06,12,19
Mevduat,2025-02-06,13,7
Mevduat,2025-02-06,14,11
Mevduat,2025-02-06,15,26
Mevduat,2025-02-06,16,4
Mevduat,2025-02-06,17,14
Mevduat,2025-02-06,18,1
Mevduat,2025-02-06,20,2
Mevduat,2025-02-07,3,1
Mevduat,2025-02-07,5,4
Mevduat,2025-02-07,7,6
Mevduat,2025-02-07,8,13
Mevduat,2025-02-07,9,7
Mevduat,2025-02-07,10,5
Mevduat,2025-02-07,11,37
Mevduat,2025-02-07,12,29
Mevduat,2025-02-07,13,12
Mevduat,2025-02-07,14,25
Mevduat,2025-02-07,15,5
Mevduat,2025-02-07,16,2
Mevduat,2025-02-07,17,5
Mevduat,2025-02-07,18,3
Mevduat,2025-02-07,23,1
Mevduat,2025-02-10,2,7
Mevduat,2025-02-10,5,11
Mevduat,2025-02-10,6,15
Mevduat,2025-02-10,7,13
Mevduat,2025-02-10,8,26
Mevduat,2025-02-10,9,70
Mevduat,2025-02-10,10,15
Mevduat,2025-02-10,11,29
Mevduat,2025-02-10,12,6
Mevduat,2025-02-10,13,24
Mevduat,2025-02-10,14,18
Mevduat,2025-02-10,15,55
Mevduat,2025-02-10,16,46
Mevduat,2025-02-10,17,11
Mevduat,2025-02-10,20,4
Mevduat,2025-02-11,3,2
Mevduat,2025-02-11,7,4
Mevduat,2025-02-11,8,8
Mevduat,2025-02-11,9,6
Mevduat,2025-02-11,10,4
Mevduat,2025-02-11,11,18
Mevduat,2025-02-11,12,7
Mevduat,2025-02-11,13,9
Mevduat,2025-02-11,14,4
Mevduat,2025-02-11,15,5
Mevduat,2025-02-11,16,1
Mevduat,2025-02-11,17,3
Mevduat,2025-02-11,18,1
Mevduat,2025-02-11,19,3
Mevduat,2025-02-12,2,2
Mevduat,2025-02-12,6,2
Mevduat,2025-02-12,8,17
Mevduat,2025-02-12,9,3
Mevduat,2025-02-12,10,10
Mevduat,2025-02-12,11,17
Mevduat,2025-02-12,12,37
Mevduat,2025-02-12,13,3
Mevduat,2025-02-12,14,5
Mevduat,2025-02-12,15,4
Mevduat,2025-02-12,16,9
Mevduat,2025-02-12,17,6
Mevduat,2025-02-12,18,3
Mevduat,2025-02-12,19,7
Mevduat,2025-02-12,22,2
Mevduat,2025-02-13,7,2
Mevduat,2025-02-13,8,24
Mevduat,2025-02-13,9,5
Mevduat,2025-02-13,10,59
Mevduat,2025-02-13,11,4
Mevduat,2025-02-13,12,19
Mevduat,2025-02-13,13,14
Mevduat,2025-02-13,14,15
Mevduat,2025-02-13,15,7
Mevduat,2025-02-13,16,7
Mevduat,2025-02-13,17,2
Mevduat,2025-02-13,18,10
Mevduat,2025-02-14,6,1
Mevduat,2025-02-14,8,16
Mevduat,2025-02-14,9,3
Mevduat,2025-02-14,10,26
Mevduat,2025-02-14,11,5
Mevduat,2025-02-14,12,2
Mevduat,2025-02-14,13,8
Mevduat,2025-02-14,14,2
Mevduat,2025-02-14,15,8
Mevduat,2025-02-14,16,13
Mevduat,2025-02-14,17,2
Mevduat,2025-02-14,19,3
Mevduat,2025-02-17,0,2
Mevduat,2025-02-17,6,5
Mevduat,2025-02-17,7,6
Mevduat,2025-02-17,8,25
Mevduat,2025-02-17,9,13
Mevduat,2025-02-17,10,11
Mevduat,2025-02-17,11,31
Mevduat,2025-02-17,12,1
Mevduat,2025-02-17,13,14
Mevduat,2025-02-17,14,38
Mevduat,2025-02-17,15,4
Mevduat,2025-02-17,16,9
Mevduat,2025-02-17,18,3
Mevduat,2025-02-17,19,4
Mevduat,2025-02-18,4,1
Mevduat,2025-02-18,7,4
Mevduat,2025-02-18,8,23
Mevduat,2025-02-18,9,1
Mevduat,2025-02-18,10,19
Mevduat,2025-02-18,11,1
Mevduat,2025-02-18,12,16
Mevduat,2025-02-18,13,12
Mevduat,2025-02-18,14,10
Mevduat,2025-02-18,15,6
Mevduat,2025-02-18,16,5
Mevduat,2025-02-18,17,5
Mevduat,2025-02-18,18,1
Mevduat,2025-02-18,22,1
Mevduat,2025-02-19,7,5
Mevduat,2025-02-19,8,22
Mevduat,2025-02-19,9,11
Mevduat,2025-02-19,10,2
Mevduat,2025-02-19,11,3
Mevduat,2025-02-19,12,12
Mevduat,2025-02-19,13,7
Mevduat,2025-02-19,14,13
Mevduat,2025-02-19,15,6
Mevduat,2025-02-19,16,13
Mevduat,2025-02-19,18,3
Mevduat,2025-02-19,19,14
Mevduat,2025-02-19,22,1
Mevduat,2025-02-20,6,6
Mevduat,2025-02-20,7,10
Mevduat,2025-02-20,8,24
Mevduat,2025-02-20,9,20
Mevduat,2025-02-20,10,41
Mevduat,2025-02-20,12,31
Mevduat,2025-02-20,13,7
Mevduat,2025-02-20,14,7
Mevduat,2025-02-20,15,7
Mevduat,2025-02-20,17,8
Mevduat,2025-02-20,18,10
Mevduat,2025-02-20,19,5
Mevduat,2025-02-21,5,1
Mevduat,2025-02-21,6,5
Mevduat,2025-02-21,7,2
Mevduat,2025-02-21,8,13
Mevduat,2025-02-21,9,16
Mevduat,2025-02-21,10,24
Mevduat,2025-02-21,11,3
Mevduat,2025-02-21,12,19
Mevduat,2025-02-21,13,9
Mevduat,2025-02-21,14,1
Mevduat,2025-02-21,15,2
Mevduat,2025-02-21,16,1
Mevduat,2025-02-21,17,10
Mevduat,2025-02-21,18,3
Mevduat,2025-02-21,19,11
Mevduat,2025-02-21,22,1
Mevduat,2025-02-24,1,7
Mevduat,2025-02-24,2,4
Mevduat,2025-02-24,4,2
Mevduat,2025-02-24,5,2
Mevduat,2025-02-24,6,1
Mevduat,2025-02-24,7,4
Mevduat,2025-02-24,8,9
Mevduat,2025-02-24,9,21
Mevduat,2025-02-24,10,10
Mevduat,2025-02-24,11,6
Mevduat,2025-02-24,12,32
Mevduat,2025-02-24,13,2
Mevduat,2025-02-24,14,6
Mevduat,2025-02-24,15,2
Mevduat,2025-02-24,16,3
Mevduat,2025-02-24,17,10
Mevduat,2025-02-24,18,5
Mevduat,2025-02-24,19,4
Mevduat,2025-02-24,20,1
Mevduat,2025-02-24,21,4
Mevduat,2025-02-25,6,2
Mevduat,2025-02-25,7,12
Mevduat,2025-02-25,8,15
Mevduat,2025-02-25,9,7
Mevduat,2025-02-25,10,8
Mevduat,2025-02-25,11,5
Mevduat,2025-02-25,12,15
Mevduat,2025-02-25,13,13
Mevduat,2025-02-25,14,5
Mevduat,2025-02-25,15,5
Mevduat,2025-02-25,16,4
Mevduat,2025-02-25,17,4
Mevduat,2025-02-25,18,18
Mevduat,2025-02-25,19,7
Mevduat,2025-02-26,2,1
Mevduat,2025-02-26,6,2
Mevduat,2025-02-26,7,10
Mevduat,2025-02-26,8,24
Mevduat,2025-02-26,9,13
Mevduat,2025-02-26,10,12
Mevduat,2025-02-26,11,11
Mevduat,2025-02-26,12,2
Mevduat,2025-02-26,13,5
Mevduat,2025-02-26,14,25
Mevduat,2025-02-26,15,8
Mevduat,2025-02-26,16,5
Mevduat,2025-02-26,19,1
Mevduat,2025-02-26,21,2
Mevduat,2025-02-26,23,4
Mevduat,2025-02-27,2,5
Mevduat,2025-02-27,5,1
Mevduat,2025-02-27,6,1
Mevduat,2025-02-27,7,3
Mevduat,2025-02-27,8,23
Mevduat,2025-02-27,9,13
Mevduat,2025-02-27,10,21
Mevduat,2025-02-27,11,13
Mevduat,2025-02-27,12,13
Mevduat,2025-02-27,13,8
Mevduat,2025-02-27,14,20
Mevduat,2025-02-27,15,26
Mevduat,2025-02-27,18,5
Mevduat,2025-02-27,19,5
Mevduat,2025-02-28,1,2
Mevduat,2025-02-28,6,6
Mevduat,2025-02-28,7,3
Mevduat,2025-02-28,8,16
Mevduat,2025-02-28,9,11
Mevduat,2025-02-28,10,8
Mevduat,2025-02-28,11,14
Mevduat,2025-02-28,12,24
Mevduat,2025-02-28,13,19
Mevduat,2025-02-28,14,6
Mevduat,2025-02-28,15,17
Mevduat,2025-02-28,16,2
Mevduat,2025-02-28,17,4
Mevduat,2025-02-28,18,1
Mevduat,2025-02-28,19,5
Mevduat,2025-03-03,2,1
Mevduat,2025-03-03,6,7
Mevduat,2025-03-03,7,18
Mevduat,2025-03-03,8,2
Mevduat,2025-03-03,9,29
Mevduat,2025-03-03,10,34
Mevduat,2025-03-03,11,10
Mevduat,2025-03-03,12,2
Mevduat,2025-03-03,13,10
Mevduat,2025-03-03,14,12
Mevduat,2025-03-03,15,7
Mevduat,2025-03-03,16,4
Mevduat,2025-03-03,17,4
Mevduat,2025-03-03,20,1
Mevduat,2025-03-04,6,1
Mevduat,2025-03-04,7,6
Mevduat,2025-03-04,8,23
Mevduat,2025-03-04,9,9
Mevduat,2025-03-04,10,7
Mevduat,2025-03-04,11,21
Mevduat,2025-03-04,12,8
Mevduat,2025-03-04,13,3
Mevduat,2025-03-04,14,4
Mevduat,2025-03-04,15,1
Mevduat,2025-03-04,16,4
Mevduat,2025-03-04,17,9
Mevduat,2025-03-04,18,14
Mevduat,2025-03-04,19,12
Mevduat,2025-03-05,2,1
Mevduat,2025-03-05,3,2
Mevduat,2025-03-05,7,1
Mevduat,2025-03-05,8,12
Mevduat,2025-03-05,9,1
Mevduat,2025-03-05,10,16
Mevduat,2025-03-05,11,8
Mevduat,2025-03-05,12,5
Mevduat,2025-03-05,13,5
Mevduat,2025-03-05,14,3
Mevduat,2025-03-05,15,10
Mevduat,2025-03-05,16,7
Mevduat,2025-03-05,17,3
Mevduat,2025-03-05,18,11
Mevduat,2025-03-06,4,2
Mevduat,2025-03-06,7,1
Mevduat,2025-03-06,8,23
Mevduat,2025-03-06,9,6
Mevduat,2025-03-06,10,2
Mevduat,2025-03-06,13,5
Mevduat,2025-03-06,14,4
Mevduat,2025-03-06,15,11
Mevduat,2025-03-06,16,1
Mevduat,2025-03-06,19,2
Mevduat,2025-03-06,22,1
Mevduat,2025-03-06,23,1
Mevduat,2025-03-07,7,7
Mevduat,2025-03-07,8,15
Mevduat,2025-03-07,9,16
Mevduat,2025-03-07,10,5
Mevduat,2025-03-07,11,16
Mevduat,2025-03-07,12,29
Mevduat,2025-03-07,13,6
Mevduat,2025-03-07,14,19
Mevduat,2025-03-07,15,12
Mevduat,2025-03-07,16,4
Mevduat,2025-03-07,17,4
Mevduat,2025-03-07,18,1
Mevduat,2025-03-07,19,7
Mevduat,2025-03-10,6,1
Mevduat,2025-03-10,7,15
Mevduat,2025-03-10,8,64
Mevduat,2025-03-10,9,34
Mevduat,2025-03-10,10,12
Mevduat,2025-03-10,11,16
Mevduat,2025-03-10,12,33
Mevduat,2025-03-10,13,73
Mevduat,2025-03-10,14,7
Mevduat,2025-03-10,15,7
Mevduat,2025-03-10,16,31
Mevduat,2025-03-10,17,26
Mevduat,2025-03-11,3,8
Mevduat,2025-03-11,7,9
Mevduat,2025-03-11,8,10
Mevduat,2025-03-11,9,12
Mevduat,2025-03-11,10,20
Mevduat,2025-03-11,11,3
Mevduat,2025-03-11,12,1
Mevduat,2025-03-11,13,12
Mevduat,2025-03-11,14,10
Mevduat,2025-03-11,15,2
Mevduat,2025-03-11,16,14
Mevduat,2025-03-11,17,10
Mevduat,2025-03-11,20,1
Mevduat,2025-03-12,2,13
Mevduat,2025-03-12,6,2
Mevduat,2025-03-12,7,3
Mevduat,2025-03-12,8,5
Mevduat,2025-03-12,9,28
Mevduat,2025-03-12,10,17
Mevduat,2025-03-12,11,5
Mevduat,2025-03-12,12,4
Mevduat,2025-03-12,13,12
Mevduat,2025-03-12,14,36
Mevduat,2025-03-12,15,60
Mevduat,2025-03-12,16,55
Mevduat,2025-03-12,17,1
Mevduat,2025-03-12,19,19
Mevduat,2025-03-13,3,1
Mevduat,2025-03-13,6,1
Mevduat,2025-03-13,7,6
Mevduat,2025-03-13,8,28
Mevduat,2025-03-13,9,15
Mevduat,2025-03-13,10,46
Mevduat,2025-03-13,11,3
Mevduat,2025-03-13,12,6
Mevduat,2025-03-13,13,13
Mevduat,2025-03-13,14,31
Mevduat,2025-03-13,15,17
Mevduat,2025-03-13,16,4
Mevduat,2025-03-13,17,5
Mevduat,2025-03-13,18,3
Mevduat,2025-03-13,19,12
Mevduat,2025-03-14,0,4
Mevduat,2025-03-14,5,1
Mevduat,2025-03-14,6,1
Mevduat,2025-03-14,7,2
Mevduat,2025-03-14,8,1
Mevduat,2025-03-14,9,6
Mevduat,2025-03-14,10,9
Mevduat,2025-03-14,11,5
Mevduat,2025-03-14,12,4
Mevduat,2025-03-14,13,5
Mevduat,2025-03-14,14,1
Mevduat,2025-03-14,15,9
Mevduat,2025-03-14,16,16
Mevduat,2025-03-14,17,3
Mevduat,2025-03-17,6,4
Mevduat,2025-03-17,7,20
Mevduat,2025-03-17,8,14
Mevduat,2025-03-17,9,35
Mevduat,2025-03-17,10,28
Mevduat,2025-03-17,11,5
Mevduat,2025-03-17,12,2
Mevduat,2025-03-17,13,19
Mevduat,2025-03-17,14,8
Mevduat,2025-03-17,15,3
Mevduat,2025-03-17,16,14
Mevduat,2025-03-17,18,4
Mevduat,2025-03-17,19,1
Mevduat,2025-03-17,22,13
Mevduat,2025-03-18,3,1
Mevduat,2025-03-18,5,1
Mevduat,2025-03-18,6,3
Mevduat,2025-03-18,7,5
Mevduat,2025-03-18,8,25
Mevduat,2025-03-18,9,17
Mevduat,2025-03-18,10,9
Mevduat,2025-03-18,11,12
Mevduat,2025-03-18,12,3
Mevduat,2025-03-18,13,5
Mevduat,2025-03-18,14,14
Mevduat,2025-03-18,15,8
Mevduat,2025-03-18,16,3
Mevduat,2025-03-18,17,14
Mevduat,2025-03-18,19,15
Mevduat,2025-03-19,0,4
Mevduat,2025-03-19,6,1
Mevduat,2025-03-19,7,21
Mevduat,2025-03-19,8,23
Mevduat,2025-03-19,9,19
Mevduat,2025-03-19,10,35
Mevduat,2025-03-19,11,23
Mevduat,2025-03-19,12,9
Mevduat,2025-03-19,13,27
Mevduat,2025-03-19,14,14
Mevduat,2025-03-19,15,29
Mevduat,2025-03-19,16,1
Mevduat,2025-03-19,17,3
Mevduat,2025-03-19,20,1
Mevduat,2025-03-19,23,3
Mevduat,2025-03-20,7,2
Mevduat,2025-03-20,8,10
Mevduat,2025-03-20,9,11
Mevduat,2025-03-20,10,47
Mevduat,2025-03-20,11,10
Mevduat,2025-03-20,12,3
Mevduat,2025-03-20,13,15
Mevduat,2025-03-20,14,16
Mevduat,2025-03-20,15,4
Mevduat,2025-03-20,16,13
Mevduat,2025-03-20,17,3
Mevduat,2025-03-20,18,15
Mevduat,2025-03-20,19,9
Mevduat,2025-03-20,20,1
Mevduat,2025-03-20,22,2
Mevduat,2025-03-20,23,2
Mevduat,2025-03-21,0,8
Mevduat,2025-03-21,5,1
Mevduat,2025-03-21,7,5
Mevduat,2025-03-21,8,6
Mevduat,2025-03-21,9,13
Mevduat,2025-03-21,10,4
Mevduat,2025-03-21,12,4
Mevduat,2025-03-21,13,19
Mevduat,2025-03-21,14,2
Mevduat,2025-03-21,16,4
Mevduat,2025-03-21,17,1
Mevduat,2025-03-21,18,6
Mevduat,2025-03-24,4,4
Mevduat,2025-03-24,6,10
Mevduat,2025-03-24,7,3
Mevduat,2025-03-24,8,29
Mevduat,2025-03-24,9,38
Mevduat,2025-03-24,10,4
Mevduat,2025-03-24,11,14
Mevduat,2025-03-24,12,25
Mevduat,2025-03-24,13,30
Mevduat,2025-03-24,14,35
Mevduat,2025-03-24,15,6
Mevduat,2025-03-24,16,18
Mevduat,2025-03-24,17,11
Mevduat,2025-03-24,22,11
Mevduat,2025-03-25,5,2
Mevduat,2025-03-25,7,16
Mevduat,2025-03-25,8,20
Mevduat,2025-03-25,9,62
Mevduat,2025-03-25,10,22
Mevduat,2025-03-25,11,14
Mevduat,2025-03-25,12,3
Mevduat,2025-03-25,13,4
Mevduat,2025-03-25,14,17
Mevduat,2025-03-25,15,20
Mevduat,2025-03-25,16,3
Mevduat,2025-03-25,17,21
Mevduat,2025-03-25,18,7
Mevduat,2025-03-25,19,4
Mevduat,2025-03-25,21,4
Mevduat,2025-03-26,5,1
Mevduat,2025-03-26,6,2
Mevduat,2025-03-26,7,6
Mevduat,2025-03-26,8,15
Mevduat,2025-03-26,9,7
Mevduat,2025-03-26,10,10
Mevduat,2025-03-26,11,6
Mevduat,2025-03-26,12,8
Mevduat,2025-03-26,13,4
Mevduat,2025-03-26,14,10
Mevduat,2025-03-26,15,18
Mevduat,2025-03-26,16,3
Mevduat,2025-03-26,17,4
Mevduat,2025-03-26,18,3
Mevduat,2025-03-26,19,1
Mevduat,2025-03-26,21,2
Mevduat,2025-03-27,1,1
Mevduat,2025-03-27,5,2
Mevduat,2025-03-27,7,6
Mevduat,2025-03-27,8,11
Mevduat,2025-03-27,9,3
Mevduat,2025-03-27,10,9
Mevduat,2025-03-27,11,12
Mevduat,2025-03-27,12,25
Mevduat,2025-03-27,13,1
Mevduat,2025-03-27,14,4
Mevduat,2025-03-27,15,11
Mevduat,2025-03-27,16,3
Mevduat,2025-03-27,17,9
Mevduat,2025-03-28,7,5
Mevduat,2025-03-28,8,11
Mevduat,2025-03-28,9,16
Mevduat,2025-03-28,10,29
Mevduat,2025-03-28,11,17
Mevduat,2025-03-28,12,7
Mevduat,2025-03-28,13,1
Mevduat,2025-03-28,14,25
Mevduat,2025-03-28,15,11
Mevduat,2025-03-28,16,15
Mevduat,2025-03-28,17,16
Mevduat,2025-03-28,18,4
Mevduat,2025-03-28,22,1
Mevduat,2025-04-02,3,7
Mevduat,2025-04-02,7,8
Mevduat,2025-04-02,8,12
Mevduat,2025-04-02,9,29
Mevduat,2025-04-02,10,14
Mevduat,2025-04-02,11,18
Mevduat,2025-04-02,12,29
Mevduat,2025-04-02,13,20
Mevduat,2025-04-02,14,23
Mevduat,2025-04-02,15,22
Mevduat,2025-04-02,16,12
Mevduat,2025-04-02,17,2
Mevduat,2025-04-02,18,3
Mevduat,2025-04-02,19,2
Mevduat,2025-04-02,21,1
Mevduat,2025-04-02,23,7
Mevduat,2025-04-03,1,1
Mevduat,2025-04-03,4,50
Mevduat,2025-04-03,6,8
Mevduat,2025-04-03,7,10
Mevduat,2025-04-03,8,23
Mevduat,2025-04-03,9,44
Mevduat,2025-04-03,10,8
Mevduat,2025-04-03,11,29
Mevduat,2025-04-03,12,23
Mevduat,2025-04-03,13,8
Mevduat,2025-04-03,14,13
Mevduat,2025-04-03,15,4
Mevduat,2025-04-03,16,28
Mevduat,2025-04-03,17,5
Mevduat,2025-04-03,19,7
Mevduat,2025-04-03,22,4
Mevduat,2025-04-04,6,1
Mevduat,2025-04-04,7,1
Mevduat,2025-04-04,8,8
Mevduat,2025-04-04,9,11
Mevduat,2025-04-04,10,33
Mevduat,2025-04-04,11,7
Mevduat,2025-04-04,12,9
Mevduat,2025-04-04,13,11
Mevduat,2025-04-04,14,35
Mevduat,2025-04-04,15,17
Mevduat,2025-04-04,16,9
Mevduat,2025-04-07,6,5
Mevduat,2025-04-07,7,12
Mevduat,2025-04-07,8,13
Mevduat,2025-04-07,9,9
Mevduat,2025-04-07,10,6
Mevduat,2025-04-07,11,7
Mevduat,2025-04-07,12,3
Mevduat,2025-04-07,13,6
Mevduat,2025-04-07,14,6
Mevduat,2025-04-07,15,2
Mevduat,2025-04-07,16,9
Mevduat,2025-04-07,17,11
Mevduat,2025-04-07,19,2
Mevduat,2025-04-07,20,1
Mevduat,2025-04-07,21,9
Mevduat,2025-04-08,5,5
Mevduat,2025-04-08,6,2
Mevduat,2025-04-08,7,6
Mevduat,2025-04-08,8,11
Mevduat,2025-04-08,9,32
Mevduat,2025-04-08,10,17
Mevduat,2025-04-08,11,29
Mevduat,2025-04-08,12,1
Mevduat,2025-04-08,13,16
Mevduat,2025-04-08,14,3
Mevduat,2025-04-08,15,3
Mevduat,2025-04-08,17,23
Mevduat,2025-04-08,18,1
Mevduat,2025-04-08,19,1
Mevduat,2025-04-09,0,2
Mevduat,2025-04-09,6,1
Mevduat,2025-04-09,7,2
Mevduat,2025-04-09,8,11
Mevduat,2025-04-09,9,11
Mevduat,2025-04-09,10,1
Mevduat,2025-04-09,11,22
Mevduat,2025-04-09,12,9
Mevduat,2025-04-09,13,3
Mevduat,2025-04-09,14,5
Mevduat,2025-04-09,15,1
Mevduat,2025-04-09,16,2
Mevduat,2025-04-09,17,1
Mevduat,2025-04-09,18,2
Mevduat,2025-04-09,19,7
Mevduat,2025-04-10,0,1
Mevduat,2025-04-10,6,2
Mevduat,2025-04-10,7,4
Mevduat,2025-04-10,8,30
Mevduat,2025-04-10,9,23
Mevduat,2025-04-10,10,7
Mevduat,2025-04-10,11,4
Mevduat,2025-04-10,12,7
Mevduat,2025-04-10,13,13
Mevduat,2025-04-10,14,2
Mevduat,2025-04-10,15,15
Mevduat,2025-04-10,16,1
Mevduat,2025-04-10,17,8
Mevduat,2025-04-10,18,5
Mevduat,2025-04-10,19,3
Mevduat,2025-04-11,7,1
Mevduat,2025-04-11,8,16
Mevduat,2025-04-11,9,7
Mevduat,2025-04-11,10,6
Mevduat,2025-04-11,11,27
Mevduat,2025-04-11,12,2
Mevduat,2025-04-11,13,8
Mevduat,2025-04-11,14,2
Mevduat,2025-04-11,15,2
Mevduat,2025-04-11,16,5
Mevduat,2025-04-11,17,2
Mevduat,2025-04-11,18,2
Mevduat,2025-04-11,19,3
Mevduat,2025-04-11,23,1
Mevduat,2025-04-14,6,19
Mevduat,2025-04-14,7,1
Mevduat,2025-04-14,8,15
Mevduat,2025-04-14,9,17
Mevduat,2025-04-14,10,29
Mevduat,2025-04-14,11,9
Mevduat,2025-04-14,12,3
Mevduat,2025-04-14,13,7
Mevduat,2025-04-14,14,12
Mevduat,2025-04-14,15,7
Mevduat,2025-04-14,16,3
Mevduat,2025-04-14,17,1
Mevduat,2025-04-14,18,5
Mevduat,2025-04-14,19,1
Mevduat,2025-04-14,23,3
Mevduat,2025-04-15,1,4
Mevduat,2025-04-15,6,1
Mevduat,2025-04-15,8,5
Mevduat,2025-04-15,9,10
Mevduat,2025-04-15,10,7
Mevduat,2025-04-15,11,6
Mevduat,2025-04-15,12,8
Mevduat,2025-04-15,13,24
Mevduat,2025-04-15,14,11
Mevduat,2025-04-15,15,6
Mevduat,2025-04-15,16,8
Mevduat,2025-04-15,17,1
Mevduat,2025-04-16,2,2
Mevduat,2025-04-16,6,8
Mevduat,2025-04-16,7,7
Mevduat,2025-04-16,8,8
Mevduat,2025-04-16,9,24
Mevduat,2025-04-16,10,40
Mevduat,2025-04-16,11,16
Mevduat,2025-04-16,12,10
Mevduat,2025-04-16,13,3
Mevduat,2025-04-16,14,37
Mevduat,2025-04-16,15,32
Mevduat,2025-04-16,16,13
Mevduat,2025-04-16,17,17
Mevduat,2025-04-16,18,11
Mevduat,2025-04-16,19,7
Mevduat,2025-04-16,21,2
Mevduat,2025-04-17,4,5
Mevduat,2025-04-17,7,2
Mevduat,2025-04-17,8,19
Mevduat,2025-04-17,9,23
Mevduat,2025-04-17,10,13
Mevduat,2025-04-17,11,27
Mevduat,2025-04-17,12,4
Mevduat,2025-04-17,13,2
Mevduat,2025-04-17,14,1
Mevduat,2025-04-17,15,4
Mevduat,2025-04-17,16,11
Mevduat,2025-04-17,17,3
Mevduat,2025-04-17,18,8
Mevduat,2025-04-17,19,11
Mevduat,2025-04-17,23,6
Mevduat,2025-04-18,4,1
Mevduat,2025-04-18,6,5
Mevduat,2025-04-18,7,17
Mevduat,2025-04-18,8,15
Mevduat,2025-04-18,9,14
Mevduat,2025-04-18,10,23
Mevduat,2025-04-18,11,5
Mevduat,2025-04-18,12,20
Mevduat,2025-04-18,13,26
Mevduat,2025-04-18,14,5
Mevduat,2025-04-18,15,9
Mevduat,2025-04-18,16,2
Mevduat,2025-04-18,17,9
Mevduat,2025-04-18,18,1
Mevduat,2025-04-18,19,4
Mevduat,2025-04-21,7,12
Mevduat,2025-04-21,8,23
Mevduat,2025-04-21,9,30
Mevduat,2025-04-21,10,44
Mevduat,2025-04-21,11,7
Mevduat,2025-04-21,12,7
Mevduat,2025-04-21,13,22
Mevduat,2025-04-21,14,33
Mevduat,2025-04-21,15,20
Mevduat,2025-04-21,16,47
Mevduat,2025-04-21,17,2
Mevduat,2025-04-21,18,6
Mevduat,2025-04-22,3,5
Mevduat,2025-04-22,6,1
Mevduat,2025-04-22,7,15
Mevduat,2025-04-22,8,37
Mevduat,2025-04-22,9,28
Mevduat,2025-04-22,10,51
Mevduat,2025-04-22,11,32
Mevduat,2025-04-22,12,5
Mevduat,2025-04-22,13,21
Mevduat,2025-04-22,14,10
Mevduat,2025-04-22,15,19
Mevduat,2025-04-22,16,10
Mevduat,2025-04-22,17,18
Mevduat,2025-04-24,5,3
Mevduat,2025-04-24,6,8
Mevduat,2025-04-24,7,12
Mevduat,2025-04-24,8,15
Mevduat,2025-04-24,9,18
Mevduat,2025-04-24,10,3
Mevduat,2025-04-24,11,4
Mevduat,2025-04-24,13,27
Mevduat,2025-04-24,14,11
Mevduat,2025-04-24,15,16
Mevduat,2025-04-24,16,3
Mevduat,2025-04-24,18,4
Mevduat,2025-04-25,8,2
Mevduat,2025-04-25,9,16
Mevduat,2025-04-25,10,12
Mevduat,2025-04-25,11,10
Mevduat,2025-04-25,12,4
Mevduat,2025-04-25,13,18
Mevduat,2025-04-25,14,21
Mevduat,2025-04-25,15,5
Mevduat,2025-04-25,16,4
Mevduat,2025-04-28,0,1
Mevduat,2025-04-28,1,2
Mevduat,2025-04-28,2,1
Mevduat,2025-04-28,6,7
Mevduat,2025-04-28,7,3
Mevduat,2025-04-28,8,31
Mevduat,2025-04-28,9,2
Mevduat,2025-04-28,10,44
Mevduat,2025-04-28,11,28
Mevduat,2025-04-28,12,10
Mevduat,2025-04-28,13,6
Mevduat,2025-04-28,14,21
Mevduat,2025-04-28,15,38
Mevduat,2025-04-28,16,6
Mevduat,2025-04-28,17,2
Mevduat,2025-04-28,18,2
Mevduat,2025-04-28,21,2
Mevduat,2025-04-29,1,6
Mevduat,2025-04-29,3,1
Mevduat,2025-04-29,6,1
Mevduat,2025-04-29,7,7
Mevduat,2025-04-29,8,32
Mevduat,2025-04-29,9,34
Mevduat,2025-04-29,10,33
Mevduat,2025-04-29,11,17
Mevduat,2025-04-29,12,8
Mevduat,2025-04-29,13,1
Mevduat,2025-04-29,14,21
Mevduat,2025-04-29,16,7
Mevduat,2025-04-29,17,11
Mevduat,2025-04-29,18,1
Mevduat,2025-04-29,19,5
Mevduat,2025-04-29,22,2
Mevduat,2025-04-30,4,1
Mevduat,2025-04-30,7,2
Mevduat,2025-04-30,8,5
Mevduat,2025-04-30,9,17
Mevduat,2025-04-30,10,8
Mevduat,2025-04-30,11,12
Mevduat,2025-04-30,12,11
Mevduat,2025-04-30,13,10
Mevduat,2025-04-30,14,5
Mevduat,2025-04-30,15,2
Mevduat,2025-04-30,16,6
Mevduat,2025-04-30,17,1
Mevduat,2025-04-30,18,7
Mevduat,2025-04-30,19,1
Mevduat,2025-05-02,6,7
Mevduat,2025-05-02,7,7
Mevduat,2025-05-02,8,29
Mevduat,2025-05-02,9,60
Mevduat,2025-05-02,10,21
Mevduat,2025-05-02,11,13
Mevduat,2025-05-02,12,11
Mevduat,2025-05-02,13,13
Mevduat,2025-05-02,14,52
Mevduat,2025-05-02,15,60
Mevduat,2025-05-02,16,18
Mevduat,2025-05-02,17,14
Mevduat,2025-05-02,18,14
Mevduat,2025-05-02,21,1
Mevduat,2025-05-02,23,2
Mevduat,2025-05-05,3,2
Mevduat,2025-05-05,6,10
Mevduat,2025-05-05,7,25
Mevduat,2025-05-05,8,44
Mevduat,2025-05-05,9,41
Mevduat,2025-05-05,10,5
Mevduat,2025-05-05,11,11
Mevduat,2025-05-05,12,10
Mevduat,2025-05-05,13,5
Mevduat,2025-05-05,14,12
Mevduat,2025-05-05,15,15
Mevduat,2025-05-05,16,3
Mevduat,2025-05-05,17,2
Mevduat,2025-05-05,18,8
Mevduat,2025-05-06,2,3
Mevduat,2025-05-06,6,2
Mevduat,2025-05-06,7,14
Mevduat,2025-05-06,8,9
Mevduat,2025-05-06,9,8
Mevduat,2025-05-06,10,5
Mevduat,2025-05-06,11,3
Mevduat,2025-05-06,12,7
Mevduat,2025-05-06,13,3
Mevduat,2025-05-06,14,8
Mevduat,2025-05-06,15,14
Mevduat,2025-05-06,16,1
Mevduat,2025-05-06,17,2
Mevduat,2025-05-06,18,2
Mevduat,2025-05-06,19,1
Mevduat,2025-05-07,1,9
Mevduat,2025-05-07,2,1
Mevduat,2025-05-07,3,5
Mevduat,2025-05-07,6,2
Mevduat,2025-05-07,7,30
Mevduat,2025-05-07,8,19
Mevduat,2025-05-07,9,59
Mevduat,2025-05-07,10,83
Mevduat,2025-05-07,11,3
Mevduat,2025-05-07,12,4
Mevduat,2025-05-07,13,11
Mevduat,2025-05-07,14,13
Mevduat,2025-05-07,15,31
Mevduat,2025-05-07,16,7
Mevduat,2025-05-07,17,12
Mevduat,2025-05-07,18,3
Mevduat,2025-05-07,19,7
Mevduat,2025-05-08,6,6
Mevduat,2025-05-08,7,2
Mevduat,2025-05-08,8,12
Mevduat,2025-05-08,9,11
Mevduat,2025-05-08,10,12
Mevduat,2025-05-08,11,2
Mevduat,2025-05-08,12,2
Mevduat,2025-05-08,13,15
Mevduat,2025-05-08,14,12
Mevduat,2025-05-08,15,6
Mevduat,2025-05-08,16,2
Mevduat,2025-05-08,17,2
Mevduat,2025-05-08,18,3
Mevduat,2025-05-09,6,2
Mevduat,2025-05-09,7,11
Mevduat,2025-05-09,8,4
Mevduat,2025-05-09,9,6
Mevduat,2025-05-09,10,8
Mevduat,2025-05-09,11,13
Mevduat,2025-05-09,12,6
Mevduat,2025-05-09,13,7
Mevduat,2025-05-09,14,10
Mevduat,2025-05-09,15,1
Mevduat,2025-05-09,16,3
Mevduat,2025-05-09,19,4
Mevduat,2025-05-09,22,1
Mevduat,2025-05-12,6,2
Mevduat,2025-05-12,8,18
Mevduat,2025-05-12,9,14
Mevduat,2025-05-12,10,13
Mevduat,2025-05-12,11,11
Mevduat,2025-05-12,12,13
Mevduat,2025-05-12,13,11
Mevduat,2025-05-12,14,10
Mevduat,2025-05-12,15,7
Mevduat,2025-05-12,16,17
Mevduat,2025-05-12,17,11
Mevduat,2025-05-12,20,1
Mevduat,2025-05-13,8,5
Mevduat,2025-05-13,9,16
Mevduat,2025-05-13,10,9
Mevduat,2025-05-13,11,8
Mevduat,2025-05-13,12,8
Mevduat,2025-05-13,13,3
Mevduat,2025-05-13,14,9
Mevduat,2025-05-13,15,8
Mevduat,2025-05-13,16,20
Mevduat,2025-05-13,17,2
Mevduat,2025-05-13,18,1
Mevduat,2025-05-13,19,1
Mevduat,2025-05-14,6,2
Mevduat,2025-05-14,7,18
Mevduat,2025-05-14,9,15
Mevduat,2025-05-14,10,13
Mevduat,2025-05-14,11,3
Mevduat,2025-05-14,12,10
Mevduat,2025-05-14,13,16
Mevduat,2025-05-14,14,7
Mevduat,2025-05-14,15,9
Mevduat,2025-05-14,16,11
Mevduat,2025-05-14,17,2
Mevduat,2025-05-14,19,2
Mevduat,2025-05-14,20,3
Mevduat,2025-05-15,7,4
Mevduat,2025-05-15,8,10
Mevduat,2025-05-15,9,4
Mevduat,2025-05-15,10,37
Mevduat,2025-05-15,11,10
Mevduat,2025-05-15,12,18
Mevduat,2025-05-15,13,15
Mevduat,2025-05-15,14,12
Mevduat,2025-05-15,15,19
Mevduat,2025-05-15,16,3
Mevduat,2025-05-15,17,10
Mevduat,2025-05-15,18,10
Mevduat,2025-05-15,19,1
Mevduat,2025-05-15,21,7
Mevduat,2025-05-15,23,1
Mevduat,2025-05-16,4,7
Mevduat,2025-05-16,6,10
Mevduat,2025-05-16,7,19
Mevduat,2025-05-16,8,22
Mevduat,2025-05-16,9,6
Mevduat,2025-05-16,10,5
Mevduat,2025-05-16,11,11
Mevduat,2025-05-16,12,8
Mevduat,2025-05-16,13,10
Mevduat,2025-05-16,14,17
Mevduat,2025-05-16,15,18
Mevduat,2025-05-16,16,21
Mevduat,2025-05-16,17,6
Mevduat,2025-05-16,18,7
Mevduat,2025-05-16,19,11
Mevduat,2025-05-20,1,20
Mevduat,2025-05-20,5,1
Mevduat,2025-05-20,6,3
Mevduat,2025-05-20,7,8
Mevduat,2025-05-20,8,15
Mevduat,2025-05-20,9,34
Mevduat,2025-05-20,10,27
Mevduat,2025-05-20,11,9
Mevduat,2025-05-20,12,8
Mevduat,2025-05-20,13,31
Mevduat,2025-05-20,14,4
Mevduat,2025-05-20,15,4
Mevduat,2025-05-20,17,26
Mevduat,2025-05-20,18,11
Mevduat,2025-05-20,19,9
Mevduat,2025-05-21,6,2
Mevduat,2025-05-21,7,2
Mevduat,2025-05-21,8,20
Mevduat,2025-05-21,9,8
Mevduat,2025-05-21,10,18
Mevduat,2025-05-21,11,46
Mevduat,2025-05-21,12,5
Mevduat,2025-05-21,13,10
Mevduat,2025-05-21,14,6
Mevduat,2025-05-21,15,21
Mevduat,2025-05-21,16,4
Mevduat,2025-05-21,17,13
Mevduat,2025-05-21,18,2
Mevduat,2025-05-21,19,21
Mevduat,2025-05-21,23,1
Mevduat,2025-05-22,0,2
Mevduat,2025-05-22,6,3
Mevduat,2025-05-22,7,9
Mevduat,2025-05-22,8,3
Mevduat,2025-05-22,9,23
Mevduat,2025-05-22,10,13
Mevduat,2025-05-22,11,7
Mevduat,2025-05-22,12,7
Mevduat,2025-05-22,13,11
Mevduat,2025-05-22,14,14
Mevduat,2025-05-22,15,7
Mevduat,2025-05-22,16,2
Mevduat,2025-05-22,17,9
Mevduat,2025-05-22,18,15
Mevduat,2025-05-22,19,2
Mevduat,2025-05-22,20,1
Mevduat,2025-05-23,6,1
Mevduat,2025-05-23,7,8
Mevduat,2025-05-23,8,7
Mevduat,2025-05-23,9,16
Mevduat,2025-05-23,11,18
Mevduat,2025-05-23,12,21
Mevduat,2025-05-23,13,9
Mevduat,2025-05-23,14,10
Mevduat,2025-05-23,15,5
Mevduat,2025-05-23,16,11
Mevduat,2025-05-23,17,2
Mevduat,2025-05-23,19,7
Mevduat,2025-05-23,20,2
Mevduat,2025-05-26,7,28
Mevduat,2025-05-26,8,59
Mevduat,2025-05-26,9,57
Mevduat,2025-05-26,10,26
Mevduat,2025-05-26,11,39
Mevduat,2025-05-26,12,28
Mevduat,2025-05-26,13,25
Mevduat,2025-05-26,14,15
Mevduat,2025-05-26,15,8
Mevduat,2025-05-26,16,30
Mevduat,2025-05-26,17,2
Mevduat,2025-05-26,18,12
Mevduat,2025-05-26,19,18
Mevduat,2025-05-26,20,1
Mevduat,2025-05-27,6,4
Mevduat,2025-05-27,7,5
Mevduat,2025-05-27,8,27
Mevduat,2025-05-27,9,17
Mevduat,2025-05-27,10,21
Mevduat,2025-05-27,11,17
Mevduat,2025-05-27,12,9
Mevduat,2025-05-27,13,3
Mevduat,2025-05-27,14,18
Mevduat,2025-05-27,15,6
Mevduat,2025-05-27,16,2
Mevduat,2025-05-27,17,5
Mevduat,2025-05-27,18,3
Mevduat,2025-05-28,4,6
Mevduat,2025-05-28,6,6
Mevduat,2025-05-28,8,10
Mevduat,2025-05-28,9,20
Mevduat,2025-05-28,10,11
Mevduat,2025-05-28,11,10
Mevduat,2025-05-28,12,3
Mevduat,2025-05-28,13,5
Mevduat,2025-05-28,14,7
Mevduat,2025-05-28,15,21
Mevduat,2025-05-28,16,11
Mevduat,2025-05-28,17,6
Mevduat,2025-05-28,18,3
Mevduat,2025-05-28,23,1
Mevduat,2025-05-29,6,10
Mevduat,2025-05-29,8,6
Mevduat,2025-05-29,9,3
Mevduat,2025-05-29,10,16
Mevduat,2025-05-29,11,10
Mevduat,2025-05-29,12,5
Mevduat,2025-05-29,13,11
Mevduat,2025-05-29,14,9
Mevduat,2025-05-29,15,11
Mevduat,2025-05-29,16,1
Mevduat,2025-05-29,17,1
Mevduat,2025-05-29,18,5
Mevduat,2025-05-29,19,14
Mevduat,2025-05-29,20,2
Mevduat,2025-05-30,7,2
Mevduat,2025-05-30,8,5
Mevduat,2025-05-30,9,20
Mevduat,2025-05-30,10,16
Mevduat,2025-05-30,11,30
Mevduat,2025-05-30,12,33
Mevduat,2025-05-30,13,12
Mevduat,2025-05-30,14,1
Mevduat,2025-05-30,15,11
Mevduat,2025-05-30,16,5
Mevduat,2025-05-30,17,13
Mevduat,2025-05-30,18,6
Mevduat,2025-05-30,19,1
Mevduat,2025-05-30,21,11
Mevduat,2025-06-02,7,13
Mevduat,2025-06-02,8,12
Mevduat,2025-06-02,9,7
Mevduat,2025-06-02,10,14
Mevduat,2025-06-02,11,16
Mevduat,2025-06-02,12,6
Mevduat,2025-06-02,13,27
Mevduat,2025-06-02,14,5
Mevduat,2025-06-02,15,3
Mevduat,2025-06-02,16,3
Mevduat,2025-06-02,18,15
Mevduat,2025-06-03,7,24
Mevduat,2025-06-03,8,13
Mevduat,2025-06-03,9,14
Mevduat,2025-06-03,10,10
Mevduat,2025-06-03,11,11
Mevduat,2025-06-03,12,21
Mevduat,2025-06-03,13,1
Mevduat,2025-06-03,14,16
Mevduat,2025-06-03,16,3
Mevduat,2025-06-03,17,1
Mevduat,2025-06-03,19,1
Mevduat,2025-06-04,6,1
Mevduat,2025-06-04,7,27
Mevduat,2025-06-04,8,1
Mevduat,2025-06-04,9,18
Mevduat,2025-06-04,10,18
Mevduat,2025-06-04,11,43
Mevduat,2025-06-04,12,2
Mevduat,2025-06-04,13,8
Mevduat,2025-06-04,14,15
Mevduat,2025-06-04,15,12
Mevduat,2025-06-04,16,7
Mevduat,2025-06-04,17,1
Mevduat,2025-06-04,18,3
Mevduat,2025-06-04,19,3
Mevduat,2025-06-04,20,1
Mevduat,2025-06-05,0,1
Mevduat,2025-06-05,3,1
Mevduat,2025-06-05,6,10
Mevduat,2025-06-05,7,1
Mevduat,2025-06-05,8,17
Mevduat,2025-06-05,9,45
Mevduat,2025-06-05,10,3
Mevduat,2025-06-05,11,77
Mevduat,2025-06-05,12,16
Mevduat,2025-06-05,13,3
Mevduat,2025-06-05,14,34
Mevduat,2025-06-05,15,32
Mevduat,2025-06-05,16,3
Mevduat,2025-06-05,17,2
Mevduat,2025-06-05,19,1
Mevduat,2025-06-05,20,2
Mevduat,2025-06-05,21,3
Mevduat,2025-06-10,0,1
Mevduat,2025-06-10,1,1
Mevduat,2025-06-10,2,2
Mevduat,2025-06-10,6,5
Mevduat,2025-06-10,7,11
Mevduat,2025-06-10,8,2
Mevduat,2025-06-10,9,16
Mevduat,2025-06-10,10,5
Mevduat,2025-06-10,11,7
Mevduat,2025-06-10,12,4
Mevduat,2025-06-10,13,17
Mevduat,2025-06-10,14,3
Mevduat,2025-06-10,15,7
Mevduat,2025-06-10,16,7
Mevduat,2025-06-10,17,10
Mevduat,2025-06-10,18,1
Mevduat,2025-06-10,19,1
Mevduat,2025-06-11,6,2
Mevduat,2025-06-11,7,21
Mevduat,2025-06-11,8,29
Mevduat,2025-06-11,9,13
Mevduat,2025-06-11,10,43
Mevduat,2025-06-11,11,15
Mevduat,2025-06-11,12,2
Mevduat,2025-06-11,13,11
Mevduat,2025-06-11,14,6
Mevduat,2025-06-11,15,7
Mevduat,2025-06-11,16,9
Mevduat,2025-06-11,18,2
Mevduat,2025-06-12,2,5
Mevduat,2025-06-12,3,1
Mevduat,2025-06-12,6,20
Mevduat,2025-06-12,7,4
Mevduat,2025-06-12,8,14
Mevduat,2025-06-12,9,23
Mevduat,2025-06-12,10,9
Mevduat,2025-06-12,11,6
Mevduat,2025-06-12,12,10
Mevduat,2025-06-12,13,4
Mevduat,2025-06-12,14,12
Mevduat,2025-06-12,15,9
Mevduat,2025-06-12,16,3
Mevduat,2025-06-12,18,1
Mevduat,2025-06-12,19,8
Mevduat,2025-06-13,6,2
Mevduat,2025-06-13,7,11
Mevduat,2025-06-13,8,13
Mevduat,2025-06-13,9,5
Mevduat,2025-06-13,10,18
Mevduat,2025-06-13,11,11
Mevduat,2025-06-13,12,9
Mevduat,2025-06-13,13,16
Mevduat,2025-06-13,14,4
Mevduat,2025-06-13,15,1
Mevduat,2025-06-13,17,6
Mevduat,2025-06-13,18,26
Mevduat,2025-06-16,5,2
Mevduat,2025-06-16,6,25
Mevduat,2025-06-16,8,5
Mevduat,2025-06-16,9,51
Mevduat,2025-06-16,10,13
Mevduat,2025-06-16,11,28
Mevduat,2025-06-16,12,3
Mevduat,2025-06-16,13,2
Mevduat,2025-06-16,14,10
Mevduat,2025-06-16,15,28
Mevduat,2025-06-16,16,4
Mevduat,2025-06-16,18,12
Mevduat,2025-06-16,19,2
Mevduat,2025-06-17,6,6
Mevduat,2025-06-17,7,3
Mevduat,2025-06-17,8,26
Mevduat,2025-06-17,9,24
Mevduat,2025-06-17,10,25
Mevduat,2025-06-17,11,29
Mevduat,2025-06-17,12,2
Mevduat,2025-06-17,13,9
Mevduat,2025-06-17,14,5
Mevduat,2025-06-17,15,19
Mevduat,2025-06-17,16,3
Mevduat,2025-06-17,17,9
Mevduat,2025-06-17,18,1
Mevduat,2025-06-17,20,1
Mevduat,2025-06-18,2,2
Mevduat,2025-06-18,7,13
Mevduat,2025-06-18,8,11
Mevduat,2025-06-18,9,12
Mevduat,2025-06-18,10,5
Mevduat,2025-06-18,11,8
Mevduat,2025-06-18,12,11
Mevduat,2025-06-18,13,21
Mevduat,2025-06-18,14,2
Mevduat,2025-06-18,15,15
Mevduat,2025-06-18,16,9
Mevduat,2025-06-18,18,1
Mevduat,2025-06-18,19,1
Mevduat,2025-06-19,2,8
Mevduat,2025-06-19,5,2
Mevduat,2025-06-19,7,6
Mevduat,2025-06-19,8,21
Mevduat,2025-06-19,9,17
Mevduat,2025-06-19,10,2
Mevduat,2025-06-19,11,4
Mevduat,2025-06-19,12,9
Mevduat,2025-06-19,13,15
Mevduat,2025-06-19,14,1
Mevduat,2025-06-19,15,4
Mevduat,2025-06-19,16,5
Mevduat,2025-06-19,17,3
Mevduat,2025-06-19,21,1
Mevduat,2025-06-20,7,1
Mevduat,2025-06-20,8,15
Mevduat,2025-06-20,9,36
Mevduat,2025-06-20,10,13
Mevduat,2025-06-20,11,18
Mevduat,2025-06-20,12,14
Mevduat,2025-06-20,13,3
Mevduat,2025-06-20,14,9
Mevduat,2025-06-20,15,7
Mevduat,2025-06-20,16,1
Mevduat,2025-06-20,17,8
Mevduat,2025-06-20,18,6
Mevduat,2025-06-20,19,3
Mevduat,2025-06-20,22,3
Mevduat,2025-06-23,1,1
Mevduat,2025-06-23,4,1
Mevduat,2025-06-23,5,2
Mevduat,2025-06-23,6,4
Mevduat,2025-06-23,7,2
Mevduat,2025-06-23,8,52
Mevduat,2025-06-23,9,37
Mevduat,2025-06-23,10,2
Mevduat,2025-06-23,11,33
Mevduat,2025-06-23,12,9
Mevduat,2025-06-23,13,5
Mevduat,2025-06-23,14,9
Mevduat,2025-06-23,15,11
Mevduat,2025-06-23,16,19
Mevduat,2025-06-23,19,4
Mevduat,2025-06-24,3,16
Mevduat,2025-06-24,6,2
Mevduat,2025-06-24,7,5
Mevduat,2025-06-24,8,23
Mevduat,2025-06-24,9,27
Mevduat,2025-06-24,10,8
Mevduat,2025-06-24,11,5
Mevduat,2025-06-24,12,34
Mevduat,2025-06-24,13,7
Mevduat,2025-06-24,14,9
Mevduat,2025-06-24,15,3
Mevduat,2025-06-24,16,5
Mevduat,2025-06-24,17,5
Mevduat,2025-06-24,18,2
Mevduat,2025-06-25,1,3
Mevduat,2025-06-25,7,4
Mevduat,2025-06-25,8,1
Mevduat,2025-06-25,9,10
Mevduat,2025-06-25,10,4
Mevduat,2025-06-25,11,2
Mevduat,2025-06-25,12,38
Mevduat,2025-06-25,13,26
Mevduat,2025-06-25,14,7
Mevduat,2025-06-25,15,2
Mevduat,2025-06-25,16,8
Mevduat,2025-06-25,18,4
Mevduat,2025-06-25,19,7
Mevduat,2025-06-25,22,1
Mevduat,2025-06-25,23,1
Mevduat,2025-06-26,6,1
Mevduat,2025-06-26,7,8
Mevduat,2025-06-26,8,15
Mevduat,2025-06-26,9,15
Mevduat,2025-06-26,10,8
Mevduat,2025-06-26,11,3
Mevduat,2025-06-26,12,1
Mevduat,2025-06-26,14,2
Mevduat,2025-06-26,15,2
Mevduat,2025-06-26,16,2
Mevduat,2025-06-26,19,4
Mevduat,2025-06-26,23,1
Mevduat,2025-06-27,3,1
Mevduat,2025-06-27,6,8
Mevduat,2025-06-27,8,20
Mevduat,2025-06-27,9,18
Mevduat,2025-06-27,10,16
Mevduat,2025-06-27,11,11
Mevduat,2025-06-27,12,9
Mevduat,2025-06-27,13,2
Mevduat,2025-06-27,14,21
Mevduat,2025-06-27,15,1
Mevduat,2025-06-27,16,17
Mevduat,2025-06-27,17,5
Mevduat,2025-06-27,18,1
Mevduat,2025-06-27,19,1
Mevduat,2025-06-27,23,1
Mevduat,2025-06-30,7,18
Mevduat,2025-06-30,8,12
Mevduat,2025-06-30,9,7
Mevduat,2025-06-30,10,4
Mevduat,2025-06-30,11,12
Mevduat,2025-06-30,12,10
Mevduat,2025-06-30,13,10
Mevduat,2025-06-30,14,32
Mevduat,2025-06-30,15,4
Mevduat,2025-06-30,16,6
Mevduat,2025-06-30,17,5
Mevduat,2025-06-30,18,1
Çek Tahsilat,2024-01-02,6,2
Çek Tahsilat,2024-01-02,7,2
Çek Tahsilat,2024-01-02,8,1
Çek Tahsilat,2024-01-02,9,4
Çek Tahsilat,2024-01-02,10,2
Çek Tahsilat,2024-01-02,11,8
Çek Tahsilat,2024-01-02,12,4
Çek Tahsilat,2024-01-02,13,1
Çek Tahsilat,2024-01-02,14,3
Çek Tahsilat,2024-01-02,15,1
Çek Tahsilat,2024-01-02,16,5
Çek Tahsilat,2024-01-02,17,2
Çek Tahsilat,2024-01-02,18,1
Çek Tahsilat,2024-01-02,20,1
Çek Tahsilat,2024-01-03,7,2
Çek Tahsilat,2024-01-03,8,5
Çek Tahsilat,2024-01-03,9,2
Çek Tahsilat,2024-01-03,10,1
Çek Tahsilat,2024-01-03,12,3
Çek Tahsilat,2024-01-03,13,1
Çek Tahsilat,2024-01-03,14,3
Çek Tahsilat,2024-01-03,15,2
Çek Tahsilat,2024-01-03,16,2
Çek Tahsilat,2024-01-04,6,1
Çek Tahsilat,2024-01-04,8,3
Çek Tahsilat,2024-01-04,9,6
Çek Tahsilat,2024-01-04,10,2
Çek Tahsilat,2024-01-04,11,12
Çek Tahsilat,2024-01-04,12,4
Çek Tahsilat,2024-01-04,13,17
Çek Tahsilat,2024-01-04,14,5
Çek Tahsilat,2024-01-04,15,9
Çek Tahsilat,2024-01-04,16,2
Çek Tahsilat,2024-01-04,17,5
Çek Tahsilat,2024-01-04,19,5
Çek Tahsilat,2024-01-05,3,1
Çek Tahsilat,2024-01-05,6,1
Çek Tahsilat,2024-01-05,8,8
Çek Tahsilat,2024-01-05,9,7
Çek Tahsilat,2024-01-05,10,16
Çek Tahsilat,2024-01-05,11,4
Çek Tahsilat,2024-01-05,12,1
Çek Tahsilat,2024-01-05,13,10
Çek Tahsilat,2024-01-05,14,18
Çek Tahsilat,2024-01-05,15,8
Çek Tahsilat,2024-01-05,16,1
Çek Tahsilat,2024-01-05,17,1
Çek Tahsilat,2024-01-05,19,2
Çek Tahsilat,2024-01-05,21,4
Çek Tahsilat,2024-01-08,5,12
Çek Tahsilat,2024-01-08,6,4
Çek Tahsilat,2024-01-08,7,4
Çek Tahsilat,2024-01-08,8,13
Çek Tahsilat,2024-01-08,9,13
Çek Tahsilat,2024-01-08,10,4
Çek Tahsilat,2024-01-08,11,17
Çek Tahsilat,2024-01-08,12,2
Çek Tahsilat,2024-01-08,13,1
Çek Tahsilat,2024-01-08,14,7
Çek Tahsilat,2024-01-08,15,8
Çek Tahsilat,2024-01-08,16,1
Çek Tahsilat,2024-01-08,17,15
Çek Tahsilat,2024-01-08,19,3
Çek Tahsilat,2024-01-08,22,2
Çek Tahsilat,2024-01-08,23,1
Çek Tahsilat,2024-01-09,2,4
Çek Tahsilat,2024-01-09,5,2
Çek Tahsilat,2024-01-09,6,2
Çek Tahsilat,2024-01-09,7,6
Çek Tahsilat,2024-01-09,8,9
Çek Tahsilat,2024-01-09,9,8
Çek Tahsilat,2024-01-09,10,9
Çek Tahsilat,2024-01-09,11,12
Çek Tahsilat,2024-01-09,12,18
Çek Tahsilat,2024-01-09,13,22
Çek Tahsilat,2024-01-09,14,19
Çek Tahsilat,2024-01-09,15,11
Çek Tahsilat,2024-01-09,16,2
Çek Tahsilat,2024-01-09,17,2
Çek Tahsilat,2024-01-09,19,1
Çek Tahsilat,2024-01-10,2,1
Çek Tahsilat,2024-01-10,6,3
Çek Tahsilat,2024-01-10,7,7
Çek Tahsilat,2024-01-10,8,4
Çek Tahsilat,2024-01-10,9,18
Çek Tahsilat,2024-01-10,10,26
Çek Tahsilat,2024-01-10,11,15
Çek Tahsilat,2024-01-10,12,10
Çek Tahsilat,2024-01-10,13,3
Çek Tahsilat,2024-01-10,14,14
Çek Tahsilat,2024-01-10,15,30
Çek Tahsilat,2024-01-10,16,1
Çek Tahsilat,2024-01-10,17,10
Çek Tahsilat,2024-01-10,18,1
Çek Tahsilat,2024-01-10,19,1
Çek Tahsilat,2024-01-10,22,3
Çek Tahsilat,2024-01-11,8,8
Çek Tahsilat,2024-01-11,9,8
Çek Tahsilat,2024-01-11,10,4
Çek Tahsilat,2024-01-11,11,5
Çek Tahsilat,2024-01-11,12,1
Çek Tahsilat,2024-01-11,13,5
Çek Tahsilat,2024-01-11,14,2
Çek Tahsilat,2024-01-11,15,3
Çek Tahsilat,2024-01-11,16,4
Çek Tahsilat,2024-01-11,17,2
Çek Tahsilat,2024-01-11,18,2
Çek Tahsilat,2024-01-12,7,1
Çek Tahsilat,2024-01-12,9,3
Çek Tahsilat,2024-01-12,11,10
Çek Tahsilat,2024-01-12,12,5
Çek Tahsilat,2024-01-12,13,5
Çek Tahsilat,2024-01-12,14,2
Çek Tahsilat,2024-01-12,15,16
Çek Tahsilat,2024-01-12,17,2
Çek Tahsilat,2024-01-12,18,3
Çek Tahsilat,2024-01-12,19,1
Çek Tahsilat,2024-01-15,1,4
Çek Tahsilat,2024-01-15,4,2
Çek Tahsilat,2024-01-15,6,1
Çek Tahsilat,2024-01-15,7,20
Çek Tahsilat,2024-01-15,8,8
Çek Tahsilat,2024-01-15,9,23
Çek Tahsilat,2024-01-15,10,49
Çek Tahsilat,2024-01-15,11,24
Çek Tahsilat,2024-01-15,12,13
Çek Tahsilat,2024-01-15,13,8
Çek Tahsilat,2024-01-15,14,9
Çek Tahsilat,2024-01-15,15,29
Çek Tahsilat,2024-01-15,16,25
Çek Tahsilat,2024-01-15,17,5
Çek Tahsilat,2024-01-15,18,12
Çek Tahsilat,2024-01-15,19,5
Çek Tahsilat,2024-01-16,7,2
Çek Tahsilat,2024-01-16,8,2
Çek Tahsilat,2024-01-16,9,11
Çek Tahsilat,2024-01-16,10,8
Çek Tahsilat,2024-01-16,11,2
Çek Tahsilat,2024-01-16,12,6
Çek Tahsilat,2024-01-16,13,8
Çek Tahsilat,2024-01-16,14,7
Çek Tahsilat,2024-01-16,15,1
Çek Tahsilat,2024-01-16,18,7
Çek Tahsilat,2024-01-17,6,1
Çek Tahsilat,2024-01-17,9,6
Çek Tahsilat,2024-01-17,14,1
Çek Tahsilat,2024-01-17,15,1
Çek Tahsilat,2024-01-17,18,2
Çek Tahsilat,2024-01-17,19,2
Çek Tahsilat,2024-01-17,22,2
Çek Tahsilat,2024-01-18,7,9
Çek Tahsilat,2024-01-18,8,5
Çek Tahsilat,2024-01-18,9,6
Çek Tahsilat,2024-01-18,10,10
Çek Tahsilat,2024-01-18,12,24
Çek Tahsilat,2024-01-18,13,21
Çek Tahsilat,2024-01-18,14,30
Çek Tahsilat,2024-01-18,15,4
Çek Tahsilat,2024-01-18,16,16
Çek Tahsilat,2024-01-18,17,3
Çek Tahsilat,2024-01-18,18,14
Çek Tahsilat,2024-01-18,19,8
Çek Tahsilat,2024-01-19,6,1
Çek Tahsilat,2024-01-19,8,1
Çek Tahsilat,2024-01-19,10,2
Çek Tahsilat,2024-01-19,11,3
Çek Tahsilat,2024-01-19,14,3
Çek Tahsilat,2024-01-19,16,1
Çek Tahsilat,2024-01-19,18,2
Çek Tahsilat,2024-01-22,7,3
Çek Tahsilat,2024-01-22,8,28
Çek Tahsilat,2024-01-22,9,31
Çek Tahsilat,2024-01-22,10,48
Çek Tahsilat,2024-01-22,11,4
Çek Tahsilat,2024-01-22,12,14
Çek Tahsilat,2024-01-22,13,11
Çek Tahsilat,2024-01-22,14,25
Çek Tahsilat,2024-01-22,15,16
Çek Tahsilat,2024-01-22,16,9
Çek Tahsilat,2024-01-22,17,19
Çek Tahsilat,2024-01-22,18,4
Çek Tahsilat,2024-01-22,19,1
Çek Tahsilat,2024-01-23,6,7
Çek Tahsilat,2024-01-23,7,2
Çek Tahsilat,2024-01-23,8,20
Çek Tahsilat,2024-01-23,9,10
Çek Tahsilat,2024-01-23,10,3
Çek Tahsilat,2024-01-23,11,14
Çek Tahsilat,2024-01-23,12,4
Çek Tahsilat,2024-01-23,13,7
Çek Tahsilat,2024-01-23,14,1
Çek Tahsilat,2024-01-23,15,4
Çek Tahsilat,2024-01-23,16,4
Çek Tahsilat,2024-01-24,1,2
Çek Tahsilat,2024-01-24,5,1
Çek Tahsilat,2024-01-24,6,2
Çek Tahsilat,2024-01-24,8,6
Çek Tahsilat,2024-01-24,9,5
Çek Tahsilat,2024-01-24,10,1
Çek Tahsilat,2024-01-24,11,10
Çek Tahsilat,2024-01-24,12,1
Çek Tahsilat,2024-01-24,14,1
Çek Tahsilat,2024-01-24,15,4
Çek Tahsilat,2024-01-24,16,1
Çek Tahsilat,2024-01-24,17,2
Çek Tahsilat,2024-01-24,18,1
Çek Tahsilat,2024-01-25,1,1
Çek Tahsilat,2024-01-25,2,3
Çek Tahsilat,2024-01-25,3,3
Çek Tahsilat,2024-01-25,6,2
Çek Tahsilat,2024-01-25,8,10
Çek Tahsilat,2024-01-25,9,15
Çek Tahsilat,2024-01-25,10,3
Çek Tahsilat,2024-01-25,11,12
Çek Tahsilat,2024-01-25,12,4
Çek Tahsilat,2024-01-25,13,4
Çek Tahsilat,2024-01-25,14,8
Çek Tahsilat,2024-01-25,15,2
Çek Tahsilat,2024-01-25,16,18
Çek Tahsilat,2024-01-25,17,1
Çek Tahsilat,2024-01-25,18,4
Çek Tahsilat,2024-01-25,22,2
Çek Tahsilat,2024-01-25,23,1
Çek Tahsilat,2024-01-26,11,1
Çek Tahsilat,2024-01-26,12,1
Çek Tahsilat,2024-01-29,7,2
Çek Tahsilat,2024-01-29,8,2
Çek Tahsilat,2024-01-29,9,35
Çek Tahsilat,2024-01-29,10,2
Çek Tahsilat,2024-01-29,11,10
Çek Tahsilat,2024-01-29,12,20
Çek Tahsilat,2024-01-29,13,4
Çek Tahsilat,2024-01-29,14,6
Çek Tahsilat,2024-01-29,15,1
Çek Tahsilat,2024-01-29,16,1
Çek Tahsilat,2024-01-29,18,2
Çek Tahsilat,2024-01-29,19,2
Çek Tahsilat,2024-01-29,20,2
Çek Tahsilat,2024-01-30,7,4
Çek Tahsilat,2024-01-30,8,4
Çek Tahsilat,2024-01-30,9,8
Çek Tahsilat,2024-01-30,10,6
Çek Tahsilat,2024-01-30,11,1
Çek Tahsilat,2024-01-30,13,8
Çek Tahsilat,2024-01-30,14,5
Çek Tahsilat,2024-01-30,15,2
Çek Tahsilat,2024-01-30,17,1
Çek Tahsilat,2024-01-30,18,10
Çek Tahsilat,2024-01-30,19,1
Çek Tahsilat,2024-01-30,20,11
Çek Tahsilat,2024-01-31,6,6
Çek Tahsilat,2024-01-31,7,5
Çek Tahsilat,2024-01-31,8,8
Çek Tahsilat,2024-01-31,9,18
Çek Tahsilat,2024-01-31,10,1
Çek Tahsilat,2024-01-31,11,17
Çek Tahsilat,2024-01-31,12,1
Çek Tahsilat,2024-01-31,13,3
Çek Tahsilat,2024-01-31,14,8
Çek Tahsilat,2024-01-31,15,19
Çek Tahsilat,2024-01-31,16,5
Çek Tahsilat,2024-01-31,17,7
Çek Tahsilat,2024-01-31,18,3
Çek Tahsilat,2024-01-31,19,3
Çek Tahsilat,2024-01-31,22,2
Çek Tahsilat,2024-02-01,7,8
Çek Tahsilat,2024-02-01,8,15
Çek Tahsilat,2024-02-01,9,12
Çek Tahsilat,2024-02-01,10,35
Çek Tahsilat,2024-02-01,11,12
Çek Tahsilat,2024-02-01,12,10
Çek Tahsilat,2024-02-01,13,18
Çek Tahsilat,2024-02-01,14,5
Çek Tahsilat,2024-02-01,15,22
Çek Tahsilat,2024-02-01,16,2
Çek Tahsilat,2024-02-01,17,31
Çek Tahsilat,2024-02-01,18,2
Çek Tahsilat,2024-02-01,20,6
Çek Tahsilat,2024-02-02,8,4
Çek Tahsilat,2024-02-02,11,3
Çek Tahsilat,2024-02-02,15,1
Çek Tahsilat,2024-02-02,17,1
Çek Tahsilat,2024-02-05,4,2
Çek Tahsilat,2024-02-05,6,9
Çek Tahsilat,2024-02-05,7,1
Çek Tahsilat,2024-02-05,8,11
Çek Tahsilat,2024-02-05,9,28
Çek Tahsilat,2024-02-05,10,15
Çek Tahsilat,2024-02-05,11,11
Çek Tahsilat,2024-02-05,12,3
Çek Tahsilat,2024-02-05,13,7
Çek Tahsilat,2024-02-05,14,1
Çek Tahsilat,2024-02-05,15,5
Çek Tahsilat,2024-02-05,16,1
Çek Tahsilat,2024-02-05,17,6
Çek Tahsilat,2024-02-05,18,13
Çek Tahsilat,2024-02-05,19,1
Çek Tahsilat,2024-02-05,23,1
Çek Tahsilat,2024-02-06,6,1
Çek Tahsilat,2024-02-06,7,5
Çek Tahsilat,2024-02-06,8,7
Çek Tahsilat,2024-02-06,9,3
Çek Tahsilat,2024-02-06,10,3
Çek Tahsilat,2024-02-06,11,1
Çek Tahsilat,2024-02-06,12,2
Çek Tahsilat,2024-02-06,13,5
Çek Tahsilat,2024-02-06,14,3
Çek Tahsilat,2024-02-06,16,1
Çek Tahsilat,2024-02-06,17,3
Çek Tahsilat,2024-02-06,18,1
Çek Tahsilat,2024-02-07,8,7
Çek Tahsilat,2024-02-07,9,10
Çek Tahsilat,2024-02-07,10,4
Çek Tahsilat,2024-02-07,12,2
Çek Tahsilat,2024-02-07,13,3
Çek Tahsilat,2024-02-07,14,6
Çek Tahsilat,2024-02-07,15,1
Çek Tahsilat,2024-02-07,16,3
Çek Tahsilat,2024-02-07,17,12
Çek Tahsilat,2024-02-07,18,3
Çek Tahsilat,2024-02-07,19,4
Çek Tahsilat,2024-02-08,3,1
Çek Tahsilat,2024-02-08,6,2
Çek Tahsilat,2024-02-08,8,7
Çek Tahsilat,2024-02-08,10,3
Çek Tahsilat,2024-02-08,11,2
Çek Tahsilat,2024-02-08,12,4
Çek Tahsilat,2024-02-08,13,7
Çek Tahsilat,2024-02-08,14,7
Çek Tahsilat,2024-02-08,15,2
Çek Tahsilat,2024-02-08,19,1
Çek Tahsilat,2024-02-09,2,1
Çek Tahsilat,2024-02-09,7,6
Çek Tahsilat,2024-02-09,8,2
Çek Tahsilat,2024-02-09,9,10
Çek Tahsilat,2024-02-09,10,6
Çek Tahsilat,2024-02-09,11,7
Çek Tahsilat,2024-02-09,12,4
Çek Tahsilat,2024-02-09,13,3
Çek Tahsilat,2024-02-09,14,3
Çek Tahsilat,2024-02-09,17,2
Çek Tahsilat,2024-02-09,19,5
Çek Tahsilat,2024-02-12,1,5
Çek Tahsilat,2024-02-12,4,1
Çek Tahsilat,2024-02-12,5,9
Çek Tahsilat,2024-02-12,7,3
Çek Tahsilat,2024-02-12,8,1
Çek Tahsilat,2024-02-12,9,29
Çek Tahsilat,2024-02-12,10,18
Çek Tahsilat,2024-02-12,11,17
Çek Tahsilat,2024-02-12,12,16
Çek Tahsilat,2024-02-12,13,18
Çek Tahsilat,2024-02-12,14,17
Çek Tahsilat,2024-02-12,16,25
Çek Tahsilat,2024-02-12,18,3
Çek Tahsilat,2024-02-12,19,1
Çek Tahsilat,2024-02-13,3,1
Çek Tahsilat,2024-02-13,7,4
Çek Tahsilat,2024-02-13,8,1
Çek Tahsilat,2024-02-13,9,3
Çek Tahsilat,2024-02-13,10,2
Çek Tahsilat,2024-02-13,11,3
Çek Tahsilat,2024-02-13,13,5
Çek Tahsilat,2024-02-13,14,3
Çek Tahsilat,2024-02-13,15,1
Çek Tahsilat,2024-02-13,16,3
Çek Tahsilat,2024-02-13,18,1
Çek Tahsilat,2024-02-13,19,4
Çek Tahsilat,2024-02-14,1,1
Çek Tahsilat,2024-02-14,10,2
Çek Tahsilat,2024-02-14,11,1
Çek Tahsilat,2024-02-14,13,1
Çek Tahsilat,2024-02-14,15,3
Çek Tahsilat,2024-02-14,16,1
Çek Tahsilat,2024-02-15,1,1
Çek Tahsilat,2024-02-15,7,11
Çek Tahsilat,2024-02-15,8,11
Çek Tahsilat,2024-02-15,9,4
Çek Tahsilat,2024-02-15,10,2
Çek Tahsilat,2024-02-15,11,13
Çek Tahsilat,2024-02-15,12,16
Çek Tahsilat,2024-02-15,13,5
Çek Tahsilat,2024-02-15,14,19
Çek Tahsilat,2024-02-15,15,4
Çek Tahsilat,2024-02-15,16,6
Çek Tahsilat,2024-02-15,17,9
Çek Tahsilat,2024-02-15,19,3
Çek Tahsilat,2024-02-16,7,3
Çek Tahsilat,2024-02-16,8,3
Çek Tahsilat,2024-02-16,9,2
Çek Tahsilat,2024-02-16,10,2
Çek Tahsilat,2024-02-16,11,1
Çek Tahsilat,2024-02-16,12,1
Çek Tahsilat,2024-02-16,13,1
Çek Tahsilat,2024-02-16,14,4
Çek Tahsilat,2024-02-19,4,2
Çek Tahsilat,2024-02-19,7,9
Çek Tahsilat,2024-02-19,8,15
Çek Tahsilat,2024-02-19,9,10
Çek Tahsilat,2024-02-19,10,15
Çek Tahsilat,2024-02-19,11,9
Çek Tahsilat,2024-02-19,12,6
Çek Tahsilat,2024-02-19,13,41
Çek Tahsilat,2024-02-19,14,9
Çek Tahsilat,2024-02-19,15,14
Çek Tahsilat,2024-02-19,16,13
Çek Tahsilat,2024-02-19,17,4
Çek Tahsilat,2024-02-20,3,4
Çek Tahsilat,2024-02-20,8,2
Çek Tahsilat,2024-02-20,9,16
Çek Tahsilat,2024-02-20,10,11
Çek Tahsilat,2024-02-20,11,6
Çek Tahsilat,2024-02-20,12,7
Çek Tahsilat,2024-02-20,13,3
Çek Tahsilat,2024-02-20,14,1
Çek Tahsilat,2024-02-20,15,1
Çek Tahsilat,2024-02-20,16,3
Çek Tahsilat,2024-02-20,21,1
Çek Tahsilat,2024-02-21,6,2
Çek Tahsilat,2024-02-21,7,5
Çek Tahsilat,2024-02-21,8,10
Çek Tahsilat,2024-02-21,9,10
Çek Tahsilat,2024-02-21,10,6
Çek Tahsilat,2024-02-21,11,2
Çek Tahsilat,2024-02-21,12,1
Çek Tahsilat,2024-02-21,14,4
Çek Tahsilat,2024-02-21,15,2
Çek Tahsilat,2024-02-21,17,1
Çek Tahsilat,2024-02-21,18,4
Çek Tahsilat,2024-02-22,3,1
Çek Tahsilat,2024-02-22,7,2
Çek Tahsilat,2024-02-22,9,2
Çek Tahsilat,2024-02-22,10,3
Çek Tahsilat,2024-02-22,11,4
Çek Tahsilat,2024-02-22,12,1
Çek Tahsilat,2024-02-22,13,5
Çek Tahsilat,2024-02-22,14,1
Çek Tahsilat,2024-02-22,15,2
Çek Tahsilat,2024-02-22,19,2
Çek Tahsilat,2024-02-23,2,1
Çek Tahsilat,2024-02-23,3,1
Çek Tahsilat,2024-02-23,7,3
Çek Tahsilat,2024-02-23,8,4
Çek Tahsilat,2024-02-23,9,3
Çek Tahsilat,2024-02-23,11,2
Çek Tahsilat,2024-02-23,12,3
Çek Tahsilat,2024-02-23,13,3
Çek Tahsilat,2024-02-23,14,2
Çek Tahsilat,2024-02-23,15,2
Çek Tahsilat,2024-02-23,16,4
Çek Tahsilat,2024-02-23,19,1
Çek Tahsilat,2024-02-23,21,1
Çek Tahsilat,2024-02-26,5,7
Çek Tahsilat,2024-02-26,6,5
Çek Tahsilat,2024-02-26,7,33
Çek Tahsilat,2024-02-26,8,7
Çek Tahsilat,2024-02-26,9,24
Çek Tahsilat,2024-02-26,10,26
Çek Tahsilat,2024-02-26,11,4
Çek Tahsilat,2024-02-26,12,16
Çek Tahsilat,2024-02-26,13,28
Çek Tahsilat,2024-02-26,14,57
Çek Tahsilat,2024-02-26,15,13
Çek Tahsilat,2024-02-26,16,25
Çek Tahsilat,2024-02-26,17,14
Çek Tahsilat,2024-02-26,18,7
Çek Tahsilat,2024-02-26,19,1
Çek Tahsilat,2024-02-26,20,21
Çek Tahsilat,2024-02-26,23,2
Çek Tahsilat,2024-02-27,7,2
Çek Tahsilat,2024-02-27,8,4
Çek Tahsilat,2024-02-27,9,28
Çek Tahsilat,2024-02-27,10,11
Çek Tahsilat,2024-02-27,11,2
Çek Tahsilat,2024-02-27,12,6
Çek Tahsilat,2024-02-27,13,6
Çek Tahsilat,2024-02-27,14,1
Çek Tahsilat,2024-02-27,15,9
Çek Tahsilat,2024-02-27,16,6
Çek Tahsilat,2024-02-27,20,1
Çek Tahsilat,2024-02-28,9,1
Çek Tahsilat,2024-02-28,10,1
Çek Tahsilat,2024-02-28,11,1
Çek Tahsilat,2024-02-28,12,2
Çek Tahsilat,2024-02-28,15,1
Çek Tahsilat,2024-02-28,16,2
Çek Tahsilat,2024-02-28,18,3
Çek Tahsilat,2024-02-29,1,1
Çek Tahsilat,2024-02-29,8,3
Çek Tahsilat,2024-02-29,10,13
Çek Tahsilat,2024-02-29,11,3
Çek Tahsilat,2024-02-29,12,6
Çek Tahsilat,2024-02-29,13,13
Çek Tahsilat,2024-02-29,14,4
Çek Tahsilat,2024-02-29,15,1
Çek Tahsilat,2024-03-01,3,2
Çek Tahsilat,2024-03-01,8,3
Çek Tahsilat,2024-03-01,9,1
Çek Tahsilat,2024-03-01,10,1
Çek Tahsilat,2024-03-01,13,1
Çek Tahsilat,2024-03-01,14,1
Çek Tahsilat,2024-03-01,15,1
Çek Tahsilat,2024-03-01,17,1
Çek Tahsilat,2024-03-04,8,1
Çek Tahsilat,2024-03-04,9,1
Çek Tahsilat,2024-03-04,13,2
Çek Tahsilat,2024-03-04,17,1
Çek Tahsilat,2024-03-05,2,1
Çek Tahsilat,2024-03-05,7,3
Çek Tahsilat,2024-03-05,9,3
Çek Tahsilat,2024-03-05,10,9
Çek Tahsilat,2024-03-05,11,2
Çek Tahsilat,2024-03-05,12,7
Çek Tahsilat,2024-03-05,14,8
Çek Tahsilat,2024-03-05,15,2
Çek Tahsilat,2024-03-05,16,2
Çek Tahsilat,2024-03-05,17,2
Çek Tahsilat,2024-03-05,18,12
Çek Tahsilat,2024-03-05,19,3
Çek Tahsilat,2024-03-05,20,1
Çek Tahsilat,2024-03-05,21,2
Çek Tahsilat,2024-03-05,22,3
Çek Tahsilat,2024-03-06,0,2
Çek Tahsilat,2024-03-06,6,1
Çek Tahsilat,2024-03-06,8,2
Çek Tahsilat,2024-03-06,9,1
Çek Tahsilat,2024-03-06,10,2
Çek Tahsilat,2024-03-06,11,4
Çek Tahsilat,2024-03-06,13,1
Çek Tahsilat,2024-03-06,14,1
Çek Tahsilat,2024-03-06,15,3
Çek Tahsilat,2024-03-07,6,1
Çek Tahsilat,2024-03-07,8,2
Çek Tahsilat,2024-03-07,9,3
Çek Tahsilat,2024-03-07,10,8
Çek Tahsilat,2024-03-07,11,4
Çek Tahsilat,2024-03-07,12,5
Çek Tahsilat,2024-03-07,13,3
Çek Tahsilat,2024-03-07,14,4
Çek Tahsilat,2024-03-07,15,12
Çek Tahsilat,2024-03-07,16,2
Çek Tahsilat,2024-03-07,18,1
Çek Tahsilat,2024-03-07,20,1
Çek Tahsilat,2024-03-07,23,1
Çek Tahsilat,2024-03-08,8,3
Çek Tahsilat,2024-03-08,9,1
Çek Tahsilat,2024-03-08,14,1
Çek Tahsilat,2024-03-11,7,21
Çek Tahsilat,2024-03-11,8,21
Çek Tahsilat,2024-03-11,9,33
Çek Tahsilat,2024-03-11,10,20
Çek Tahsilat,2024-03-11,11,31
Çek Tahsilat,2024-03-11,12,9
Çek Tahsilat,2024-03-11,13,9
Çek Tahsilat,2024-03-11,14,7
Çek Tahsilat,2024-03-11,15,7
Çek Tahsilat,2024-03-11,16,11
Çek Tahsilat,2024-03-11,17,6
Çek Tahsilat,2024-03-11,18,9
Çek Tahsilat,2024-03-11,22,4
Çek Tahsilat,2024-03-12,0,4
Çek Tahsilat,2024-03-12,4,6
Çek Tahsilat,2024-03-12,7,1
Çek Tahsilat,2024-03-12,8,5
Çek Tahsilat,2024-03-12,9,5
Çek Tahsilat,2024-03-12,10,9
Çek Tahsilat,2024-03-12,11,1
Çek Tahsilat,2024-03-12,12,6
Çek Tahsilat,2024-03-12,13,1
Çek Tahsilat,2024-03-12,14,3
Çek Tahsilat,2024-03-12,15,8
Çek Tahsilat,2024-03-12,17,6
Çek Tahsilat,2024-03-12,18,2
Çek Tahsilat,2024-03-12,19,3
Çek Tahsilat,2024-03-13,8,4
Çek Tahsilat,2024-03-13,9,4
Çek Tahsilat,2024-03-13,10,7
Çek Tahsilat,2024-03-13,11,1
Çek Tahsilat,2024-03-13,12,3
Çek Tahsilat,2024-03-13,13,1
Çek Tahsilat,2024-03-13,14,5
Çek Tahsilat,2024-03-13,15,7
Çek Tahsilat,2024-03-13,17,12
Çek Tahsilat,2024-03-14,9,1
Çek Tahsilat,2024-03-14,10,2
Çek Tahsilat,2024-03-14,12,1
Çek Tahsilat,2024-03-14,13,1
Çek Tahsilat,2024-03-14,14,4
Çek Tahsilat,2024-03-14,16,1
Çek Tahsilat,2024-03-15,7,1
Çek Tahsilat,2024-03-15,15,1
Çek Tahsilat,2024-03-15,17,1
Çek Tahsilat,2024-03-18,7,4
Çek Tahsilat,2024-03-18,8,9
Çek Tahsilat,2024-03-18,9,14
Çek Tahsilat,2024-03-18,10,5
Çek Tahsilat,2024-03-18,11,3
Çek Tahsilat,2024-03-18,12,3
Çek Tahsilat,2024-03-18,13,15
Çek Tahsilat,2024-03-18,14,5
Çek Tahsilat,2024-03-18,15,1
Çek Tahsilat,2024-03-18,16,14
Çek Tahsilat,2024-03-18,17,2
Çek Tahsilat,2024-03-18,18,4
Çek Tahsilat,2024-03-18,19,2
Çek Tahsilat,2024-03-19,5,1
Çek Tahsilat,2024-03-19,6,2
Çek Tahsilat,2024-03-19,7,4
Çek Tahsilat,2024-03-19,8,4
Çek Tahsilat,2024-03-19,9,8
Çek Tahsilat,2024-03-19,10,3
Çek Tahsilat,2024-03-19,11,1
Çek Tahsilat,2024-03-19,12,2
Çek Tahsilat,2024-03-19,13,3
Çek Tahsilat,2024-03-19,14,3
Çek Tahsilat,2024-03-19,15,11
Çek Tahsilat,2024-03-19,16,5
Çek Tahsilat,2024-03-19,17,5
Çek Tahsilat,2024-03-19,19,1
Çek Tahsilat,2024-03-20,5,2
Çek Tahsilat,2024-03-20,6,2
Çek Tahsilat,2024-03-20,7,1
Çek Tahsilat,2024-03-20,8,9
Çek Tahsilat,2024-03-20,9,12
Çek Tahsilat,2024-03-20,10,4
Çek Tahsilat,2024-03-20,11,2
Çek Tahsilat,2024-03-20,12,1
Çek Tahsilat,2024-03-20,13,8
Çek Tahsilat,2024-03-20,14,3
Çek Tahsilat,2024-03-20,15,8
Çek Tahsilat,2024-03-20,18,1
Çek Tahsilat,2024-03-20,20,1
Çek Tahsilat,2024-03-21,6,2
Çek Tahsilat,2024-03-21,7,2
Çek Tahsilat,2024-03-21,8,9
Çek Tahsilat,2024-03-21,9,2
Çek Tahsilat,2024-03-21,10,3
Çek Tahsilat,2024-03-21,11,3
Çek Tahsilat,2024-03-21,12,2
Çek Tahsilat,2024-03-21,14,3
Çek Tahsilat,2024-03-21,16,1
Çek Tahsilat,2024-03-21,17,1
Çek Tahsilat,2024-03-21,18,1
Çek Tahsilat,2024-03-21,19,1
Çek Tahsilat,2024-03-21,21,2
Çek Tahsilat,2024-03-21,22,2
Çek Tahsilat,2024-03-22,1,1
Çek Tahsilat,2024-03-22,7,2
Çek Tahsilat,2024-03-22,8,4
Çek Tahsilat,2024-03-22,9,2
Çek Tahsilat,2024-03-22,10,5
Çek Tahsilat,2024-03-22,11,13
Çek Tahsilat,2024-03-22,13,3
Çek Tahsilat,2024-03-22,14,7
Çek Tahsilat,2024-03-22,15,8
Çek Tahsilat,2024-03-22,16,4
Çek Tahsilat,2024-03-22,17,1
Çek Tahsilat,2024-03-22,18,1
Çek Tahsilat,2024-03-25,4,1
Çek Tahsilat,2024-03-25,7,3
Çek Tahsilat,2024-03-25,9,4
Çek Tahsilat,2024-03-25,10,3
Çek Tahsilat,2024-03-25,11,2
Çek Tahsilat,2024-03-25,13,1
Çek Tahsilat,2024-03-25,14,6
Çek Tahsilat,2024-03-25,15,6
Çek Tahsilat,2024-03-25,16,1
Çek Tahsilat,2024-03-25,17,2
Çek Tahsilat,2024-03-25,19,4
Çek Tahsilat,2024-03-26,6,2
Çek Tahsilat,2024-03-26,7,17
Çek Tahsilat,2024-03-26,8,18
Çek Tahsilat,2024-03-26,9,12
Çek Tahsilat,2024-03-26,10,16
Çek Tahsilat,2024-03-26,11,10
Çek Tahsilat,2024-03-26,12,16
Çek Tahsilat,2024-03-26,13,31
Çek Tahsilat,2024-03-26,14,28
Çek Tahsilat,2024-03-26,15,30
Çek Tahsilat,2024-03-26,16,1
Çek Tahsilat,2024-03-26,17,6
Çek Tahsilat,2024-03-26,18,1
Çek Tahsilat,2024-03-26,19,4
Çek Tahsilat,2024-03-27,0,6
Çek Tahsilat,2024-03-27,3,2
Çek Tahsilat,2024-03-27,6,1
Çek Tahsilat,2024-03-27,7,1
Çek Tahsilat,2024-03-27,8,5
Çek Tahsilat,2024-03-27,9,11
Çek Tahsilat,2024-03-27,10,8
Çek Tahsilat,2024-03-27,11,31
Çek Tahsilat,2024-03-27,12,31
Çek Tahsilat,2024-03-27,13,14
Çek Tahsilat,2024-03-27,14,12
Çek Tahsilat,2024-03-27,15,2
Çek Tahsilat,2024-03-27,16,4
Çek Tahsilat,2024-03-27,17,2
Çek Tahsilat,2024-03-27,18,9
Çek Tahsilat,2024-03-27,19,6
Çek Tahsilat,2024-03-28,6,2
Çek Tahsilat,2024-03-28,7,3
Çek Tahsilat,2024-03-28,8,7
Çek Tahsilat,2024-03-28,9,12
Çek Tahsilat,2024-03-28,10,4
Çek Tahsilat,2024-03-28,11,7
Çek Tahsilat,2024-03-28,12,8
Çek Tahsilat,2024-03-28,13,5
Çek Tahsilat,2024-03-28,14,10
Çek Tahsilat,2024-03-28,15,2
Çek Tahsilat,2024-03-28,16,11
Çek Tahsilat,2024-03-28,17,3
Çek Tahsilat,2024-03-28,19,2
Çek Tahsilat,2024-03-29,2,2
Çek Tahsilat,2024-03-29,7,1
Çek Tahsilat,2024-03-29,9,4
Çek Tahsilat,2024-03-29,11,1
Çek Tahsilat,2024-03-29,12,1
Çek Tahsilat,2024-03-29,15,1
Çek Tahsilat,2024-03-29,16,2
Çek Tahsilat,2024-03-29,17,5
Çek Tahsilat,2024-04-01,2,2
Çek Tahsilat,2024-04-01,7,12
Çek Tahsilat,2024-04-01,8,26
Çek Tahsilat,2024-04-01,9,29
Çek Tahsilat,2024-04-01,10,44
Çek Tahsilat,2024-04-01,11,4
Çek Tahsilat,2024-04-01,12,28
Çek Tahsilat,2024-04-01,13,31
Çek Tahsilat,2024-04-01,14,22
Çek Tahsilat,2024-04-01,15,3
Çek Tahsilat,2024-04-01,16,13
Çek Tahsilat,2024-04-01,17,1
Çek Tahsilat,2024-04-01,18,7
Çek Tahsilat,2024-04-01,19,5
Çek Tahsilat,2024-04-01,23,1
Çek Tahsilat,2024-04-02,7,3
Çek Tahsilat,2024-04-02,8,9
Çek Tahsilat,2024-04-02,9,9
Çek Tahsilat,2024-04-02,10,3
Çek Tahsilat,2024-04-02,11,4
Çek Tahsilat,2024-04-02,13,6
Çek Tahsilat,2024-04-02,15,1
Çek Tahsilat,2024-04-02,16,8
Çek Tahsilat,2024-04-02,17,3
Çek Tahsilat,2024-04-02,18,1
Çek Tahsilat,2024-04-03,7,1
Çek Tahsilat,2024-04-03,8,6
Çek Tahsilat,2024-04-03,9,2
Çek Tahsilat,2024-04-03,10,7
Çek Tahsilat,2024-04-03,11,2
Çek Tahsilat,2024-04-03,12,1
Çek Tahsilat,2024-04-03,13,5
Çek Tahsilat,2024-04-03,14,6
Çek Tahsilat,2024-04-03,15,6
Çek Tahsilat,2024-04-03,16,1
Çek Tahsilat,2024-04-04,7,1
Çek Tahsilat,2024-04-04,8,19
Çek Tahsilat,2024-04-04,9,11
Çek Tahsilat,2024-04-04,10,8
Çek Tahsilat,2024-04-04,11,6
Çek Tahsilat,2024-04-04,13,9
Çek Tahsilat,2024-04-04,14,7
Çek Tahsilat,2024-04-04,15,3
Çek Tahsilat,2024-04-04,16,1
Çek Tahsilat,2024-04-04,18,10
Çek Tahsilat,2024-04-04,19,1
Çek Tahsilat,2024-04-04,20,1
Çek Tahsilat,2024-04-05,3,3
Çek Tahsilat,2024-04-05,7,8
Çek Tahsilat,2024-04-05,8,10
Çek Tahsilat,2024-04-05,9,3
Çek Tahsilat,2024-04-05,11,10
Çek Tahsilat,2024-04-05,12,14
Çek Tahsilat,2024-04-05,13,2
Çek Tahsilat,2024-04-05,14,8
Çek Tahsilat,2024-04-05,15,1
Çek Tahsilat,2024-04-05,17,1
Çek Tahsilat,2024-04-05,18,2
Çek Tahsilat,2024-04-05,23,1
Çek Tahsilat,2024-04-08,1,1
Çek Tahsilat,2024-04-08,6,7
Çek Tahsilat,2024-04-08,7,2
Çek Tahsilat,2024-04-08,8,2
Çek Tahsilat,2024-04-08,9,23
Çek Tahsilat,2024-04-08,10,5
Çek Tahsilat,2024-04-08,11,19
Çek Tahsilat,2024-04-08,12,1
Çek Tahsilat,2024-04-08,13,8
Çek Tahsilat,2024-04-08,14,6
Çek Tahsilat,2024-04-08,16,1
Çek Tahsilat,2024-04-08,17,17
Çek Tahsilat,2024-04-08,18,13
Çek Tahsilat,2024-04-08,19,5
Çek Tahsilat,2024-04-09,4,1
Çek Tahsilat,2024-04-09,9,1
Çek Tahsilat,2024-04-09,10,4
Çek Tahsilat,2024-04-09,11,3
Çek Tahsilat,2024-04-09,12,2
Çek Tahsilat,2024-04-09,13,2
Çek Tahsilat,2024-04-09,14,3
Çek Tahsilat,2024-04-09,15,3
Çek Tahsilat,2024-04-09,17,1
Çek Tahsilat,2024-04-09,18,1
Çek Tahsilat,2024-04-09,19,1
Çek Tahsilat,2024-04-15,6,1
Çek Tahsilat,2024-04-15,7,1
Çek Tahsilat,2024-04-15,8,9
Çek Tahsilat,2024-04-15,9,6
Çek Tahsilat,2024-04-15,11,2
Çek Tahsilat,2024-04-15,12,2
Çek Tahsilat,2024-04-15,13,2
Çek Tahsilat,2024-04-15,14,3
Çek Tahsilat,2024-04-15,15,5
Çek Tahsilat,2024-04-15,16,4
Çek Tahsilat,2024-04-15,17,1
Çek Tahsilat,2024-04-15,22,2
Çek Tahsilat,2024-04-16,6,1
Çek Tahsilat,2024-04-16,8,13
Çek Tahsilat,2024-04-16,9,8
Çek Tahsilat,2024-04-16,10,1
Çek Tahsilat,2024-04-16,11,9
Çek Tahsilat,2024-04-16,12,3
Çek Tahsilat,2024-04-16,13,11
Çek Tahsilat,2024-04-16,14,1
Çek Tahsilat,2024-04-16,15,3
Çek Tahsilat,2024-04-16,16,2
Çek Tahsilat,2024-04-16,17,2
Çek Tahsilat,2024-04-16,19,4
Çek Tahsilat,2024-04-17,2,1
Çek Tahsilat,2024-04-17,5,1
Çek Tahsilat,2024-04-17,7,3
Çek Tahsilat,2024-04-17,8,7
Çek Tahsilat,2024-04-17,9,2
Çek Tahsilat,2024-04-17,10,4
Çek Tahsilat,2024-04-17,11,26
Çek Tahsilat,2024-04-17,12,14
Çek Tahsilat,2024-04-17,13,1
Çek Tahsilat,2024-04-17,14,6
Çek Tahsilat,2024-04-17,15,1
Çek Tahsilat,2024-04-17,16,4
Çek Tahsilat,2024-04-17,17,4
Çek Tahsilat,2024-04-17,18,1
Çek Tahsilat,2024-04-17,19,1
Çek Tahsilat,2024-04-17,21,1
Çek Tahsilat,2024-04-18,0,7
Çek Tahsilat,2024-04-18,6,2
Çek Tahsilat,2024-04-18,8,2
Çek Tahsilat,2024-04-18,9,6
Çek Tahsilat,2024-04-18,10,16
Çek Tahsilat,2024-04-18,11,9
Çek Tahsilat,2024-04-18,12,3
Çek Tahsilat,2024-04-18,13,3
Çek Tahsilat,2024-04-18,14,2
Çek Tahsilat,2024-04-18,15,1
Çek Tahsilat,2024-04-18,16,8
Çek Tahsilat,2024-04-18,17,4
Çek Tahsilat,2024-04-18,19,3
Çek Tahsilat,2024-04-19,9,1
Çek Tahsilat,2024-04-19,10,7
Çek Tahsilat,2024-04-19,11,4
Çek Tahsilat,2024-04-19,12,1
Çek Tahsilat,2024-04-19,15,2
Çek Tahsilat,2024-04-22,3,7
Çek Tahsilat,2024-04-22,7,4
Çek Tahsilat,2024-04-22,8,7
Çek Tahsilat,2024-04-22,9,4
Çek Tahsilat,2024-04-22,10,17
Çek Tahsilat,2024-04-22,11,20
Çek Tahsilat,2024-04-22,12,10
Çek Tahsilat,2024-04-22,13,11
Çek Tahsilat,2024-04-22,14,23
Çek Tahsilat,2024-04-22,15,9
Çek Tahsilat,2024-04-22,16,13
Çek Tahsilat,2024-04-22,17,3
Çek Tahsilat,2024-04-22,18,9
Çek Tahsilat,2024-04-24,1,1
Çek Tahsilat,2024-04-24,7,1
Çek Tahsilat,2024-04-24,8,20
Çek Tahsilat,2024-04-24,9,12
Çek Tahsilat,2024-04-24,10,6
Çek Tahsilat,2024-04-24,11,13
Çek Tahsilat,2024-04-24,12,1
Çek Tahsilat,2024-04-24,13,9
Çek Tahsilat,2024-04-24,14,12
Çek Tahsilat,2024-04-24,15,23
Çek Tahsilat,2024-04-24,16,19
Çek Tahsilat,2024-04-24,17,3
Çek Tahsilat,2024-04-25,7,4
Çek Tahsilat,2024-04-25,8,3
Çek Tahsilat,2024-04-25,9,6
Çek Tahsilat,2024-04-25,10,6
Çek Tahsilat,2024-04-25,11,9
Çek Tahsilat,2024-04-25,12,1
Çek Tahsilat,2024-04-25,13,1
Çek Tahsilat,2024-04-25,14,3
Çek Tahsilat,2024-04-25,15,1
Çek Tahsilat,2024-04-25,16,1
Çek Tahsilat,2024-04-25,17,1
Çek Tahsilat,2024-04-25,18,1
Çek Tahsilat,2024-04-25,19,2
Çek Tahsilat,2024-04-25,22,1
Çek Tahsilat,2024-04-26,2,1
Çek Tahsilat,2024-04-26,8,4
Çek Tahsilat,2024-04-26,10,1
Çek Tahsilat,2024-04-26,11,1
Çek Tahsilat,2024-04-26,13,3
Çek Tahsilat,2024-04-26,14,3
Çek Tahsilat,2024-04-26,15,2
Çek Tahsilat,2024-04-26,16,3
Çek Tahsilat,2024-04-26,18,1
Çek Tahsilat,2024-04-26,19,1
Çek Tahsilat,2024-04-29,2,2
Çek Tahsilat,2024-04-29,3,4
Çek Tahsilat,2024-04-29,8,33
Çek Tahsilat,2024-04-29,9,5
Çek Tahsilat,2024-04-29,10,10
Çek Tahsilat,2024-04-29,11,14
Çek Tahsilat,2024-04-29,12,4
Çek Tahsilat,2024-04-29,13,3
Çek Tahsilat,2024-04-29,14,9
Çek Tahsilat,2024-04-29,15,11
Çek Tahsilat,2024-04-29,16,1
Çek Tahsilat,2024-04-29,17,8
Çek Tahsilat,2024-04-29,18,1
Çek Tahsilat,2024-04-29,19,1
Çek Tahsilat,2024-04-29,20,2
Çek Tahsilat,2024-04-30,0,2
Çek Tahsilat,2024-04-30,1,1
Çek Tahsilat,2024-04-30,6,4
Çek Tahsilat,2024-04-30,7,2
Çek Tahsilat,2024-04-30,8,21
Çek Tahsilat,2024-04-30,9,13
Çek Tahsilat,2024-04-30,10,26
Çek Tahsilat,2024-04-30,11,10
Çek Tahsilat,2024-04-30,12,4
Çek Tahsilat,2024-04-30,13,71
Çek Tahsilat,2024-04-30,14,19
Çek Tahsilat,2024-04-30,15,18
Çek Tahsilat,2024-04-30,16,1
Çek Tahsilat,2024-04-30,17,1
Çek Tahsilat,2024-04-30,18,8
Çek Tahsilat,2024-04-30,19,6
Çek Tahsilat,2024-04-30,21,1
Çek Tahsilat,2024-05-02,3,1
Çek Tahsilat,2024-05-02,6,3
Çek Tahsilat,2024-05-02,7,10
Çek Tahsilat,2024-05-02,8,17
Çek Tahsilat,2024-05-02,9,9
Çek Tahsilat,2024-05-02,10,2
Çek Tahsilat,2024-05-02,11,2
Çek Tahsilat,2024-05-02,12,2
Çek Tahsilat,2024-05-02,14,2
Çek Tahsilat,2024-05-02,15,7
Çek Tahsilat,2024-05-02,16,1
Çek Tahsilat,2024-05-02,18,4
Çek Tahsilat,2024-05-02,19,5
Çek Tahsilat,2024-05-02,22,3
Çek Tahsilat,2024-05-02,23,2
Çek Tahsilat,2024-05-03,5,5
Çek Tahsilat,2024-05-03,6,1
Çek Tahsilat,2024-05-03,8,7
Çek Tahsilat,2024-05-03,9,4
Çek Tahsilat,2024-05-03,10,15
Çek Tahsilat,2024-05-03,11,6
Çek Tahsilat,2024-05-03,12,4
Çek Tahsilat,2024-05-03,13,2
Çek Tahsilat,2024-05-03,14,5
Çek Tahsilat,2024-05-03,15,6
Çek Tahsilat,2024-05-03,16,1
Çek Tahsilat,2024-05-03,17,3
Çek Tahsilat,2024-05-03,19,3
Çek Tahsilat,2024-05-06,7,13
Çek Tahsilat,2024-05-06,8,20
Çek Tahsilat,2024-05-06,9,8
Çek Tahsilat,2024-05-06,10,7
Çek Tahsilat,2024-05-06,11,9
Çek Tahsilat,2024-05-06,13,7
Çek Tahsilat,2024-05-06,14,12
Çek Tahsilat,2024-05-06,15,8
Çek Tahsilat,2024-05-06,18,2
Çek Tahsilat,2024-05-06,19,1
Çek Tahsilat,2024-05-07,8,14
Çek Tahsilat,2024-05-07,9,2
Çek Tahsilat,2024-05-07,10,5
Çek Tahsilat,2024-05-07,11,5
Çek Tahsilat,2024-05-07,12,3
Çek Tahsilat,2024-05-07,13,2
Çek Tahsilat,2024-05-07,14,5
Çek Tahsilat,2024-05-07,15,2
Çek Tahsilat,2024-05-07,16,2
Çek Tahsilat,2024-05-07,18,3
Çek Tahsilat,2024-05-08,6,2
Çek Tahsilat,2024-05-08,7,1
Çek Tahsilat,2024-05-08,8,2
Çek Tahsilat,2024-05-08,9,4
Çek Tahsilat,2024-05-08,10,8
Çek Tahsilat,2024-05-08,11,7
Çek Tahsilat,2024-05-08,12,12
Çek Tahsilat,2024-05-08,13,5
Çek Tahsilat,2024-05-08,14,1
Çek Tahsilat,2024-05-08,15,9
Çek Tahsilat,2024-05-08,16,7
Çek Tahsilat,2024-05-08,17,7
Çek Tahsilat,2024-05-08,19,1
Çek Tahsilat,2024-05-09,3,3
Çek Tahsilat,2024-05-09,7,6
Çek Tahsilat,2024-05-09,8,36
Çek Tahsilat,2024-05-09,9,3
Çek Tahsilat,2024-05-09,10,7
Çek Tahsilat,2024-05-09,11,8
Çek Tahsilat,2024-05-09,12,4
Çek Tahsilat,2024-05-09,13,16
Çek Tahsilat,2024-05-09,14,12
Çek Tahsilat,2024-05-09,15,2
Çek Tahsilat,2024-05-09,16,5
Çek Tahsilat,2024-05-09,17,2
Çek Tahsilat,2024-05-09,19,1
Çek Tahsilat,2024-05-10,3,1
Çek Tahsilat,2024-05-10,7,1
Çek Tahsilat,2024-05-10,8,4
Çek Tahsilat,2024-05-10,9,5
Çek Tahsilat,2024-05-10,10,12
Çek Tahsilat,2024-05-10,11,3
Çek Tahsilat,2024-05-10,12,2
Çek Tahsilat,2024-05-10,13,6
Çek Tahsilat,2024-05-10,14,2
Çek Tahsilat,2024-05-10,15,1
Çek Tahsilat,2024-05-10,18,1
Çek Tahsilat,2024-05-13,6,12
Çek Tahsilat,2024-05-13,7,15
Çek Tahsilat,2024-05-13,8,47
Çek Tahsilat,2024-05-13,9,21
Çek Tahsilat,2024-05-13,10,3
Çek Tahsilat,2024-05-13,11,21
Çek Tahsilat,2024-05-13,12,34
Çek Tahsilat,2024-05-13,13,24
Çek Tahsilat,2024-05-13,14,14
Çek Tahsilat,2024-05-13,15,16
Çek Tahsilat,2024-05-13,16,8
Çek Tahsilat,2024-05-13,17,28
Çek Tahsilat,2024-05-13,18,10
Çek Tahsilat,2024-05-13,20,1
Çek Tahsilat,2024-05-14,1,6
Çek Tahsilat,2024-05-14,3,1
Çek Tahsilat,2024-05-14,7,2
Çek Tahsilat,2024-05-14,9,5
Çek Tahsilat,2024-05-14,10,4
Çek Tahsilat,2024-05-14,11,1
Çek Tahsilat,2024-05-14,12,1
Çek Tahsilat,2024-05-14,13,3
Çek Tahsilat,2024-05-14,14,1
Çek Tahsilat,2024-05-14,16,2
Çek Tahsilat,2024-05-14,18,2
Çek Tahsilat,2024-05-15,0,1
Çek Tahsilat,2024-05-15,7,14
Çek Tahsilat,2024-05-15,8,9
Çek Tahsilat,2024-05-15,9,25
Çek Tahsilat,2024-05-15,10,7
Çek Tahsilat,2024-05-15,11,4
Çek Tahsilat,2024-05-15,12,5
Çek Tahsilat,2024-05-15,13,22
Çek Tahsilat,2024-05-15,14,8
Çek Tahsilat,2024-05-15,15,3
Çek Tahsilat,2024-05-15,16,2
Çek Tahsilat,2024-05-15,17,3
Çek Tahsilat,2024-05-15,18,11
Çek Tahsilat,2024-05-15,19,3
Çek Tahsilat,2024-05-16,7,2
Çek Tahsilat,2024-05-16,8,11
Çek Tahsilat,2024-05-16,9,9
Çek Tahsilat,2024-05-16,10,4
Çek Tahsilat,2024-05-16,11,4
Çek Tahsilat,2024-05-16,12,4
Çek Tahsilat,2024-05-16,13,2
Çek Tahsilat,2024-05-16,14,1
Çek Tahsilat,2024-05-16,16,3
Çek Tahsilat,2024-05-16,18,2
Çek Tahsilat,2024-05-16,19,4
Çek Tahsilat,2024-05-17,3,1
Çek Tahsilat,2024-05-17,6,1
Çek Tahsilat,2024-05-17,7,1
Çek Tahsilat,2024-05-17,10,1
Çek Tahsilat,2024-05-17,11,1
Çek Tahsilat,2024-05-17,12,1
Çek Tahsilat,2024-05-17,13,1
Çek Tahsilat,2024-05-17,14,1
Çek Tahsilat,2024-05-17,16,1
Çek Tahsilat,2024-05-20,6,2
Çek Tahsilat,2024-05-20,7,3
Çek Tahsilat,2024-05-20,8,28
Çek Tahsilat,2024-05-20,9,11
Çek Tahsilat,2024-05-20,10,11
Çek Tahsilat,2024-05-20,11,10
Çek Tahsilat,2024-05-20,12,6
Çek Tahsilat,2024-05-20,13,4
Çek Tahsilat,2024-05-20,14,9
Çek Tahsilat,2024-05-20,15,8
Çek Tahsilat,2024-05-20,16,2
Çek Tahsilat,2024-05-20,17,4
Çek Tahsilat,2024-05-20,18,16
Çek Tahsilat,2024-05-20,19,1
Çek Tahsilat,2024-05-20,20,2
Çek Tahsilat,2024-05-21,1,1
Çek Tahsilat,2024-05-21,5,3
Çek Tahsilat,2024-05-21,7,16
Çek Tahsilat,2024-05-21,8,17
Çek Tahsilat,2024-05-21,9,21
Çek Tahsilat,2024-05-21,10,9
Çek Tahsilat,2024-05-21,11,15
Çek Tahsilat,2024-05-21,12,5
Çek Tahsilat,2024-05-21,13,10
Çek Tahsilat,2024-05-21,14,29
Çek Tahsilat,2024-05-21,15,16
Çek Tahsilat,2024-05-21,16,12
Çek Tahsilat,2024-05-21,17,17
Çek Tahsilat,2024-05-21,19,5
Çek Tahsilat,2024-05-22,6,6
Çek Tahsilat,2024-05-22,7,14
Çek Tahsilat,2024-05-22,8,23
Çek Tahsilat,2024-05-22,9,37
Çek Tahsilat,2024-05-22,10,18
Çek Tahsilat,2024-05-22,11,15
Çek Tahsilat,2024-05-22,12,26
Çek Tahsilat,2024-05-22,13,6
Çek Tahsilat,2024-05-22,14,19
Çek Tahsilat,2024-05-22,15,24
Çek Tahsilat,2024-05-22,16,3
Çek Tahsilat,2024-05-22,17,30
Çek Tahsilat,2024-05-22,18,3
Çek Tahsilat,2024-05-22,22,5
Çek Tahsilat,2024-05-23,3,2
Çek Tahsilat,2024-05-23,7,2
Çek Tahsilat,2024-05-23,8,7
Çek Tahsilat,2024-05-23,9,5
Çek Tahsilat,2024-05-23,10,1
Çek Tahsilat,2024-05-23,11,3
Çek Tahsilat,2024-05-23,12,2
Çek Tahsilat,2024-05-23,13,1
Çek Tahsilat,2024-05-23,14,2
Çek Tahsilat,2024-05-23,15,2
Çek Tahsilat,2024-05-23,16,2
Çek Tahsilat,2024-05-23,17,3
Çek Tahsilat,2024-05-23,19,1
Çek Tahsilat,2024-05-23,21,2
Çek Tahsilat,2024-05-24,0,3
Çek Tahsilat,2024-05-24,7,1
Çek Tahsilat,2024-05-24,8,1
Çek Tahsilat,2024-05-24,9,6
Çek Tahsilat,2024-05-24,11,2
Çek Tahsilat,2024-05-24,14,2
Çek Tahsilat,2024-05-24,15,5
Çek Tahsilat,2024-05-24,16,1
Çek Tahsilat,2024-05-24,17,2
Çek Tahsilat,2024-05-27,3,3
Çek Tahsilat,2024-05-27,4,14
Çek Tahsilat,2024-05-27,6,4
Çek Tahsilat,2024-05-27,7,4
Çek Tahsilat,2024-05-27,8,21
Çek Tahsilat,2024-05-27,9,25
Çek Tahsilat,2024-05-27,10,24
Çek Tahsilat,2024-05-27,11,11
Çek Tahsilat,2024-05-27,12,9
Çek Tahsilat,2024-05-27,13,53
Çek Tahsilat,2024-05-27,14,8
Çek Tahsilat,2024-05-27,15,23
Çek Tahsilat,2024-05-27,16,27
Çek Tahsilat,2024-05-27,17,3
Çek Tahsilat,2024-05-27,18,2
Çek Tahsilat,2024-05-27,19,2
Çek Tahsilat,2024-05-27,23,2
Çek Tahsilat,2024-05-28,5,4
Çek Tahsilat,2024-05-28,6,1
Çek Tahsilat,2024-05-28,7,4
Çek Tahsilat,2024-05-28,8,12
Çek Tahsilat,2024-05-28,9,11
Çek Tahsilat,2024-05-28,10,11
Çek Tahsilat,2024-05-28,11,5
Çek Tahsilat,2024-05-28,12,14
Çek Tahsilat,2024-05-28,13,7
Çek Tahsilat,2024-05-28,14,3
Çek Tahsilat,2024-05-28,15,11
Çek Tahsilat,2024-05-28,16,3
Çek Tahsilat,2024-05-28,17,5
Çek Tahsilat,2024-05-28,18,4
Çek Tahsilat,2024-05-28,19,1
Çek Tahsilat,2024-05-29,0,1
Çek Tahsilat,2024-05-29,6,3
Çek Tahsilat,2024-05-29,7,1
Çek Tahsilat,2024-05-29,8,6
Çek Tahsilat,2024-05-29,9,5
Çek Tahsilat,2024-05-29,10,9
Çek Tahsilat,2024-05-29,11,8
Çek Tahsilat,2024-05-29,12,5
Çek Tahsilat,2024-05-29,13,5
Çek Tahsilat,2024-05-29,15,4
Çek Tahsilat,2024-05-29,16,15
Çek Tahsilat,2024-05-29,18,6
Çek Tahsilat,2024-05-29,19,1
Çek Tahsilat,2024-05-30,1,1
Çek Tahsilat,2024-05-30,6,2
Çek Tahsilat,2024-05-30,7,13
Çek Tahsilat,2024-05-30,8,3
Çek Tahsilat,2024-05-30,9,12
Çek Tahsilat,2024-05-30,10,9
Çek Tahsilat,2024-05-30,11,13
Çek Tahsilat,2024-05-30,12,18
Çek Tahsilat,2024-05-30,13,21
Çek Tahsilat,2024-05-30,14,12
Çek Tahsilat,2024-05-30,15,17
Çek Tahsilat,2024-05-30,16,5
Çek Tahsilat,2024-05-30,17,5
Çek Tahsilat,2024-05-30,20,9
Çek Tahsilat,2024-05-30,23,2
Çek Tahsilat,2024-05-31,0,3
Çek Tahsilat,2024-05-31,5,1
Çek Tahsilat,2024-05-31,6,6
Çek Tahsilat,2024-05-31,7,3
Çek Tahsilat,2024-05-31,8,21
Çek Tahsilat,2024-05-31,9,27
Çek Tahsilat,2024-05-31,10,5
Çek Tahsilat,2024-05-31,11,37
Çek Tahsilat,2024-05-31,12,10
Çek Tahsilat,2024-05-31,13,1
Çek Tahsilat,2024-05-31,14,5
Çek Tahsilat,2024-05-31,15,5
Çek Tahsilat,2024-05-31,16,10
Çek Tahsilat,2024-05-31,17,6
Çek Tahsilat,2024-05-31,18,8
Çek Tahsilat,2024-05-31,19,9
Çek Tahsilat,2024-05-31,20,14
Çek Tahsilat,2024-06-03,6,5
Çek Tahsilat,2024-06-03,7,5
Çek Tahsilat,2024-06-03,8,6
Çek Tahsilat,2024-06-03,9,8
Çek Tahsilat,2024-06-03,10,31
Çek Tahsilat,2024-06-03,11,29
Çek Tahsilat,2024-06-03,12,30
Çek Tahsilat,2024-06-03,13,13
Çek Tahsilat,2024-06-03,14,11
Çek Tahsilat,2024-06-03,15,5
Çek Tahsilat,2024-06-03,16,5
Çek Tahsilat,2024-06-03,17,6
Çek Tahsilat,2024-06-03,18,3
Çek Tahsilat,2024-06-03,21,2
Çek Tahsilat,2024-06-04,6,1
Çek Tahsilat,2024-06-04,7,5
Çek Tahsilat,2024-06-04,8,1
Çek Tahsilat,2024-06-04,9,7
Çek Tahsilat,2024-06-04,10,11
Çek Tahsilat,2024-06-04,11,1
Çek Tahsilat,2024-06-04,12,4
Çek Tahsilat,2024-06-04,13,1
Çek Tahsilat,2024-06-04,14,10
Çek Tahsilat,2024-06-04,15,3
Çek Tahsilat,2024-06-04,16,2
Çek Tahsilat,2024-06-04,17,2
Çek Tahsilat,2024-06-04,18,7
Çek Tahsilat,2024-06-04,19,2
Çek Tahsilat,2024-06-05,8,8
Çek Tahsilat,2024-06-05,9,20
Çek Tahsilat,2024-06-05,10,3
Çek Tahsilat,2024-06-05,11,2
Çek Tahsilat,2024-06-05,12,1
Çek Tahsilat,2024-06-05,13,1
Çek Tahsilat,2024-06-05,14,1
Çek Tahsilat,2024-06-05,15,3
Çek Tahsilat,2024-06-05,16,1
Çek Tahsilat,2024-06-05,17,6
Çek Tahsilat,2024-06-06,8,1
Çek Tahsilat,2024-06-06,9,1
Çek Tahsilat,2024-06-06,10,4
Çek Tahsilat,2024-06-06,11,2
Çek Tahsilat,2024-06-06,12,5
Çek Tahsilat,2024-06-06,13,2
Çek Tahsilat,2024-06-06,14,2
Çek Tahsilat,2024-06-06,15,1
Çek Tahsilat,2024-06-06,17,1
Çek Tahsilat,2024-06-07,9,2
Çek Tahsilat,2024-06-07,10,1
Çek Tahsilat,2024-06-07,12,3
Çek Tahsilat,2024-06-07,13,4
Çek Tahsilat,2024-06-07,15,3
Çek Tahsilat,2024-06-07,17,1
Çek Tahsilat,2024-06-07,19,1
Çek Tahsilat,2024-06-10,7,2
Çek Tahsilat,2024-06-10,8,2
Çek Tahsilat,2024-06-10,9,21
Çek Tahsilat,2024-06-10,10,17
Çek Tahsilat,2024-06-10,11,3
Çek Tahsilat,2024-06-10,12,9
Çek Tahsilat,2024-06-10,13,8
Çek Tahsilat,2024-06-10,14,7
Çek Tahsilat,2024-06-10,15,3
Çek Tahsilat,2024-06-10,16,26
Çek Tahsilat,2024-06-10,17,3
Çek Tahsilat,2024-06-10,18,7
Çek Tahsilat,2024-06-10,19,6
Çek Tahsilat,2024-06-10,21,2
Çek Tahsilat,2024-06-11,5,1
Çek Tahsilat,2024-06-11,6,2
Çek Tahsilat,2024-06-11,8,9
Çek Tahsilat,2024-06-11,9,5
Çek Tahsilat,2024-06-11,10,4
Çek Tahsilat,2024-06-11,11,4
Çek Tahsilat,2024-06-11,12,7
Çek Tahsilat,2024-06-11,13,4
Çek Tahsilat,2024-06-11,14,4
Çek Tahsilat,2024-06-11,15,6
Çek Tahsilat,2024-06-11,17,5
Çek Tahsilat,2024-06-11,19,1
Çek Tahsilat,2024-06-12,7,1
Çek Tahsilat,2024-06-12,8,2
Çek Tahsilat,2024-06-12,9,2
Çek Tahsilat,2024-06-12,11,3
Çek Tahsilat,2024-06-12,13,1
Çek Tahsilat,2024-06-12,14,1
Çek Tahsilat,2024-06-12,19,1
Çek Tahsilat,2024-06-12,20,2
Çek Tahsilat,2024-06-13,6,1
Çek Tahsilat,2024-06-13,7,1
Çek Tahsilat,2024-06-13,8,6
Çek Tahsilat,2024-06-13,9,5
Çek Tahsilat,2024-06-13,10,2
Çek Tahsilat,2024-06-13,11,11
Çek Tahsilat,2024-06-13,13,5
Çek Tahsilat,2024-06-13,14,3
Çek Tahsilat,2024-06-13,15,3
Çek Tahsilat,2024-06-13,16,9
Çek Tahsilat,2024-06-13,19,10
Çek Tahsilat,2024-06-14,10,1
Çek Tahsilat,2024-06-14,11,1
Çek Tahsilat,2024-06-14,12,2
Çek Tahsilat,2024-06-20,1,1
Çek Tahsilat,2024-06-20,2,2
Çek Tahsilat,2024-06-20,6,7
Çek Tahsilat,2024-06-20,8,5
Çek Tahsilat,2024-06-20,10,5
Çek Tahsilat,2024-06-20,11,11
Çek Tahsilat,2024-06-20,12,8
Çek Tahsilat,2024-06-20,13,8
Çek Tahsilat,2024-06-20,14,7
Çek Tahsilat,2024-06-20,15,8
Çek Tahsilat,2024-06-20,16,1
Çek Tahsilat,2024-06-20,17,3
Çek Tahsilat,2024-06-20,19,1
Çek Tahsilat,2024-06-20,21,2
Çek Tahsilat,2024-06-21,5,1
Çek Tahsilat,2024-06-21,6,6
Çek Tahsilat,2024-06-21,7,2
Çek Tahsilat,2024-06-21,8,6
Çek Tahsilat,2024-06-21,9,4
Çek Tahsilat,2024-06-21,10,7
Çek Tahsilat,2024-06-21,11,11
Çek Tahsilat,2024-06-21,12,4
Çek Tahsilat,2024-06-21,13,1
Çek Tahsilat,2024-06-21,14,3
Çek Tahsilat,2024-06-21,15,5
Çek Tahsilat,2024-06-21,16,5
Çek Tahsilat,2024-06-21,17,10
Çek Tahsilat,2024-06-21,18,3
Çek Tahsilat,2024-06-24,1,35
Çek Tahsilat,2024-06-24,6,11
Çek Tahsilat,2024-06-24,8,11
Çek Tahsilat,2024-06-24,9,55
Çek Tahsilat,2024-06-24,10,94
Çek Tahsilat,2024-06-24,11,5
Çek Tahsilat,2024-06-24,12,4
Çek Tahsilat,2024-06-24,13,43
Çek Tahsilat,2024-06-24,14,16
Çek Tahsilat,2024-06-24,15,12
Çek Tahsilat,2024-06-24,16,7
Çek Tahsilat,2024-06-24,17,5
Çek Tahsilat,2024-06-24,18,3
Çek Tahsilat,2024-06-24,19,5
Çek Tahsilat,2024-06-25,6,7
Çek Tahsilat,2024-06-25,7,1
Çek Tahsilat,2024-06-25,8,4
Çek Tahsilat,2024-06-25,9,1
Çek Tahsilat,2024-06-25,10,16
Çek Tahsilat,2024-06-25,11,4
Çek Tahsilat,2024-06-25,12,9
Çek Tahsilat,2024-06-25,13,4
Çek Tahsilat,2024-06-25,14,5
Çek Tahsilat,2024-06-25,15,3
Çek Tahsilat,2024-06-25,17,2
Çek Tahsilat,2024-06-25,18,3
Çek Tahsilat,2024-06-25,19,2
Çek Tahsilat,2024-06-26,7,2
Çek Tahsilat,2024-06-26,8,5
Çek Tahsilat,2024-06-26,9,2
Çek Tahsilat,2024-06-26,10,2
Çek Tahsilat,2024-06-26,11,3
Çek Tahsilat,2024-06-26,12,2
Çek Tahsilat,2024-06-26,13,4
Çek Tahsilat,2024-06-26,14,23
Çek Tahsilat,2024-06-26,15,3
Çek Tahsilat,2024-06-26,16,2
Çek Tahsilat,2024-06-26,17,1
Çek Tahsilat,2024-06-26,18,1
Çek Tahsilat,2024-06-27,6,1
Çek Tahsilat,2024-06-27,7,3
Çek Tahsilat,2024-06-27,8,3
Çek Tahsilat,2024-06-27,9,10
Çek Tahsilat,2024-06-27,10,26
Çek Tahsilat,2024-06-27,11,2
Çek Tahsilat,2024-06-27,12,5
Çek Tahsilat,2024-06-27,13,12
Çek Tahsilat,2024-06-27,14,11
Çek Tahsilat,2024-06-27,15,3
Çek Tahsilat,2024-06-27,16,1
Çek Tahsilat,2024-06-27,17,13
Çek Tahsilat,2024-06-27,18,3
Çek Tahsilat,2024-06-28,6,2
Çek Tahsilat,2024-06-28,7,6
Çek Tahsilat,2024-06-28,8,15
Çek Tahsilat,2024-06-28,9,19
Çek Tahsilat,2024-06-28,10,49
Çek Tahsilat,2024-06-28,11,21
Çek Tahsilat,2024-06-28,12,5
Çek Tahsilat,2024-06-28,13,3
Çek Tahsilat,2024-06-28,14,2
Çek Tahsilat,2024-06-28,15,29
Çek Tahsilat,2024-06-28,16,1
Çek Tahsilat,2024-06-28,17,12
Çek Tahsilat,2024-06-28,18,15
Çek Tahsilat,2024-06-28,19,1
Çek Tahsilat,2024-06-28,22,3
Çek Tahsilat,2024-07-01,2,1
Çek Tahsilat,2024-07-01,3,2
Çek Tahsilat,2024-07-01,6,5
Çek Tahsilat,2024-07-01,7,3
Çek Tahsilat,2024-07-01,8,45
Çek Tahsilat,2024-07-01,9,42
Çek Tahsilat,2024-07-01,10,32
Çek Tahsilat,2024-07-01,11,22
Çek Tahsilat,2024-07-01,12,8
Çek Tahsilat,2024-07-01,13,18
Çek Tahsilat,2024-07-01,14,10
Çek Tahsilat,2024-07-01,15,1
Çek Tahsilat,2024-07-01,16,1
Çek Tahsilat,2024-07-01,17,16
Çek Tahsilat,2024-07-01,18,10
Çek Tahsilat,2024-07-02,7,3
Çek Tahsilat,2024-07-02,8,4
Çek Tahsilat,2024-07-02,9,6
Çek Tahsilat,2024-07-02,10,8
Çek Tahsilat,2024-07-02,11,7
Çek Tahsilat,2024-07-02,12,2
Çek Tahsilat,2024-07-02,13,1
Çek Tahsilat,2024-07-02,15,5
Çek Tahsilat,2024-07-02,16,3
Çek Tahsilat,2024-07-02,17,3
Çek Tahsilat,2024-07-02,18,3
Çek Tahsilat,2024-07-02,19,2
Çek Tahsilat,2024-07-02,23,2
Çek Tahsilat,2024-07-03,5,8
Çek Tahsilat,2024-07-03,6,4
Çek Tahsilat,2024-07-03,7,5
Çek Tahsilat,2024-07-03,8,13
Çek Tahsilat,2024-07-03,9,15
Çek Tahsilat,2024-07-03,10,8
Çek Tahsilat,2024-07-03,11,23
Çek Tahsilat,2024-07-03,12,2
Çek Tahsilat,2024-07-03,13,7
Çek Tahsilat,2024-07-03,14,10
Çek Tahsilat,2024-07-03,15,5
Çek Tahsilat,2024-07-03,16,8
Çek Tahsilat,2024-07-03,17,1
Çek Tahsilat,2024-07-03,18,16
Çek Tahsilat,2024-07-03,19,2
Çek Tahsilat,2024-07-04,4,1
Çek Tahsilat,2024-07-04,6,1
Çek Tahsilat,2024-07-04,7,1
Çek Tahsilat,2024-07-04,8,11
Çek Tahsilat,2024-07-04,9,8
Çek Tahsilat,2024-07-04,10,3
Çek Tahsilat,2024-07-04,11,3
Çek Tahsilat,2024-07-04,12,2
Çek Tahsilat,2024-07-04,13,10
Çek Tahsilat,2024-07-04,15,1
Çek Tahsilat,2024-07-04,16,1
Çek Tahsilat,2024-07-04,18,3
Çek Tahsilat,2024-07-04,19,5
Çek Tahsilat,2024-07-05,0,3
Çek Tahsilat,2024-07-05,7,1
Çek Tahsilat,2024-07-05,8,2
Çek Tahsilat,2024-07-05,9,5
Çek Tahsilat,2024-07-05,10,1
Çek Tahsilat,2024-07-05,11,6
Çek Tahsilat,2024-07-05,12,1
Çek Tahsilat,2024-07-05,13,2
Çek Tahsilat,2024-07-05,14,13
Çek Tahsilat,2024-07-05,15,3
Çek Tahsilat,2024-07-05,17,5
Çek Tahsilat,2024-07-05,19,2
Çek Tahsilat,2024-07-05,20,1
Çek Tahsilat,2024-07-08,1,1
Çek Tahsilat,2024-07-08,4,1
Çek Tahsilat,2024-07-08,6,5
Çek Tahsilat,2024-07-08,7,8
Çek Tahsilat,2024-07-08,8,7
Çek Tahsilat,2024-07-08,9,11
Çek Tahsilat,2024-07-08,10,22
Çek Tahsilat,2024-07-08,11,4
Çek Tahsilat,2024-07-08,12,3
Çek Tahsilat,2024-07-08,13,1
Çek Tahsilat,2024-07-08,14,6
Çek Tahsilat,2024-07-08,15,13
Çek Tahsilat,2024-07-08,16,2
Çek Tahsilat,2024-07-08,17,6
Çek Tahsilat,2024-07-08,18,3
Çek Tahsilat,2024-07-08,23,1
Çek Tahsilat,2024-07-09,6,2
Çek Tahsilat,2024-07-09,8,1
Çek Tahsilat,2024-07-09,9,7
Çek Tahsilat,2024-07-09,10,6
Çek Tahsilat,2024-07-09,11,5
Çek Tahsilat,2024-07-09,12,11
Çek Tahsilat,2024-07-09,13,3
Çek Tahsilat,2024-07-09,14,1
Çek Tahsilat,2024-07-09,15,9
Çek Tahsilat,2024-07-09,16,8
Çek Tahsilat,2024-07-09,17,1
Çek Tahsilat,2024-07-09,18,3
Çek Tahsilat,2024-07-09,21,2
Çek Tahsilat,2024-07-10,8,5
Çek Tahsilat,2024-07-10,9,11
Çek Tahsilat,2024-07-10,10,3
Çek Tahsilat,2024-07-10,11,6
Çek Tahsilat,2024-07-10,12,1
Çek Tahsilat,2024-07-10,13,5
Çek Tahsilat,2024-07-10,14,1
Çek Tahsilat,2024-07-10,23,1
Çek Tahsilat,2024-07-11,2,1
Çek Tahsilat,2024-07-11,7,1
Çek Tahsilat,2024-07-11,8,4
Çek Tahsilat,2024-07-11,9,6
Çek Tahsilat,2024-07-11,10,9
Çek Tahsilat,2024-07-11,11,3
Çek Tahsilat,2024-07-11,12,1
Çek Tahsilat,2024-07-11,13,12
Çek Tahsilat,2024-07-11,14,2
Çek Tahsilat,2024-07-11,15,2
Çek Tahsilat,2024-07-11,16,3
Çek Tahsilat,2024-07-11,17,10
Çek Tahsilat,2024-07-11,18,1
Çek Tahsilat,2024-07-11,19,2
Çek Tahsilat,2024-07-11,21,2
Çek Tahsilat,2024-07-12,8,1
Çek Tahsilat,2024-07-12,10,2
Çek Tahsilat,2024-07-12,11,3
Çek Tahsilat,2024-07-12,13,2
Çek Tahsilat,2024-07-12,14,2
Çek Tahsilat,2024-07-12,15,1
Çek Tahsilat,2024-07-12,17,1
Çek Tahsilat,2024-07-12,22,1
Çek Tahsilat,2024-07-16,6,1
Çek Tahsilat,2024-07-16,8,3
Çek Tahsilat,2024-07-16,9,2
Çek Tahsilat,2024-07-16,11,2
Çek Tahsilat,2024-07-16,12,2
Çek Tahsilat,2024-07-16,13,5
Çek Tahsilat,2024-07-16,14,1
Çek Tahsilat,2024-07-16,15,1
Çek Tahsilat,2024-07-16,16,3
Çek Tahsilat,2024-07-16,21,1
Çek Tahsilat,2024-07-17,7,7
Çek Tahsilat,2024-07-17,8,1
Çek Tahsilat,2024-07-17,9,3
Çek Tahsilat,2024-07-17,10,2
Çek Tahsilat,2024-07-17,11,2
Çek Tahsilat,2024-07-17,12,1
Çek Tahsilat,2024-07-17,13,1
Çek Tahsilat,2024-07-17,14,2
Çek Tahsilat,2024-07-17,17,2
Çek Tahsilat,2024-07-18,6,3
Çek Tahsilat,2024-07-18,7,3
Çek Tahsilat,2024-07-18,8,3
Çek Tahsilat,2024-07-18,9,7
Çek Tahsilat,2024-07-18,11,1
Çek Tahsilat,2024-07-18,12,3
Çek Tahsilat,2024-07-18,13,6
Çek Tahsilat,2024-07-18,14,3
Çek Tahsilat,2024-07-18,17,1
Çek Tahsilat,2024-07-18,19,3
Çek Tahsilat,2024-07-18,22,1
Çek Tahsilat,2024-07-19,8,1
Çek Tahsilat,2024-07-19,11,1
Çek Tahsilat,2024-07-22,3,1
Çek Tahsilat,2024-07-22,6,1
Çek Tahsilat,2024-07-22,7,1
Çek Tahsilat,2024-07-22,8,1
Çek Tahsilat,2024-07-22,10,2
Çek Tahsilat,2024-07-22,11,3
Çek Tahsilat,2024-07-22,14,1
Çek Tahsilat,2024-07-22,15,2
Çek Tahsilat,2024-07-22,16,1
Çek Tahsilat,2024-07-22,17,1
Çek Tahsilat,2024-07-23,7,3
Çek Tahsilat,2024-07-23,8,1
Çek Tahsilat,2024-07-23,9,2
Çek Tahsilat,2024-07-23,11,1
Çek Tahsilat,2024-07-23,13,1
Çek Tahsilat,2024-07-23,14,1
Çek Tahsilat,2024-07-23,16,5
Çek Tahsilat,2024-07-24,7,2
Çek Tahsilat,2024-07-24,8,13
Çek Tahsilat,2024-07-24,9,5
Çek Tahsilat,2024-07-24,10,2
Çek Tahsilat,2024-07-24,11,14
Çek Tahsilat,2024-07-24,12,4
Çek Tahsilat,2024-07-24,14,8
Çek Tahsilat,2024-07-24,17,5
Çek Tahsilat,2024-07-24,18,3
Çek Tahsilat,2024-07-24,19,3
Çek Tahsilat,2024-07-24,20,6
Çek Tahsilat,2024-07-25,0,2
Çek Tahsilat,2024-07-25,1,2
Çek Tahsilat,2024-07-25,6,1
Çek Tahsilat,2024-07-25,7,7
Çek Tahsilat,2024-07-25,8,1
Çek Tahsilat,2024-07-25,9,12
Çek Tahsilat,2024-07-25,10,8
Çek Tahsilat,2024-07-25,11,53
Çek Tahsilat,2024-07-25,12,13
Çek Tahsilat,2024-07-25,13,5
Çek Tahsilat,2024-07-25,14,19
Çek Tahsilat,2024-07-25,15,13
Çek Tahsilat,2024-07-25,16,7
Çek Tahsilat,2024-07-25,17,8
Çek Tahsilat,2024-07-25,18,3
Çek Tahsilat,2024-07-25,19,13
Çek Tahsilat,2024-07-25,21,1
Çek Tahsilat,2024-07-26,0,1
Çek Tahsilat,2024-07-26,2,3
Çek Tahsilat,2024-07-26,6,1
Çek Tahsilat,2024-07-26,7,6
Çek Tahsilat,2024-07-26,8,11
Çek Tahsilat,2024-07-26,9,10
Çek Tahsilat,2024-07-26,10,7
Çek Tahsilat,2024-07-26,11,9
Çek Tahsilat,2024-07-26,12,2
Çek Tahsilat,2024-07-26,13,9
Çek Tahsilat,2024-07-26,14,4
Çek Tahsilat,2024-07-26,15,1
Çek Tahsilat,2024-07-26,16,1
Çek Tahsilat,2024-07-26,17,2
Çek Tahsilat,2024-07-26,18,8
Çek Tahsilat,2024-07-26,21,1
Çek Tahsilat,2024-07-29,2,2
Çek Tahsilat,2024-07-29,6,5
Çek Tahsilat,2024-07-29,8,2
Çek Tahsilat,2024-07-29,9,5
Çek Tahsilat,2024-07-29,10,19
Çek Tahsilat,2024-07-29,11,8
Çek Tahsilat,2024-07-29,12,2
Çek Tahsilat,2024-07-29,13,7
Çek Tahsilat,2024-07-29,14,8
Çek Tahsilat,2024-07-29,15,2
Çek Tahsilat,2024-07-29,16,5
Çek Tahsilat,2024-07-29,17,5
Çek Tahsilat,2024-07-29,18,1
Çek Tahsilat,2024-07-29,23,3
Çek Tahsilat,2024-07-30,1,1
Çek Tahsilat,2024-07-30,6,7
Çek Tahsilat,2024-07-30,7,2
Çek Tahsilat,2024-07-30,8,12
Çek Tahsilat,2024-07-30,9,34
Çek Tahsilat,2024-07-30,10,15
Çek Tahsilat,2024-07-30,11,28
Çek Tahsilat,2024-07-30,12,2
Çek Tahsilat,2024-07-30,13,15
Çek Tahsilat,2024-07-30,14,49
Çek Tahsilat,2024-07-30,15,33
Çek Tahsilat,2024-07-30,16,3
Çek Tahsilat,2024-07-30,18,6
Çek Tahsilat,2024-07-30,19,1
Çek Tahsilat,2024-07-30,23,1
Çek Tahsilat,2024-07-31,7,4
Çek Tahsilat,2024-07-31,8,9
Çek Tahsilat,2024-07-31,9,8
Çek Tahsilat,2024-07-31,10,2
Çek Tahsilat,2024-07-31,11,17
Çek Tahsilat,2024-07-31,12,5
Çek Tahsilat,2024-07-31,13,7
Çek Tahsilat,2024-07-31,14,3
Çek Tahsilat,2024-07-31,15,5
Çek Tahsilat,2024-07-31,18,2
Çek Tahsilat,2024-08-01,2,2
Çek Tahsilat,2024-08-01,8,1
Çek Tahsilat,2024-08-01,9,6
Çek Tahsilat,2024-08-01,10,1
Çek Tahsilat,2024-08-01,11,5
Çek Tahsilat,2024-08-01,12,5
Çek Tahsilat,2024-08-01,13,2
Çek Tahsilat,2024-08-01,14,1
Çek Tahsilat,2024-08-01,15,6
Çek Tahsilat,2024-08-01,16,1
Çek Tahsilat,2024-08-01,17,3
Çek Tahsilat,2024-08-01,18,2
Çek Tahsilat,2024-08-01,19,8
Çek Tahsilat,2024-08-02,1,11
Çek Tahsilat,2024-08-02,6,6
Çek Tahsilat,2024-08-02,7,1
Çek Tahsilat,2024-08-02,8,5
Çek Tahsilat,2024-08-02,9,24
Çek Tahsilat,2024-08-02,10,15
Çek Tahsilat,2024-08-02,11,8
Çek Tahsilat,2024-08-02,13,2
Çek Tahsilat,2024-08-02,14,17
Çek Tahsilat,2024-08-02,15,10
Çek Tahsilat,2024-08-02,16,20
Çek Tahsilat,2024-08-02,17,2
Çek Tahsilat,2024-08-02,19,7
Çek Tahsilat,2024-08-05,0,2
Çek Tahsilat,2024-08-05,5,10
Çek Tahsilat,2024-08-05,8,18
Çek Tahsilat,2024-08-05,9,46
Çek Tahsilat,2024-08-05,10,1
Çek Tahsilat,2024-08-05,11,5
Çek Tahsilat,2024-08-05,12,4
Çek Tahsilat,2024-08-05,13,7
Çek Tahsilat,2024-08-05,14,1
Çek Tahsilat,2024-08-05,15,1
Çek Tahsilat,2024-08-05,16,37
Çek Tahsilat,2024-08-05,17,4
Çek Tahsilat,2024-08-05,19,17
Çek Tahsilat,2024-08-05,22,6
Çek Tahsilat,2024-08-06,3,1
Çek Tahsilat,2024-08-06,7,7
Çek Tahsilat,2024-08-06,8,1
Çek Tahsilat,2024-08-06,9,6
Çek Tahsilat,2024-08-06,10,8
Çek Tahsilat,2024-08-06,11,8
Çek Tahsilat,2024-08-06,12,3
Çek Tahsilat,2024-08-06,13,1
Çek Tahsilat,2024-08-06,14,9
Çek Tahsilat,2024-08-06,15,9
Çek Tahsilat,2024-08-06,16,4
Çek Tahsilat,2024-08-06,23,1
Çek Tahsilat,2024-08-07,7,1
Çek Tahsilat,2024-08-07,8,5
Çek Tahsilat,2024-08-07,9,14
Çek Tahsilat,2024-08-07,10,7
Çek Tahsilat,2024-08-07,11,4
Çek Tahsilat,2024-08-07,12,11
Çek Tahsilat,2024-08-07,13,6
Çek Tahsilat,2024-08-07,14,8
Çek Tahsilat,2024-08-07,15,2
Çek Tahsilat,2024-08-07,16,13
Çek Tahsilat,2024-08-07,17,2
Çek Tahsilat,2024-08-07,18,6
Çek Tahsilat,2024-08-07,19,5
Çek Tahsilat,2024-08-07,23,3
Çek Tahsilat,2024-08-08,0,1
Çek Tahsilat,2024-08-08,7,4
Çek Tahsilat,2024-08-08,9,1
Çek Tahsilat,2024-08-08,10,3
Çek Tahsilat,2024-08-08,11,7
Çek Tahsilat,2024-08-08,12,7
Çek Tahsilat,2024-08-08,13,7
Çek Tahsilat,2024-08-08,15,5
Çek Tahsilat,2024-08-08,16,1
Çek Tahsilat,2024-08-08,18,3
Çek Tahsilat,2024-08-09,7,3
Çek Tahsilat,2024-08-09,8,4
Çek Tahsilat,2024-08-09,9,8
Çek Tahsilat,2024-08-09,10,8
Çek Tahsilat,2024-08-09,11,16
Çek Tahsilat,2024-08-09,13,8
Çek Tahsilat,2024-08-09,14,1
Çek Tahsilat,2024-08-09,16,2
Çek Tahsilat,2024-08-09,17,2
Çek Tahsilat,2024-08-09,18,6
Çek Tahsilat,2024-08-12,7,1
Çek Tahsilat,2024-08-12,8,2
Çek Tahsilat,2024-08-12,9,3
Çek Tahsilat,2024-08-12,10,6
Çek Tahsilat,2024-08-12,11,4
Çek Tahsilat,2024-08-12,12,6
Çek Tahsilat,2024-08-12,13,16
Çek Tahsilat,2024-08-12,14,1
Çek Tahsilat,2024-08-12,15,3
Çek Tahsilat,2024-08-12,18,5
Çek Tahsilat,2024-08-12,19,7
Çek Tahsilat,2024-08-13,8,2
Çek Tahsilat,2024-08-13,9,3
Çek Tahsilat,2024-08-13,10,1
Çek Tahsilat,2024-08-13,12,4
Çek Tahsilat,2024-08-13,13,4
Çek Tahsilat,2024-08-13,14,1
Çek Tahsilat,2024-08-13,15,1
Çek Tahsilat,2024-08-14,6,1
Çek Tahsilat,2024-08-14,8,6
Çek Tahsilat,2024-08-14,9,3
Çek Tahsilat,2024-08-14,10,2
Çek Tahsilat,2024-08-14,11,3
Çek Tahsilat,2024-08-14,12,1
Çek Tahsilat,2024-08-14,14,3
Çek Tahsilat,2024-08-14,15,4
Çek Tahsilat,2024-08-14,16,3
Çek Tahsilat,2024-08-14,17,1
Çek Tahsilat,2024-08-14,18,5
Çek Tahsilat,2024-08-15,8,3
Çek Tahsilat,2024-08-15,10,1
Çek Tahsilat,2024-08-15,11,3
Çek Tahsilat,2024-08-15,12,7
Çek Tahsilat,2024-08-15,13,2
Çek Tahsilat,2024-08-15,14,9
Çek Tahsilat,2024-08-15,16,1
Çek Tahsilat,2024-08-15,21,1
Çek Tahsilat,2024-08-16,7,1
Çek Tahsilat,2024-08-16,8,3
Çek Tahsilat,2024-08-16,9,1
Çek Tahsilat,2024-08-16,10,1
Çek Tahsilat,2024-08-16,11,3
Çek Tahsilat,2024-08-16,12,1
Çek Tahsilat,2024-08-16,13,1
Çek Tahsilat,2024-08-16,16,1
Çek Tahsilat,2024-08-16,17,1
Çek Tahsilat,2024-08-19,7,30
Çek Tahsilat,2024-08-19,8,18
Çek Tahsilat,2024-08-19,9,9
Çek Tahsilat,2024-08-19,10,16
Çek Tahsilat,2024-08-19,11,7
Çek Tahsilat,2024-08-19,12,5
Çek Tahsilat,2024-08-19,13,12
Çek Tahsilat,2024-08-19,14,29
Çek Tahsilat,2024-08-19,15,5
Çek Tahsilat,2024-08-19,16,1
Çek Tahsilat,2024-08-19,17,3
Çek Tahsilat,2024-08-19,18,3
Çek Tahsilat,2024-08-20,6,3
Çek Tahsilat,2024-08-20,7,7
Çek Tahsilat,2024-08-20,8,11
Çek Tahsilat,2024-08-20,9,10
Çek Tahsilat,2024-08-20,10,15
Çek Tahsilat,2024-08-20,11,4
Çek Tahsilat,2024-08-20,12,2
Çek Tahsilat,2024-08-20,13,5
Çek Tahsilat,2024-08-20,15,4
Çek Tahsilat,2024-08-20,16,8
Çek Tahsilat,2024-08-20,17,3
Çek Tahsilat,2024-08-20,19,6
Çek Tahsilat,2024-08-21,6,1
Çek Tahsilat,2024-08-21,7,5
Çek Tahsilat,2024-08-21,8,4
Çek Tahsilat,2024-08-21,9,2
Çek Tahsilat,2024-08-21,10,3
Çek Tahsilat,2024-08-21,11,3
Çek Tahsilat,2024-08-21,12,3
Çek Tahsilat,2024-08-21,13,3
Çek Tahsilat,2024-08-21,14,4
Çek Tahsilat,2024-08-21,16,2
Çek Tahsilat,2024-08-21,17,2
Çek Tahsilat,2024-08-21,18,2
Çek Tahsilat,2024-08-21,19,2
Çek Tahsilat,2024-08-22,5,1
Çek Tahsilat,2024-08-22,7,1
Çek Tahsilat,2024-08-22,8,5
Çek Tahsilat,2024-08-22,11,3
Çek Tahsilat,2024-08-22,13,1
Çek Tahsilat,2024-08-22,14,3
Çek Tahsilat,2024-08-22,15,4
Çek Tahsilat,2024-08-22,17,1
Çek Tahsilat,2024-08-22,20,2
Çek Tahsilat,2024-08-23,3,1
Çek Tahsilat,2024-08-23,7,2
Çek Tahsilat,2024-08-23,8,6
Çek Tahsilat,2024-08-23,9,22
Çek Tahsilat,2024-08-23,10,16
Çek Tahsilat,2024-08-23,11,10
Çek Tahsilat,2024-08-23,13,9
Çek Tahsilat,2024-08-23,14,4
Çek Tahsilat,2024-08-23,15,15
Çek Tahsilat,2024-08-23,16,1
Çek Tahsilat,2024-08-23,17,2
Çek Tahsilat,2024-08-23,18,5
Çek Tahsilat,2024-08-23,19,3
Çek Tahsilat,2024-08-23,22,4
Çek Tahsilat,2024-08-26,1,2
Çek Tahsilat,2024-08-26,3,1
Çek Tahsilat,2024-08-26,7,2
Çek Tahsilat,2024-08-26,8,6
Çek Tahsilat,2024-08-26,9,5
Çek Tahsilat,2024-08-26,10,11
Çek Tahsilat,2024-08-26,11,3
Çek Tahsilat,2024-08-26,12,3
Çek Tahsilat,2024-08-26,13,17
Çek Tahsilat,2024-08-26,14,4
Çek Tahsilat,2024-08-26,15,15
Çek Tahsilat,2024-08-26,17,7
Çek Tahsilat,2024-08-26,18,4
Çek Tahsilat,2024-08-26,19,2
Çek Tahsilat,2024-08-27,2,1
Çek Tahsilat,2024-08-27,6,2
Çek Tahsilat,2024-08-27,7,5
Çek Tahsilat,2024-08-27,8,7
Çek Tahsilat,2024-08-27,9,15
Çek Tahsilat,2024-08-27,10,25
Çek Tahsilat,2024-08-27,11,15
Çek Tahsilat,2024-08-27,12,5
Çek Tahsilat,2024-08-27,13,18
Çek Tahsilat,2024-08-27,14,8
Çek Tahsilat,2024-08-27,15,12
Çek Tahsilat,2024-08-27,16,2
Çek Tahsilat,2024-08-27,17,11
Çek Tahsilat,2024-08-27,19,1
Çek Tahsilat,2024-08-27,20,1
Çek Tahsilat,2024-08-28,3,3
Çek Tahsilat,2024-08-28,9,5
Çek Tahsilat,2024-08-28,10,9
Çek Tahsilat,2024-08-28,11,7
Çek Tahsilat,2024-08-28,12,6
Çek Tahsilat,2024-08-28,14,2
Çek Tahsilat,2024-08-28,15,1
Çek Tahsilat,2024-08-28,16,3
Çek Tahsilat,2024-08-28,17,3
Çek Tahsilat,2024-08-28,20,1
Çek Tahsilat,2024-08-29,8,2
Çek Tahsilat,2024-08-29,9,3
Çek Tahsilat,2024-08-29,10,12
Çek Tahsilat,2024-08-29,11,5
Çek Tahsilat,2024-08-29,12,9
Çek Tahsilat,2024-08-29,13,8
Çek Tahsilat,2024-08-29,14,4
Çek Tahsilat,2024-08-29,15,3
Çek Tahsilat,2024-08-29,16,1
Çek Tahsilat,2024-08-29,17,5
Çek Tahsilat,2024-08-29,18,1
Çek Tahsilat,2024-08-29,19,4
Çek Tahsilat,2024-09-02,1,3
Çek Tahsilat,2024-09-02,3,6
Çek Tahsilat,2024-09-02,5,1
Çek Tahsilat,2024-09-02,6,6
Çek Tahsilat,2024-09-02,8,13
Çek Tahsilat,2024-09-02,9,21
Çek Tahsilat,2024-09-02,10,56
Çek Tahsilat,2024-09-02,11,5
Çek Tahsilat,2024-09-02,12,20
Çek Tahsilat,2024-09-02,13,28
Çek Tahsilat,2024-09-02,14,14
Çek Tahsilat,2024-09-02,15,15
Çek Tahsilat,2024-09-02,16,15
Çek Tahsilat,2024-09-02,17,12
Çek Tahsilat,2024-09-02,18,4
Çek Tahsilat,2024-09-02,19,20
Çek Tahsilat,2024-09-03,3,1
Çek Tahsilat,2024-09-03,7,1
Çek Tahsilat,2024-09-03,8,5
Çek Tahsilat,2024-09-03,10,1
Çek Tahsilat,2024-09-03,11,1
Çek Tahsilat,2024-09-03,12,1
Çek Tahsilat,2024-09-03,13,3
Çek Tahsilat,2024-09-03,14,3
Çek Tahsilat,2024-09-03,15,1
Çek Tahsilat,2024-09-03,16,1
Çek Tahsilat,2024-09-03,17,8
Çek Tahsilat,2024-09-03,23,3
Çek Tahsilat,2024-09-04,7,3
Çek Tahsilat,2024-09-04,9,1
Çek Tahsilat,2024-09-04,10,2
Çek Tahsilat,2024-09-04,11,1
Çek Tahsilat,2024-09-04,13,2
Çek Tahsilat,2024-09-04,15,2
Çek Tahsilat,2024-09-04,17,1
Çek Tahsilat,2024-09-04,18,2
Çek Tahsilat,2024-09-04,19,1
Çek Tahsilat,2024-09-05,1,1
Çek Tahsilat,2024-09-05,7,2
Çek Tahsilat,2024-09-05,8,3
Çek Tahsilat,2024-09-05,9,3
Çek Tahsilat,2024-09-05,10,3
Çek Tahsilat,2024-09-05,11,16
Çek Tahsilat,2024-09-05,12,11
Çek Tahsilat,2024-09-05,13,1
Çek Tahsilat,2024-09-05,14,2
Çek Tahsilat,2024-09-05,16,1
Çek Tahsilat,2024-09-05,17,4
Çek Tahsilat,2024-09-05,18,3
Çek Tahsilat,2024-09-05,19,4
Çek Tahsilat,2024-09-06,3,3
Çek Tahsilat,2024-09-06,5,2
Çek Tahsilat,2024-09-06,6,1
Çek Tahsilat,2024-09-06,7,4
Çek Tahsilat,2024-09-06,8,19
Çek Tahsilat,2024-09-06,9,2
Çek Tahsilat,2024-09-06,10,3
Çek Tahsilat,2024-09-06,11,2
Çek Tahsilat,2024-09-06,13,7
Çek Tahsilat,2024-09-06,14,2
Çek Tahsilat,2024-09-06,17,6
Çek Tahsilat,2024-09-09,0,2
Çek Tahsilat,2024-09-09,7,4
Çek Tahsilat,2024-09-09,8,4
Çek Tahsilat,2024-09-09,10,1
Çek Tahsilat,2024-09-09,11,3
Çek Tahsilat,2024-09-09,12,2
Çek Tahsilat,2024-09-09,13,1
Çek Tahsilat,2024-09-09,14,4
Çek Tahsilat,2024-09-09,15,5
Çek Tahsilat,2024-09-09,16,2
Çek Tahsilat,2024-09-09,17,1
Çek Tahsilat,2024-09-09,18,1
Çek Tahsilat,2024-09-10,2,8
Çek Tahsilat,2024-09-10,6,3
Çek Tahsilat,2024-09-10,7,34
Çek Tahsilat,2024-09-10,8,13
Çek Tahsilat,2024-09-10,9,7
Çek Tahsilat,2024-09-10,10,18
Çek Tahsilat,2024-09-10,11,10
Çek Tahsilat,2024-09-10,12,6
Çek Tahsilat,2024-09-10,13,1
Çek Tahsilat,2024-09-10,14,1
Çek Tahsilat,2024-09-10,15,1
Çek Tahsilat,2024-09-10,16,12
Çek Tahsilat,2024-09-10,17,3
Çek Tahsilat,2024-09-10,18,2
Çek Tahsilat,2024-09-10,19,4
Çek Tahsilat,2024-09-11,0,2
Çek Tahsilat,2024-09-11,6,3
Çek Tahsilat,2024-09-11,7,1
Çek Tahsilat,2024-09-11,8,14
Çek Tahsilat,2024-09-11,9,7
Çek Tahsilat,2024-09-11,10,12
Çek Tahsilat,2024-09-11,11,2
Çek Tahsilat,2024-09-11,12,10
Çek Tahsilat,2024-09-11,13,3
Çek Tahsilat,2024-09-11,14,5
Çek Tahsilat,2024-09-11,15,6
Çek Tahsilat,2024-09-11,16,2
Çek Tahsilat,2024-09-11,17,2
Çek Tahsilat,2024-09-11,18,1
Çek Tahsilat,2024-09-11,23,1
Çek Tahsilat,2024-09-12,4,1
Çek Tahsilat,2024-09-12,8,1
Çek Tahsilat,2024-09-12,9,5
Çek Tahsilat,2024-09-12,10,8
Çek Tahsilat,2024-09-12,11,11
Çek Tahsilat,2024-09-12,12,1
Çek Tahsilat,2024-09-12,13,9
Çek Tahsilat,2024-09-12,14,6
Çek Tahsilat,2024-09-12,15,4
Çek Tahsilat,2024-09-12,16,4
Çek Tahsilat,2024-09-12,17,1
Çek Tahsilat,2024-09-12,18,1
Çek Tahsilat,2024-09-12,19,1
Çek Tahsilat,2024-09-13,7,1
Çek Tahsilat,2024-09-13,8,3
Çek Tahsilat,2024-09-13,9,2
Çek Tahsilat,2024-09-13,10,14
Çek Tahsilat,2024-09-13,11,4
Çek Tahsilat,2024-09-13,13,1
Çek Tahsilat,2024-09-13,14,5
Çek Tahsilat,2024-09-13,15,4
Çek Tahsilat,2024-09-13,16,2
Çek Tahsilat,2024-09-13,18,3
Çek Tahsilat,2024-09-16,7,1
Çek Tahsilat,2024-09-16,8,1
Çek Tahsilat,2024-09-16,9,3
Çek Tahsilat,2024-09-16,11,8
Çek Tahsilat,2024-09-16,12,3
Çek Tahsilat,2024-09-16,14,4
Çek Tahsilat,2024-09-16,19,1
Çek Tahsilat,2024-09-16,23,1
Çek Tahsilat,2024-09-17,3,1
Çek Tahsilat,2024-09-17,6,4
Çek Tahsilat,2024-09-17,8,2
Çek Tahsilat,2024-09-17,9,3
Çek Tahsilat,2024-09-17,10,4
Çek Tahsilat,2024-09-17,11,1
Çek Tahsilat,2024-09-17,12,1
Çek Tahsilat,2024-09-17,13,2
Çek Tahsilat,2024-09-17,14,1
Çek Tahsilat,2024-09-17,15,6
Çek Tahsilat,2024-09-17,16,1
Çek Tahsilat,2024-09-17,17,3
Çek Tahsilat,2024-09-17,18,1
Çek Tahsilat,2024-09-18,5,1
Çek Tahsilat,2024-09-18,6,1
Çek Tahsilat,2024-09-18,7,1
Çek Tahsilat,2024-09-18,9,1
Çek Tahsilat,2024-09-18,10,3
Çek Tahsilat,2024-09-18,14,1
Çek Tahsilat,2024-09-18,20,1
Çek Tahsilat,2024-09-19,2,1
Çek Tahsilat,2024-09-19,7,3
Çek Tahsilat,2024-09-19,8,5
Çek Tahsilat,2024-09-19,9,1
Çek Tahsilat,2024-09-19,10,2
Çek Tahsilat,2024-09-19,11,4
Çek Tahsilat,2024-09-19,12,3
Çek Tahsilat,2024-09-19,16,1
Çek Tahsilat,2024-09-19,17,1
Çek Tahsilat,2024-09-19,18,1
Çek Tahsilat,2024-09-20,3,3
Çek Tahsilat,2024-09-20,6,1
Çek Tahsilat,2024-09-20,8,45
Çek Tahsilat,2024-09-20,9,15
Çek Tahsilat,2024-09-20,10,21
Çek Tahsilat,2024-09-20,11,6
Çek Tahsilat,2024-09-20,12,35
Çek Tahsilat,2024-09-20,13,4
Çek Tahsilat,2024-09-20,14,7
Çek Tahsilat,2024-09-20,15,3
Çek Tahsilat,2024-09-20,16,26
Çek Tahsilat,2024-09-20,17,7
Çek Tahsilat,2024-09-20,18,12
Çek Tahsilat,2024-09-20,19,10
Çek Tahsilat,2024-09-20,23,5
Çek Tahsilat,2024-09-23,6,2
Çek Tahsilat,2024-09-23,7,27
Çek Tahsilat,2024-09-23,8,11
Çek Tahsilat,2024-09-23,9,8
Çek Tahsilat,2024-09-23,10,10
Çek Tahsilat,2024-09-23,11,14
Çek Tahsilat,2024-09-23,12,32
Çek Tahsilat,2024-09-23,13,4
Çek Tahsilat,2024-09-23,14,3
Çek Tahsilat,2024-09-23,15,10
Çek Tahsilat,2024-09-23,16,1
Çek Tahsilat,2024-09-23,17,2
Çek Tahsilat,2024-09-24,5,1
Çek Tahsilat,2024-09-24,6,4
Çek Tahsilat,2024-09-24,7,2
Çek Tahsilat,2024-09-24,8,2
Çek Tahsilat,2024-09-24,9,6
Çek Tahsilat,2024-09-24,10,7
Çek Tahsilat,2024-09-24,11,14
Çek Tahsilat,2024-09-24,13,3
Çek Tahsilat,2024-09-24,15,8
Çek Tahsilat,2024-09-24,16,15
Çek Tahsilat,2024-09-24,17,1
Çek Tahsilat,2024-09-24,18,8
Çek Tahsilat,2024-09-24,19,1
Çek Tahsilat,2024-09-24,21,1
Çek Tahsilat,2024-09-24,22,2
Çek Tahsilat,2024-09-24,23,3
Çek Tahsilat,2024-09-25,1,1
Çek Tahsilat,2024-09-25,5,1
Çek Tahsilat,2024-09-25,9,1
Çek Tahsilat,2024-09-25,10,4
Çek Tahsilat,2024-09-25,11,2
Çek Tahsilat,2024-09-25,14,2
Çek Tahsilat,2024-09-25,15,3
Çek Tahsilat,2024-09-25,16,6
Çek Tahsilat,2024-09-25,23,2
Çek Tahsilat,2024-09-26,8,3
Çek Tahsilat,2024-09-26,9,4
Çek Tahsilat,2024-09-26,11,1
Çek Tahsilat,2024-09-26,12,2
Çek Tahsilat,2024-09-26,13,1
Çek Tahsilat,2024-09-26,15,1
Çek Tahsilat,2024-09-26,16,1
Çek Tahsilat,2024-09-26,17,3
Çek Tahsilat,2024-09-26,23,1
Çek Tahsilat,2024-09-27,8,3
Çek Tahsilat,2024-09-27,9,4
Çek Tahsilat,2024-09-27,10,10
Çek Tahsilat,2024-09-27,11,12
Çek Tahsilat,2024-09-27,13,4
Çek Tahsilat,2024-09-27,14,3
Çek Tahsilat,2024-09-27,15,1
Çek Tahsilat,2024-09-27,16,3
Çek Tahsilat,2024-09-27,17,6
Çek Tahsilat,2024-09-27,22,2
Çek Tahsilat,2024-09-30,2,12
Çek Tahsilat,2024-09-30,7,23
Çek Tahsilat,2024-09-30,8,25
Çek Tahsilat,2024-09-30,9,84
Çek Tahsilat,2024-09-30,10,24
Çek Tahsilat,2024-09-30,11,23
Çek Tahsilat,2024-09-30,12,10
Çek Tahsilat,2024-09-30,13,21
Çek Tahsilat,2024-09-30,14,20
Çek Tahsilat,2024-09-30,15,26
Çek Tahsilat,2024-09-30,16,5
Çek Tahsilat,2024-09-30,17,25
Çek Tahsilat,2024-09-30,18,10
Çek Tahsilat,2024-09-30,19,9
Çek Tahsilat,2024-09-30,21,2
Çek Tahsilat,2024-10-01,6,3
Çek Tahsilat,2024-10-01,7,11
Çek Tahsilat,2024-10-01,8,10
Çek Tahsilat,2024-10-01,9,20
Çek Tahsilat,2024-10-01,10,21
Çek Tahsilat,2024-10-01,11,12
Çek Tahsilat,2024-10-01,12,21
Çek Tahsilat,2024-10-01,13,28
Çek Tahsilat,2024-10-01,14,3
Çek Tahsilat,2024-10-01,15,3
Çek Tahsilat,2024-10-01,18,6
Çek Tahsilat,2024-10-01,22,2
Çek Tahsilat,2024-10-01,23,7
Çek Tahsilat,2024-10-02,8,14
Çek Tahsilat,2024-10-02,9,7
Çek Tahsilat,2024-10-02,10,5
Çek Tahsilat,2024-10-02,11,4
Çek Tahsilat,2024-10-02,12,4
Çek Tahsilat,2024-10-02,13,5
Çek Tahsilat,2024-10-02,14,9
Çek Tahsilat,2024-10-02,15,3
Çek Tahsilat,2024-10-02,16,2
Çek Tahsilat,2024-10-02,17,2
Çek Tahsilat,2024-10-02,18,1
Çek Tahsilat,2024-10-02,19,1
Çek Tahsilat,2024-10-02,22,4
Çek Tahsilat,2024-10-03,7,1
Çek Tahsilat,2024-10-03,8,3
Çek Tahsilat,2024-10-03,9,2
Çek Tahsilat,2024-10-03,10,2
Çek Tahsilat,2024-10-03,11,3
Çek Tahsilat,2024-10-03,13,2
Çek Tahsilat,2024-10-03,15,2
Çek Tahsilat,2024-10-04,6,4
Çek Tahsilat,2024-10-04,8,4
Çek Tahsilat,2024-10-04,9,10
Çek Tahsilat,2024-10-04,10,5
Çek Tahsilat,2024-10-04,11,4
Çek Tahsilat,2024-10-04,12,5
Çek Tahsilat,2024-10-04,13,2
Çek Tahsilat,2024-10-04,14,1
Çek Tahsilat,2024-10-04,15,6
Çek Tahsilat,2024-10-07,7,1
Çek Tahsilat,2024-10-07,9,3
Çek Tahsilat,2024-10-07,11,1
Çek Tahsilat,2024-10-07,12,1
Çek Tahsilat,2024-10-07,13,1
Çek Tahsilat,2024-10-07,14,5
Çek Tahsilat,2024-10-07,15,1
Çek Tahsilat,2024-10-07,16,3
Çek Tahsilat,2024-10-07,17,1
Çek Tahsilat,2024-10-08,8,2
Çek Tahsilat,2024-10-08,9,2
Çek Tahsilat,2024-10-08,10,3
Çek Tahsilat,2024-10-08,11,2
Çek Tahsilat,2024-10-08,12,1
Çek Tahsilat,2024-10-08,13,1
Çek Tahsilat,2024-10-08,17,1
Çek Tahsilat,2024-10-08,18,3
Çek Tahsilat,2024-10-09,8,4
Çek Tahsilat,2024-10-09,9,1
Çek Tahsilat,2024-10-09,10,11
Çek Tahsilat,2024-10-09,11,4
Çek Tahsilat,2024-10-09,12,2
Çek Tahsilat,2024-10-09,13,3
Çek Tahsilat,2024-10-09,14,4
Çek Tahsilat,2024-10-09,15,2
Çek Tahsilat,2024-10-09,16,1
Çek Tahsilat,2024-10-09,18,1
Çek Tahsilat,2024-10-10,6,1
Çek Tahsilat,2024-10-10,8,22
Çek Tahsilat,2024-10-10,9,5
Çek Tahsilat,2024-10-10,10,14
Çek Tahsilat,2024-10-10,11,12
Çek Tahsilat,2024-10-10,12,16
Çek Tahsilat,2024-10-10,13,4
Çek Tahsilat,2024-10-10,14,5
Çek Tahsilat,2024-10-10,15,4
Çek Tahsilat,2024-10-10,16,1
Çek Tahsilat,2024-10-10,19,6
Çek Tahsilat,2024-10-11,0,1
Çek Tahsilat,2024-10-11,7,4
Çek Tahsilat,2024-10-11,8,12
Çek Tahsilat,2024-10-11,9,8
Çek Tahsilat,2024-10-11,10,16
Çek Tahsilat,2024-10-11,11,3
Çek Tahsilat,2024-10-11,12,1
Çek Tahsilat,2024-10-11,13,7
Çek Tahsilat,2024-10-11,14,7
Çek Tahsilat,2024-10-11,15,4
Çek Tahsilat,2024-10-11,16,4
Çek Tahsilat,2024-10-11,18,7
Çek Tahsilat,2024-10-14,0,1
Çek Tahsilat,2024-10-14,3,4
Çek Tahsilat,2024-10-14,7,4
Çek Tahsilat,2024-10-14,8,30
Çek Tahsilat,2024-10-14,9,13
Çek Tahsilat,2024-10-14,10,14
Çek Tahsilat,2024-10-14,11,17
Çek Tahsilat,2024-10-14,12,2
Çek Tahsilat,2024-10-14,13,14
Çek Tahsilat,2024-10-14,14,8
Çek Tahsilat,2024-10-14,15,18
Çek Tahsilat,2024-10-14,16,2
Çek Tahsilat,2024-10-14,17,7
Çek Tahsilat,2024-10-14,18,14
Çek Tahsilat,2024-10-14,19,6
Çek Tahsilat,2024-10-14,21,8
Çek Tahsilat,2024-10-14,23,2
Çek Tahsilat,2024-10-15,6,5
Çek Tahsilat,2024-10-15,7,2
Çek Tahsilat,2024-10-15,8,3
Çek Tahsilat,2024-10-15,9,22
Çek Tahsilat,2024-10-15,10,5
Çek Tahsilat,2024-10-15,11,14
Çek Tahsilat,2024-10-15,12,8
Çek Tahsilat,2024-10-15,13,3
Çek Tahsilat,2024-10-15,14,8
Çek Tahsilat,2024-10-15,15,4
Çek Tahsilat,2024-10-15,17,2
Çek Tahsilat,2024-10-15,18,2
Çek Tahsilat,2024-10-16,5,2
Çek Tahsilat,2024-10-16,7,5
Çek Tahsilat,2024-10-16,8,2
Çek Tahsilat,2024-10-16,9,11
Çek Tahsilat,2024-10-16,11,2
Çek Tahsilat,2024-10-16,12,2
Çek Tahsilat,2024-10-16,13,1
Çek Tahsilat,2024-10-16,14,4
Çek Tahsilat,2024-10-16,15,4
Çek Tahsilat,2024-10-16,16,2
Çek Tahsilat,2024-10-16,19,2
Çek Tahsilat,2024-10-17,6,3
Çek Tahsilat,2024-10-17,8,8
Çek Tahsilat,2024-10-17,9,4
Çek Tahsilat,2024-10-17,10,4
Çek Tahsilat,2024-10-17,11,7
Çek Tahsilat,2024-10-17,14,2
Çek Tahsilat,2024-10-17,15,5
Çek Tahsilat,2024-10-17,16,1
Çek Tahsilat,2024-10-17,18,3
Çek Tahsilat,2024-10-17,19,1
Çek Tahsilat,2024-10-18,4,1
Çek Tahsilat,2024-10-18,7,1
Çek Tahsilat,2024-10-18,8,7
Çek Tahsilat,2024-10-18,9,9
Çek Tahsilat,2024-10-18,10,7
Çek Tahsilat,2024-10-18,11,6
Çek Tahsilat,2024-10-18,12,2
Çek Tahsilat,2024-10-18,13,3
Çek Tahsilat,2024-10-18,14,1
Çek Tahsilat,2024-10-18,15,9
Çek Tahsilat,2024-10-18,16,6
Çek Tahsilat,2024-10-18,17,4
Çek Tahsilat,2024-10-18,18,1
Çek Tahsilat,2024-10-21,3,2
Çek Tahsilat,2024-10-21,6,2
Çek Tahsilat,2024-10-21,7,12
Çek Tahsilat,2024-10-21,8,15
Çek Tahsilat,2024-10-21,9,19
Çek Tahsilat,2024-10-21,10,16
Çek Tahsilat,2024-10-21,11,13
Çek Tahsilat,2024-10-21,12,23
Çek Tahsilat,2024-10-21,13,15
Çek Tahsilat,2024-10-21,14,6
Çek Tahsilat,2024-10-21,15,22
Çek Tahsilat,2024-10-21,16,13
Çek Tahsilat,2024-10-21,17,9
Çek Tahsilat,2024-10-21,18,1
Çek Tahsilat,2024-10-21,19,11
Çek Tahsilat,2024-10-22,7,7
Çek Tahsilat,2024-10-22,8,11
Çek Tahsilat,2024-10-22,9,4
Çek Tahsilat,2024-10-22,10,5
Çek Tahsilat,2024-10-22,11,4
Çek Tahsilat,2024-10-22,13,13
Çek Tahsilat,2024-10-22,14,4
Çek Tahsilat,2024-10-22,15,6
Çek Tahsilat,2024-10-22,16,3
Çek Tahsilat,2024-10-22,17,7
Çek Tahsilat,2024-10-22,18,1
Çek Tahsilat,2024-10-23,7,4
Çek Tahsilat,2024-10-23,8,6
Çek Tahsilat,2024-10-23,9,1
Çek Tahsilat,2024-10-23,10,1
Çek Tahsilat,2024-10-23,11,2
Çek Tahsilat,2024-10-23,12,4
Çek Tahsilat,2024-10-23,13,2
Çek Tahsilat,2024-10-23,14,2
Çek Tahsilat,2024-10-23,15,1
Çek Tahsilat,2024-10-23,16,1
Çek Tahsilat,2024-10-23,17,1
Çek Tahsilat,2024-10-23,19,2
Çek Tahsilat,2024-10-24,1,1
Çek Tahsilat,2024-10-24,5,1
Çek Tahsilat,2024-10-24,7,4
Çek Tahsilat,2024-10-24,8,5
Çek Tahsilat,2024-10-24,9,12
Çek Tahsilat,2024-10-24,10,15
Çek Tahsilat,2024-10-24,11,4
Çek Tahsilat,2024-10-24,12,9
Çek Tahsilat,2024-10-24,13,1
Çek Tahsilat,2024-10-24,14,13
Çek Tahsilat,2024-10-24,15,1
Çek Tahsilat,2024-10-24,16,1
Çek Tahsilat,2024-10-24,17,1
Çek Tahsilat,2024-10-24,18,1
Çek Tahsilat,2024-10-24,19,3
Çek Tahsilat,2024-10-24,23,1
Çek Tahsilat,2024-10-25,2,2
Çek Tahsilat,2024-10-25,7,3
Çek Tahsilat,2024-10-25,8,5
Çek Tahsilat,2024-10-25,9,3
Çek Tahsilat,2024-10-25,10,5
Çek Tahsilat,2024-10-25,11,5
Çek Tahsilat,2024-10-25,13,2
Çek Tahsilat,2024-10-25,14,5
Çek Tahsilat,2024-10-25,15,4
Çek Tahsilat,2024-10-25,16,1
Çek Tahsilat,2024-10-25,17,1
Çek Tahsilat,2024-10-25,23,2
Çek Tahsilat,2024-10-28,7,4
Çek Tahsilat,2024-10-28,8,6
Çek Tahsilat,2024-10-28,9,18
Çek Tahsilat,2024-10-28,10,6
Çek Tahsilat,2024-10-28,11,10
Çek Tahsilat,2024-10-28,12,1
Çek Tahsilat,2024-10-28,13,4
Çek Tahsilat,2024-10-28,14,3
Çek Tahsilat,2024-10-28,15,4
Çek Tahsilat,2024-10-28,16,1
Çek Tahsilat,2024-10-28,18,9
Çek Tahsilat,2024-10-28,19,7
Çek Tahsilat,2024-10-30,1,1
Çek Tahsilat,2024-10-30,2,1
Çek Tahsilat,2024-10-30,7,2
Çek Tahsilat,2024-10-30,8,6
Çek Tahsilat,2024-10-30,9,26
Çek Tahsilat,2024-10-30,10,7
Çek Tahsilat,2024-10-30,11,2
Çek Tahsilat,2024-10-30,12,3
Çek Tahsilat,2024-10-30,13,2
Çek Tahsilat,2024-10-30,14,1
Çek Tahsilat,2024-10-30,15,8
Çek Tahsilat,2024-10-30,17,2
Çek Tahsilat,2024-10-30,19,3
Çek Tahsilat,2024-10-30,21,1
Çek Tahsilat,2024-10-31,3,1
Çek Tahsilat,2024-10-31,8,1
Çek Tahsilat,2024-10-31,9,3
Çek Tahsilat,2024-10-31,10,9
Çek Tahsilat,2024-10-31,11,11
Çek Tahsilat,2024-10-31,12,3
Çek Tahsilat,2024-10-31,13,8
Çek Tahsilat,2024-10-31,14,6
Çek Tahsilat,2024-10-31,15,5
Çek Tahsilat,2024-10-31,16,4
Çek Tahsilat,2024-10-31,17,10
Çek Tahsilat,2024-10-31,19,8
Çek Tahsilat,2024-11-01,3,1
Çek Tahsilat,2024-11-01,6,1
Çek Tahsilat,2024-11-01,7,1
Çek Tahsilat,2024-11-01,8,2
Çek Tahsilat,2024-11-01,9,7
Çek Tahsilat,2024-11-01,10,10
Çek Tahsilat,2024-11-01,11,7
Çek Tahsilat,2024-11-01,12,3
Çek Tahsilat,2024-11-01,13,5
Çek Tahsilat,2024-11-01,14,3
Çek Tahsilat,2024-11-01,15,7
Çek Tahsilat,2024-11-01,16,1
Çek Tahsilat,2024-11-01,17,4
Çek Tahsilat,2024-11-01,18,4
Çek Tahsilat,2024-11-01,20,3
Çek Tahsilat,2024-11-04,2,6
Çek Tahsilat,2024-11-04,6,4
Çek Tahsilat,2024-11-04,7,4
Çek Tahsilat,2024-11-04,8,15
Çek Tahsilat,2024-11-04,9,33
Çek Tahsilat,2024-11-04,10,7
Çek Tahsilat,2024-11-04,11,5
Çek Tahsilat,2024-11-04,12,17
Çek Tahsilat,2024-11-04,13,20
Çek Tahsilat,2024-11-04,14,6
Çek Tahsilat,2024-11-04,15,10
Çek Tahsilat,2024-11-04,16,6
Çek Tahsilat,2024-11-04,17,4
Çek Tahsilat,2024-11-04,19,3
Çek Tahsilat,2024-11-05,2,4
Çek Tahsilat,2024-11-05,7,2
Çek Tahsilat,2024-11-05,8,7
Çek Tahsilat,2024-11-05,9,13
Çek Tahsilat,2024-11-05,10,4
Çek Tahsilat,2024-11-05,11,2
Çek Tahsilat,2024-11-05,12,2
Çek Tahsilat,2024-11-05,13,1
Çek Tahsilat,2024-11-05,14,3
Çek Tahsilat,2024-11-05,15,4
Çek Tahsilat,2024-11-05,16,6
Çek Tahsilat,2024-11-05,19,3
Çek Tahsilat,2024-11-06,8,3
Çek Tahsilat,2024-11-06,10,1
Çek Tahsilat,2024-11-06,11,1
Çek Tahsilat,2024-11-06,12,1
Çek Tahsilat,2024-11-06,13,4
Çek Tahsilat,2024-11-06,14,3
Çek Tahsilat,2024-11-06,15,4
Çek Tahsilat,2024-11-06,19,2
Çek Tahsilat,2024-11-07,7,1
Çek Tahsilat,2024-11-07,8,1
Çek Tahsilat,2024-11-07,9,2
Çek Tahsilat,2024-11-07,10,4
Çek Tahsilat,2024-11-07,11,19
Çek Tahsilat,2024-11-07,12,10
Çek Tahsilat,2024-11-07,13,4
Çek Tahsilat,2024-11-07,14,8
Çek Tahsilat,2024-11-07,15,5
Çek Tahsilat,2024-11-07,17,3
Çek Tahsilat,2024-11-07,18,1
Çek Tahsilat,2024-11-08,2,1
Çek Tahsilat,2024-11-08,7,4
Çek Tahsilat,2024-11-08,8,1
Çek Tahsilat,2024-11-08,9,2
Çek Tahsilat,2024-11-08,10,7
Çek Tahsilat,2024-11-08,11,9
Çek Tahsilat,2024-11-08,12,4
Çek Tahsilat,2024-11-08,13,3
Çek Tahsilat,2024-11-08,14,6
Çek Tahsilat,2024-11-08,15,2
Çek Tahsilat,2024-11-08,16,11
Çek Tahsilat,2024-11-08,17,15
Çek Tahsilat,2024-11-11,1,2
Çek Tahsilat,2024-11-11,5,1
Çek Tahsilat,2024-11-11,7,3
Çek Tahsilat,2024-11-11,8,4
Çek Tahsilat,2024-11-11,9,2
Çek Tahsilat,2024-11-11,10,2
Çek Tahsilat,2024-11-11,11,2
Çek Tahsilat,2024-11-11,12,1
Çek Tahsilat,2024-11-11,13,4
Çek Tahsilat,2024-11-11,15,2
Çek Tahsilat,2024-11-11,16,1
Çek Tahsilat,2024-11-11,17,2
Çek Tahsilat,2024-11-11,18,6
Çek Tahsilat,2024-11-12,2,2
Çek Tahsilat,2024-11-12,6,2
Çek Tahsilat,2024-11-12,7,1
Çek Tahsilat,2024-11-12,8,9
Çek Tahsilat,2024-11-12,9,6
Çek Tahsilat,2024-11-12,10,3
Çek Tahsilat,2024-11-12,11,4
Çek Tahsilat,2024-11-12,12,1
Çek Tahsilat,2024-11-12,13,6
Çek Tahsilat,2024-11-12,14,13
Çek Tahsilat,2024-11-12,15,2
Çek Tahsilat,2024-11-12,16,4
Çek Tahsilat,2024-11-12,17,3
Çek Tahsilat,2024-11-12,18,5
Çek Tahsilat,2024-11-12,20,1
Çek Tahsilat,2024-11-12,21,2
Çek Tahsilat,2024-11-13,7,1
Çek Tahsilat,2024-11-13,8,2
Çek Tahsilat,2024-11-13,9,4
Çek Tahsilat,2024-11-13,10,2
Çek Tahsilat,2024-11-13,11,3
Çek Tahsilat,2024-11-13,15,1
Çek Tahsilat,2024-11-13,16,2
Çek Tahsilat,2024-11-14,6,5
Çek Tahsilat,2024-11-14,7,13
Çek Tahsilat,2024-11-14,8,11
Çek Tahsilat,2024-11-14,9,8
Çek Tahsilat,2024-11-14,10,20
Çek Tahsilat,2024-11-14,11,32
Çek Tahsilat,2024-11-14,12,7
Çek Tahsilat,2024-11-14,13,8
Çek Tahsilat,2024-11-14,14,5
Çek Tahsilat,2024-11-14,15,2
Çek Tahsilat,2024-11-14,16,3
Çek Tahsilat,2024-11-14,17,1
Çek Tahsilat,2024-11-14,18,2
Çek Tahsilat,2024-11-14,19,1
Çek Tahsilat,2024-11-14,23,2
Çek Tahsilat,2024-11-15,5,1
Çek Tahsilat,2024-11-15,6,1
Çek Tahsilat,2024-11-15,7,1
Çek Tahsilat,2024-11-15,9,3
Çek Tahsilat,2024-11-15,10,9
Çek Tahsilat,2024-11-15,11,10
Çek Tahsilat,2024-11-15,12,1
Çek Tahsilat,2024-11-15,13,2
Çek Tahsilat,2024-11-15,14,3
Çek Tahsilat,2024-11-15,15,1
Çek Tahsilat,2024-11-15,16,6
Çek Tahsilat,2024-11-15,17,1
Çek Tahsilat,2024-11-15,18,2
Çek Tahsilat,2024-11-15,20,3
Çek Tahsilat,2024-11-15,22,1
Çek Tahsilat,2024-11-18,1,3
Çek Tahsilat,2024-11-18,8,2
Çek Tahsilat,2024-11-18,10,5
Çek Tahsilat,2024-11-18,11,2
Çek Tahsilat,2024-11-18,13,2
Çek Tahsilat,2024-11-18,14,3
Çek Tahsilat,2024-11-18,15,8
Çek Tahsilat,2024-11-18,17,7
Çek Tahsilat,2024-11-18,18,2
Çek Tahsilat,2024-11-19,6,2
Çek Tahsilat,2024-11-19,7,4
Çek Tahsilat,2024-11-19,8,26
Çek Tahsilat,2024-11-19,9,16
Çek Tahsilat,2024-11-19,10,15
Çek Tahsilat,2024-11-19,11,5
Çek Tahsilat,2024-11-19,12,4
Çek Tahsilat,2024-11-19,13,6
Çek Tahsilat,2024-11-19,14,2
Çek Tahsilat,2024-11-19,15,8
Çek Tahsilat,2024-11-19,16,2
Çek Tahsilat,2024-11-19,17,8
Çek Tahsilat,2024-11-19,18,2
Çek Tahsilat,2024-11-19,19,5
Çek Tahsilat,2024-11-20,6,2
Çek Tahsilat,2024-11-20,7,5
Çek Tahsilat,2024-11-20,8,12
Çek Tahsilat,2024-11-20,9,6
Çek Tahsilat,2024-11-20,10,9
Çek Tahsilat,2024-11-20,11,9
Çek Tahsilat,2024-11-20,12,6
Çek Tahsilat,2024-11-20,13,21
Çek Tahsilat,2024-11-20,14,2
Çek Tahsilat,2024-11-20,15,5
Çek Tahsilat,2024-11-20,16,5
Çek Tahsilat,2024-11-20,17,4
Çek Tahsilat,2024-11-21,8,6
Çek Tahsilat,2024-11-21,9,2
Çek Tahsilat,2024-11-21,10,11
Çek Tahsilat,2024-11-21,11,1
Çek Tahsilat,2024-11-21,12,3
Çek Tahsilat,2024-11-21,13,2
Çek Tahsilat,2024-11-21,14,2
Çek Tahsilat,2024-11-21,15,9
Çek Tahsilat,2024-11-21,17,1
Çek Tahsilat,2024-11-22,1,1
Çek Tahsilat,2024-11-22,7,2
Çek Tahsilat,2024-11-22,8,4
Çek Tahsilat,2024-11-22,9,4
Çek Tahsilat,2024-11-22,10,4
Çek Tahsilat,2024-11-22,11,12
Çek Tahsilat,2024-11-22,12,2
Çek Tahsilat,2024-11-22,13,2
Çek Tahsilat,2024-11-22,14,2
Çek Tahsilat,2024-11-22,15,17
Çek Tahsilat,2024-11-22,16,4
Çek Tahsilat,2024-11-22,18,1
Çek Tahsilat,2024-11-22,20,3
Çek Tahsilat,2024-11-22,22,2
Çek Tahsilat,2024-11-25,0,4
Çek Tahsilat,2024-11-25,8,3
Çek Tahsilat,2024-11-25,9,6
Çek Tahsilat,2024-11-25,10,2
Çek Tahsilat,2024-11-25,11,1
Çek Tahsilat,2024-11-25,12,6
Çek Tahsilat,2024-11-25,13,2
Çek Tahsilat,2024-11-25,14,1
Çek Tahsilat,2024-11-25,15,9
Çek Tahsilat,2024-11-25,16,1
Çek Tahsilat,2024-11-25,17,7
Çek Tahsilat,2024-11-25,18,1
Çek Tahsilat,2024-11-25,22,1
Çek Tahsilat,2024-11-25,23,1
Çek Tahsilat,2024-11-26,8,1
Çek Tahsilat,2024-11-26,9,2
Çek Tahsilat,2024-11-26,10,3
Çek Tahsilat,2024-11-26,11,1
Çek Tahsilat,2024-11-26,12,3
Çek Tahsilat,2024-11-26,13,1
Çek Tahsilat,2024-11-26,14,1
Çek Tahsilat,2024-11-26,15,3
Çek Tahsilat,2024-11-26,16,3
Çek Tahsilat,2024-11-26,18,2
Çek Tahsilat,2024-11-26,19,1
Çek Tahsilat,2024-11-26,23,2
Çek Tahsilat,2024-11-27,6,1
Çek Tahsilat,2024-11-27,7,4
Çek Tahsilat,2024-11-27,8,4
Çek Tahsilat,2024-11-27,9,8
Çek Tahsilat,2024-11-27,10,6
Çek Tahsilat,2024-11-27,11,8
Çek Tahsilat,2024-11-27,12,7
Çek Tahsilat,2024-11-27,13,2
Çek Tahsilat,2024-11-27,14,4
Çek Tahsilat,2024-11-27,15,1
Çek Tahsilat,2024-11-27,17,5
Çek Tahsilat,2024-11-27,18,3
Çek Tahsilat,2024-11-27,19,2
Çek Tahsilat,2024-11-28,5,5
Çek Tahsilat,2024-11-28,6,2
Çek Tahsilat,2024-11-28,7,4
Çek Tahsilat,2024-11-28,8,8
Çek Tahsilat,2024-11-28,9,15
Çek Tahsilat,2024-11-28,10,5
Çek Tahsilat,2024-11-28,12,1
Çek Tahsilat,2024-11-28,13,3
Çek Tahsilat,2024-11-28,14,6
Çek Tahsilat,2024-11-28,15,2
Çek Tahsilat,2024-11-28,16,5
Çek Tahsilat,2024-11-28,18,4
Çek Tahsilat,2024-11-28,19,1
Çek Tahsilat,2024-11-29,9,1
Çek Tahsilat,2024-11-29,10,2
Çek Tahsilat,2024-11-29,11,1
Çek Tahsilat,2024-11-29,13,1
Çek Tahsilat,2024-11-29,15,2
Çek Tahsilat,2024-12-02,6,1
Çek Tahsilat,2024-12-02,7,2
Çek Tahsilat,2024-12-02,8,12
Çek Tahsilat,2024-12-02,9,18
Çek Tahsilat,2024-12-02,10,19
Çek Tahsilat,2024-12-02,11,13
Çek Tahsilat,2024-12-02,12,6
Çek Tahsilat,2024-12-02,13,8
Çek Tahsilat,2024-12-02,15,14
Çek Tahsilat,2024-12-02,16,33
Çek Tahsilat,2024-12-02,17,10
Çek Tahsilat,2024-12-02,18,6
Çek Tahsilat,2024-12-02,19,5
Çek Tahsilat,2024-12-02,21,2
Çek Tahsilat,2024-12-03,0,2
Çek Tahsilat,2024-12-03,6,1
Çek Tahsilat,2024-12-03,7,4
Çek Tahsilat,2024-12-03,8,11
Çek Tahsilat,2024-12-03,9,5
Çek Tahsilat,2024-12-03,10,5
Çek Tahsilat,2024-12-03,11,4
Çek Tahsilat,2024-12-03,12,2
Çek Tahsilat,2024-12-03,13,4
Çek Tahsilat,2024-12-03,14,6
Çek Tahsilat,2024-12-03,15,2
Çek Tahsilat,2024-12-03,16,6
Çek Tahsilat,2024-12-03,18,1
Çek Tahsilat,2024-12-03,19,2
Çek Tahsilat,2024-12-03,21,4
Çek Tahsilat,2024-12-03,22,1
Çek Tahsilat,2024-12-03,23,3
Çek Tahsilat,2024-12-04,2,4
Çek Tahsilat,2024-12-04,3,3
Çek Tahsilat,2024-12-04,6,4
Çek Tahsilat,2024-12-04,7,13
Çek Tahsilat,2024-12-04,8,3
Çek Tahsilat,2024-12-04,9,20
Çek Tahsilat,2024-12-04,10,20
Çek Tahsilat,2024-12-04,11,8
Çek Tahsilat,2024-12-04,12,4
Çek Tahsilat,2024-12-04,13,15
Çek Tahsilat,2024-12-04,14,12
Çek Tahsilat,2024-12-04,15,21
Çek Tahsilat,2024-12-04,16,9
Çek Tahsilat,2024-12-04,17,3
Çek Tahsilat,2024-12-04,18,12
Çek Tahsilat,2024-12-05,7,1
Çek Tahsilat,2024-12-05,8,18
Çek Tahsilat,2024-12-05,9,7
Çek Tahsilat,2024-12-05,10,4
Çek Tahsilat,2024-12-05,11,10
Çek Tahsilat,2024-12-05,12,4
Çek Tahsilat,2024-12-05,13,3
Çek Tahsilat,2024-12-05,14,2
Çek Tahsilat,2024-12-05,15,12
Çek Tahsilat,2024-12-05,16,14
Çek Tahsilat,2024-12-05,17,3
Çek Tahsilat,2024-12-05,18,1
Çek Tahsilat,2024-12-06,3,2
Çek Tahsilat,2024-12-06,5,1
Çek Tahsilat,2024-12-06,7,5
Çek Tahsilat,2024-12-06,9,3
Çek Tahsilat,2024-12-06,10,7
Çek Tahsilat,2024-12-06,11,3
Çek Tahsilat,2024-12-06,12,12
Çek Tahsilat,2024-12-06,13,5
Çek Tahsilat,2024-12-06,14,4
Çek Tahsilat,2024-12-06,15,9
Çek Tahsilat,2024-12-06,16,12
Çek Tahsilat,2024-12-06,18,1
Çek Tahsilat,2024-12-09,1,2
Çek Tahsilat,2024-12-09,6,3
Çek Tahsilat,2024-12-09,7,3
Çek Tahsilat,2024-12-09,8,8
Çek Tahsilat,2024-12-09,9,2
Çek Tahsilat,2024-12-09,10,13
Çek Tahsilat,2024-12-09,11,7
Çek Tahsilat,2024-12-09,12,17
Çek Tahsilat,2024-12-09,13,5
Çek Tahsilat,2024-12-09,14,6
Çek Tahsilat,2024-12-09,15,5
Çek Tahsilat,2024-12-09,16,2
Çek Tahsilat,2024-12-09,17,13
Çek Tahsilat,2024-12-09,18,2
Çek Tahsilat,2024-12-09,19,2
Çek Tahsilat,2024-12-10,1,5
Çek Tahsilat,2024-12-10,6,4
Çek Tahsilat,2024-12-10,7,5
Çek Tahsilat,2024-12-10,8,1
Çek Tahsilat,2024-12-10,9,2
Çek Tahsilat,2024-12-10,10,1
Çek Tahsilat,2024-12-10,11,1
Çek Tahsilat,2024-12-10,13,1
Çek Tahsilat,2024-12-10,14,3
Çek Tahsilat,2024-12-10,15,1
Çek Tahsilat,2024-12-10,16,5
Çek Tahsilat,2024-12-10,18,1
Çek Tahsilat,2024-12-11,1,1
Çek Tahsilat,2024-12-11,6,1
Çek Tahsilat,2024-12-11,7,2
Çek Tahsilat,2024-12-11,8,11
Çek Tahsilat,2024-12-11,9,3
Çek Tahsilat,2024-12-11,11,2
Çek Tahsilat,2024-12-11,12,1
Çek Tahsilat,2024-12-11,13,1
Çek Tahsilat,2024-12-11,14,1
Çek Tahsilat,2024-12-11,15,7
Çek Tahsilat,2024-12-11,16,11
Çek Tahsilat,2024-12-11,17,9
Çek Tahsilat,2024-12-11,18,2
Çek Tahsilat,2024-12-11,19,2
Çek Tahsilat,2024-12-12,6,2
Çek Tahsilat,2024-12-12,8,9
Çek Tahsilat,2024-12-12,9,8
Çek Tahsilat,2024-12-12,10,9
Çek Tahsilat,2024-12-12,11,2
Çek Tahsilat,2024-12-12,12,6
Çek Tahsilat,2024-12-12,13,2
Çek Tahsilat,2024-12-12,14,1
Çek Tahsilat,2024-12-12,15,6
Çek Tahsilat,2024-12-12,16,1
Çek Tahsilat,2024-12-12,22,1
Çek Tahsilat,2024-12-13,0,1
Çek Tahsilat,2024-12-13,7,1
Çek Tahsilat,2024-12-13,9,1
Çek Tahsilat,2024-12-13,10,3
Çek Tahsilat,2024-12-13,11,2
Çek Tahsilat,2024-12-13,12,3
Çek Tahsilat,2024-12-13,14,1
Çek Tahsilat,2024-12-13,21,1
Çek Tahsilat,2024-12-16,4,2
Çek Tahsilat,2024-12-16,6,1
Çek Tahsilat,2024-12-16,7,3
Çek Tahsilat,2024-12-16,8,11
Çek Tahsilat,2024-12-16,9,8
Çek Tahsilat,2024-12-16,10,10
Çek Tahsilat,2024-12-16,11,3
Çek Tahsilat,2024-12-16,12,21
Çek Tahsilat,2024-12-16,13,8
Çek Tahsilat,2024-12-16,14,2
Çek Tahsilat,2024-12-16,15,5
Çek Tahsilat,2024-12-16,16,5
Çek Tahsilat,2024-12-16,17,3
Çek Tahsilat,2024-12-16,18,11
Çek Tahsilat,2024-12-16,22,2
Çek Tahsilat,2024-12-16,23,1
Çek Tahsilat,2024-12-17,3,3
Çek Tahsilat,2024-12-17,6,1
Çek Tahsilat,2024-12-17,7,2
Çek Tahsilat,2024-12-17,8,1
Çek Tahsilat,2024-12-17,10,1
Çek Tahsilat,2024-12-17,11,2
Çek Tahsilat,2024-12-17,12,3
Çek Tahsilat,2024-12-17,14,1
Çek Tahsilat,2024-12-17,16,6
Çek Tahsilat,2024-12-18,2,5
Çek Tahsilat,2024-12-18,6,10
Çek Tahsilat,2024-12-18,7,2
Çek Tahsilat,2024-12-18,8,5
Çek Tahsilat,2024-12-18,9,6
Çek Tahsilat,2024-12-18,10,10
Çek Tahsilat,2024-12-18,11,5
Çek Tahsilat,2024-12-18,12,5
Çek Tahsilat,2024-12-18,13,8
Çek Tahsilat,2024-12-18,14,15
Çek Tahsilat,2024-12-18,15,3
Çek Tahsilat,2024-12-18,16,12
Çek Tahsilat,2024-12-18,17,5
Çek Tahsilat,2024-12-18,18,4
Çek Tahsilat,2024-12-19,6,1
Çek Tahsilat,2024-12-19,7,3
Çek Tahsilat,2024-12-19,8,8
Çek Tahsilat,2024-12-19,9,3
Çek Tahsilat,2024-12-19,10,13
Çek Tahsilat,2024-12-19,11,9
Çek Tahsilat,2024-12-19,12,7
Çek Tahsilat,2024-12-19,13,10
Çek Tahsilat,2024-12-19,14,20
Çek Tahsilat,2024-12-19,15,3
Çek Tahsilat,2024-12-20,8,1
Çek Tahsilat,2024-12-20,9,5
Çek Tahsilat,2024-12-20,10,2
Çek Tahsilat,2024-12-20,11,6
Çek Tahsilat,2024-12-20,12,6
Çek Tahsilat,2024-12-20,13,5
Çek Tahsilat,2024-12-20,14,2
Çek Tahsilat,2024-12-20,15,4
Çek Tahsilat,2024-12-20,16,2
Çek Tahsilat,2024-12-20,17,4
Çek Tahsilat,2024-12-20,23,1
Çek Tahsilat,2024-12-23,1,2
Çek Tahsilat,2024-12-23,7,2
Çek Tahsilat,2024-12-23,8,6
Çek Tahsilat,2024-12-23,9,8
Çek Tahsilat,2024-12-23,10,6
Çek Tahsilat,2024-12-23,11,8
Çek Tahsilat,2024-12-23,12,1
Çek Tahsilat,2024-12-23,13,1
Çek Tahsilat,2024-12-23,14,2
Çek Tahsilat,2024-12-23,15,5
Çek Tahsilat,2024-12-23,16,4
Çek Tahsilat,2024-12-23,17,3
Çek Tahsilat,2024-12-23,19,1
Çek Tahsilat,2024-12-24,7,1
Çek Tahsilat,2024-12-24,9,2
Çek Tahsilat,2024-12-24,11,2
Çek Tahsilat,2024-12-24,12,1
Çek Tahsilat,2024-12-24,13,2
Çek Tahsilat,2024-12-25,6,1
Çek Tahsilat,2024-12-25,7,1
Çek Tahsilat,2024-12-25,8,3
Çek Tahsilat,2024-12-25,9,2
Çek Tahsilat,2024-12-25,10,5
Çek Tahsilat,2024-12-25,11,2
Çek Tahsilat,2024-12-25,14,1
Çek Tahsilat,2024-12-25,16,2
Çek Tahsilat,2024-12-25,17,3
Çek Tahsilat,2024-12-25,19,1
Çek Tahsilat,2024-12-25,21,3
Çek Tahsilat,2024-12-26,8,1
Çek Tahsilat,2024-12-26,9,1
Çek Tahsilat,2024-12-26,10,1
Çek Tahsilat,2024-12-26,14,1
Çek Tahsilat,2024-12-26,21,1
Çek Tahsilat,2024-12-27,4,1
Çek Tahsilat,2024-12-27,6,3
Çek Tahsilat,2024-12-27,7,13
Çek Tahsilat,2024-12-27,8,5
Çek Tahsilat,2024-12-27,9,13
Çek Tahsilat,2024-12-27,10,1
Çek Tahsilat,2024-12-27,11,31
Çek Tahsilat,2024-12-27,12,14
Çek Tahsilat,2024-12-27,13,2
Çek Tahsilat,2024-12-27,14,5
Çek Tahsilat,2024-12-27,16,3
Çek Tahsilat,2024-12-27,17,4
Çek Tahsilat,2024-12-27,20,1
Çek Tahsilat,2024-12-30,4,7
Çek Tahsilat,2024-12-30,6,4
Çek Tahsilat,2024-12-30,7,3
Çek Tahsilat,2024-12-30,8,24
Çek Tahsilat,2024-12-30,9,32
Çek Tahsilat,2024-12-30,10,50
Çek Tahsilat,2024-12-30,11,22
Çek Tahsilat,2024-12-30,12,24
Çek Tahsilat,2024-12-30,13,11
Çek Tahsilat,2024-12-30,14,14
Çek Tahsilat,2024-12-30,15,26
Çek Tahsilat,2024-12-30,16,15
Çek Tahsilat,2024-12-30,17,25
Çek Tahsilat,2024-12-30,18,2
Çek Tahsilat,2024-12-30,19,28
Çek Tahsilat,2024-12-31,0,1
Çek Tahsilat,2024-12-31,2,4
Çek Tahsilat,2024-12-31,7,1
Çek Tahsilat,2024-12-31,8,7
Çek Tahsilat,2024-12-31,9,20
Çek Tahsilat,2024-12-31,10,10
Çek Tahsilat,2024-12-31,11,1
Çek Tahsilat,2024-12-31,12,4
Çek Tahsilat,2024-12-31,13,5
Çek Tahsilat,2024-12-31,14,5
Çek Tahsilat,2024-12-31,15,3
Çek Tahsilat,2024-12-31,16,3
Çek Tahsilat,2024-12-31,17,9
Çek Tahsilat,2024-12-31,19,5
Çek Tahsilat,2025-01-02,7,2
Çek Tahsilat,2025-01-02,8,6
Çek Tahsilat,2025-01-02,9,6
Çek Tahsilat,2025-01-02,10,9
Çek Tahsilat,2025-01-02,11,2
Çek Tahsilat,2025-01-02,12,7
Çek Tahsilat,2025-01-02,13,3
Çek Tahsilat,2025-01-02,14,4
Çek Tahsilat,2025-01-02,15,3
Çek Tahsilat,2025-01-02,16,2
Çek Tahsilat,2025-01-02,17,5
Çek Tahsilat,2025-01-02,18,1
Çek Tahsilat,2025-01-02,22,2
Çek Tahsilat,2025-01-02,23,4
Çek Tahsilat,2025-01-03,5,1
Çek Tahsilat,2025-01-03,6,2
Çek Tahsilat,2025-01-03,7,12
Çek Tahsilat,2025-01-03,8,1
Çek Tahsilat,2025-01-03,9,6
Çek Tahsilat,2025-01-03,10,4
Çek Tahsilat,2025-01-03,11,4
Çek Tahsilat,2025-01-03,12,6
Çek Tahsilat,2025-01-03,13,8
Çek Tahsilat,2025-01-03,14,5
Çek Tahsilat,2025-01-03,15,9
Çek Tahsilat,2025-01-06,6,2
Çek Tahsilat,2025-01-06,10,1
Çek Tahsilat,2025-01-07,7,1
Çek Tahsilat,2025-01-07,8,1
Çek Tahsilat,2025-01-07,9,2
Çek Tahsilat,2025-01-07,10,1
Çek Tahsilat,2025-01-07,11,3
Çek Tahsilat,2025-01-07,12,2
Çek Tahsilat,2025-01-07,13,1
Çek Tahsilat,2025-01-07,14,2
Çek Tahsilat,2025-01-07,17,1
Çek Tahsilat,2025-01-07,18,2
Çek Tahsilat,2025-01-07,19,1
Çek Tahsilat,2025-01-07,20,3
Çek Tahsilat,2025-01-08,8,7
Çek Tahsilat,2025-01-08,9,4
Çek Tahsilat,2025-01-08,10,5
Çek Tahsilat,2025-01-08,11,2
Çek Tahsilat,2025-01-08,12,4
Çek Tahsilat,2025-01-08,13,2
Çek Tahsilat,2025-01-08,14,11
Çek Tahsilat,2025-01-08,15,5
Çek Tahsilat,2025-01-08,16,3
Çek Tahsilat,2025-01-08,18,2
Çek Tahsilat,2025-01-09,5,3
Çek Tahsilat,2025-01-09,6,1
Çek Tahsilat,2025-01-09,7,7
Çek Tahsilat,2025-01-09,8,11
Çek Tahsilat,2025-01-09,9,18
Çek Tahsilat,2025-01-09,10,14
Çek Tahsilat,2025-01-09,11,4
Çek Tahsilat,2025-01-09,12,1
Çek Tahsilat,2025-01-09,13,5
Çek Tahsilat,2025-01-09,14,4
Çek Tahsilat,2025-01-09,15,9
Çek Tahsilat,2025-01-09,16,2
Çek Tahsilat,2025-01-09,17,6
Çek Tahsilat,2025-01-09,19,1
Çek Tahsilat,2025-01-10,8,7
Çek Tahsilat,2025-01-10,9,5
Çek Tahsilat,2025-01-10,10,23
Çek Tahsilat,2025-01-10,11,14
Çek Tahsilat,2025-01-10,12,6
Çek Tahsilat,2025-01-10,13,11
Çek Tahsilat,2025-01-10,14,3
Çek Tahsilat,2025-01-10,15,4
Çek Tahsilat,2025-01-10,16,34
Çek Tahsilat,2025-01-10,17,3
Çek Tahsilat,2025-01-10,18,2
Çek Tahsilat,2025-01-10,19,3
Çek Tahsilat,2025-01-13,3,2
Çek Tahsilat,2025-01-13,4,2
Çek Tahsilat,2025-01-13,6,4
Çek Tahsilat,2025-01-13,7,11
Çek Tahsilat,2025-01-13,8,6
Çek Tahsilat,2025-01-13,9,12
Çek Tahsilat,2025-01-13,10,2
Çek Tahsilat,2025-01-13,11,9
Çek Tahsilat,2025-01-13,12,6
Çek Tahsilat,2025-01-13,13,5
Çek Tahsilat,2025-01-13,14,6
Çek Tahsilat,2025-01-13,15,2
Çek Tahsilat,2025-01-13,16,4
Çek Tahsilat,2025-01-13,17,4
Çek Tahsilat,2025-01-13,18,5
Çek Tahsilat,2025-01-13,19,5
Çek Tahsilat,2025-01-14,2,3
Çek Tahsilat,2025-01-14,3,1
Çek Tahsilat,2025-01-14,8,9
Çek Tahsilat,2025-01-14,9,3
Çek Tahsilat,2025-01-14,10,2
Çek Tahsilat,2025-01-14,11,1
Çek Tahsilat,2025-01-14,13,5
Çek Tahsilat,2025-01-14,15,1
Çek Tahsilat,2025-01-14,16,3
Çek Tahsilat,2025-01-14,19,2
Çek Tahsilat,2025-01-15,3,1
Çek Tahsilat,2025-01-15,7,6
Çek Tahsilat,2025-01-15,8,7
Çek Tahsilat,2025-01-15,9,13
Çek Tahsilat,2025-01-15,10,19
Çek Tahsilat,2025-01-15,11,14
Çek Tahsilat,2025-01-15,12,10
Çek Tahsilat,2025-01-15,13,11
Çek Tahsilat,2025-01-15,14,1
Çek Tahsilat,2025-01-15,15,14
Çek Tahsilat,2025-01-15,16,1
Çek Tahsilat,2025-01-15,17,16
Çek Tahsilat,2025-01-15,18,1
Çek Tahsilat,2025-01-15,21,1
Çek Tahsilat,2025-01-16,8,2
Çek Tahsilat,2025-01-16,9,4
Çek Tahsilat,2025-01-16,10,1
Çek Tahsilat,2025-01-16,11,3
Çek Tahsilat,2025-01-16,12,2
Çek Tahsilat,2025-01-16,13,2
Çek Tahsilat,2025-01-16,14,1
Çek Tahsilat,2025-01-16,16,3
Çek Tahsilat,2025-01-17,7,1
Çek Tahsilat,2025-01-17,8,2
Çek Tahsilat,2025-01-17,9,2
Çek Tahsilat,2025-01-17,10,3
Çek Tahsilat,2025-01-17,11,11
Çek Tahsilat,2025-01-17,12,3
Çek Tahsilat,2025-01-17,13,3
Çek Tahsilat,2025-01-17,14,5
Çek Tahsilat,2025-01-17,15,2
Çek Tahsilat,2025-01-17,18,1
Çek Tahsilat,2025-01-17,19,1
Çek Tahsilat,2025-01-17,23,1
Çek Tahsilat,2025-01-20,2,1
Çek Tahsilat,2025-01-20,7,2
Çek Tahsilat,2025-01-20,8,22
Çek Tahsilat,2025-01-20,9,45
Çek Tahsilat,2025-01-20,10,2
Çek Tahsilat,2025-01-20,11,8
Çek Tahsilat,2025-01-20,12,24
Çek Tahsilat,2025-01-20,13,25
Çek Tahsilat,2025-01-20,14,12
Çek Tahsilat,2025-01-20,15,7
Çek Tahsilat,2025-01-20,16,31
Çek Tahsilat,2025-01-20,17,7
Çek Tahsilat,2025-01-20,18,14
Çek Tahsilat,2025-01-20,19,10
Çek Tahsilat,2025-01-21,7,1
Çek Tahsilat,2025-01-21,8,2
Çek Tahsilat,2025-01-21,10,1
Çek Tahsilat,2025-01-21,13,1
Çek Tahsilat,2025-01-21,15,5
Çek Tahsilat,2025-01-21,16,1
Çek Tahsilat,2025-01-21,17,2
Çek Tahsilat,2025-01-22,6,1
Çek Tahsilat,2025-01-22,7,1
Çek Tahsilat,2025-01-22,8,17
Çek Tahsilat,2025-01-22,9,6
Çek Tahsilat,2025-01-22,10,5
Çek Tahsilat,2025-01-22,11,4
Çek Tahsilat,2025-01-22,12,9
Çek Tahsilat,2025-01-22,13,15
Çek Tahsilat,2025-01-22,14,5
Çek Tahsilat,2025-01-22,15,2
Çek Tahsilat,2025-01-22,16,1
Çek Tahsilat,2025-01-22,17,7
Çek Tahsilat,2025-01-22,18,6
Çek Tahsilat,2025-01-22,23,2
Çek Tahsilat,2025-01-23,7,1
Çek Tahsilat,2025-01-23,8,2
Çek Tahsilat,2025-01-23,9,1
Çek Tahsilat,2025-01-23,10,3
Çek Tahsilat,2025-01-23,11,3
Çek Tahsilat,2025-01-23,12,1
Çek Tahsilat,2025-01-23,16,2
Çek Tahsilat,2025-01-24,7,5
Çek Tahsilat,2025-01-24,8,4
Çek Tahsilat,2025-01-24,9,7
Çek Tahsilat,2025-01-24,10,2
Çek Tahsilat,2025-01-24,11,1
Çek Tahsilat,2025-01-24,12,1
Çek Tahsilat,2025-01-24,13,7
Çek Tahsilat,2025-01-24,14,6
Çek Tahsilat,2025-01-24,15,2
Çek Tahsilat,2025-01-24,16,6
Çek Tahsilat,2025-01-24,17,1
Çek Tahsilat,2025-01-24,18,4
Çek Tahsilat,2025-01-24,19,3
Çek Tahsilat,2025-01-27,1,1
Çek Tahsilat,2025-01-27,4,1
Çek Tahsilat,2025-01-27,7,3
Çek Tahsilat,2025-01-27,8,7
Çek Tahsilat,2025-01-27,9,11
Çek Tahsilat,2025-01-27,10,3
Çek Tahsilat,2025-01-27,11,10
Çek Tahsilat,2025-01-27,12,12
Çek Tahsilat,2025-01-27,13,6
Çek Tahsilat,2025-01-27,14,18
Çek Tahsilat,2025-01-27,15,23
Çek Tahsilat,2025-01-27,16,7
Çek Tahsilat,2025-01-27,17,14
Çek Tahsilat,2025-01-27,18,5
Çek Tahsilat,2025-01-27,19,13
Çek Tahsilat,2025-01-28,8,10
Çek Tahsilat,2025-01-28,10,15
Çek Tahsilat,2025-01-28,11,4
Çek Tahsilat,2025-01-28,12,13
Çek Tahsilat,2025-01-28,13,2
Çek Tahsilat,2025-01-28,15,1
Çek Tahsilat,2025-01-28,16,1
Çek Tahsilat,2025-01-28,19,1
Çek Tahsilat,2025-01-29,1,1
Çek Tahsilat,2025-01-29,6,5
Çek Tahsilat,2025-01-29,7,3
Çek Tahsilat,2025-01-29,8,9
Çek Tahsilat,2025-01-29,9,11
Çek Tahsilat,2025-01-29,10,5
Çek Tahsilat,2025-01-29,11,3
Çek Tahsilat,2025-01-29,13,2
Çek Tahsilat,2025-01-29,14,1
Çek Tahsilat,2025-01-29,16,5
Çek Tahsilat,2025-01-29,17,5
Çek Tahsilat,2025-01-29,18,5
Çek Tahsilat,2025-01-29,22,6
Çek Tahsilat,2025-01-30,5,1
Çek Tahsilat,2025-01-30,7,5
Çek Tahsilat,2025-01-30,8,2
Çek Tahsilat,2025-01-30,9,4
Çek Tahsilat,2025-01-30,10,2
Çek Tahsilat,2025-01-30,11,5
Çek Tahsilat,2025-01-30,12,1
Çek Tahsilat,2025-01-30,13,6
Çek Tahsilat,2025-01-30,14,1
Çek Tahsilat,2025-01-30,16,3
Çek Tahsilat,2025-01-30,17,2
Çek Tahsilat,2025-01-30,22,1
Çek Tahsilat,2025-01-31,6,1
Çek Tahsilat,2025-01-31,7,5
Çek Tahsilat,2025-01-31,8,22
Çek Tahsilat,2025-01-31,9,8
Çek Tahsilat,2025-01-31,10,6
Çek Tahsilat,2025-01-31,11,6
Çek Tahsilat,2025-01-31,13,5
Çek Tahsilat,2025-01-31,14,4
Çek Tahsilat,2025-01-31,15,1
Çek Tahsilat,2025-01-31,16,1
Çek Tahsilat,2025-01-31,18,4
Çek Tahsilat,2025-01-31,19,1
Çek Tahsilat,2025-02-03,3,2
Çek Tahsilat,2025-02-03,7,2
Çek Tahsilat,2025-02-03,8,5
Çek Tahsilat,2025-02-03,9,2
Çek Tahsilat,2025-02-03,10,7
Çek Tahsilat,2025-02-03,11,10
Çek Tahsilat,2025-02-03,12,16
Çek Tahsilat,2025-02-03,13,4
Çek Tahsilat,2025-02-03,14,7
Çek Tahsilat,2025-02-03,15,18
Çek Tahsilat,2025-02-03,16,5
Çek Tahsilat,2025-02-03,17,2
Çek Tahsilat,2025-02-03,18,3
Çek Tahsilat,2025-02-03,19,3
Çek Tahsilat,2025-02-03,22,1
Çek Tahsilat,2025-02-04,6,9
Çek Tahsilat,2025-02-04,7,2
Çek Tahsilat,2025-02-04,8,4
Çek Tahsilat,2025-02-04,9,5
Çek Tahsilat,2025-02-04,10,14
Çek Tahsilat,2025-02-04,11,3
Çek Tahsilat,2025-02-04,12,8
Çek Tahsilat,2025-02-04,13,13
Çek Tahsilat,2025-02-04,14,11
Çek Tahsilat,2025-02-04,15,13
Çek Tahsilat,2025-02-04,16,2
Çek Tahsilat,2025-02-04,19,2
Çek Tahsilat,2025-02-05,3,2
Çek Tahsilat,2025-02-05,6,1
Çek Tahsilat,2025-02-05,8,9
Çek Tahsilat,2025-02-05,9,1
Çek Tahsilat,2025-02-05,11,2
Çek Tahsilat,2025-02-05,12,3
Çek Tahsilat,2025-02-05,13,1
Çek Tahsilat,2025-02-05,14,5
Çek Tahsilat,2025-02-05,15,4
Çek Tahsilat,2025-02-05,17,7
Çek Tahsilat,2025-02-06,3,3
Çek Tahsilat,2025-02-06,7,2
Çek Tahsilat,2025-02-06,8,3
Çek Tahsilat,2025-02-06,9,12
Çek Tahsilat,2025-02-06,10,1
Çek Tahsilat,2025-02-06,11,5
Çek Tahsilat,2025-02-06,12,13
Çek Tahsilat,2025-02-06,13,2
Çek Tahsilat,2025-02-06,14,17
Çek Tahsilat,2025-02-06,15,8
Çek Tahsilat,2025-02-06,17,2
Çek Tahsilat,2025-02-07,7,1
Çek Tahsilat,2025-02-07,8,2
Çek Tahsilat,2025-02-07,10,4
Çek Tahsilat,2025-02-07,14,2
Çek Tahsilat,2025-02-07,16,2
Çek Tahsilat,2025-02-10,7,2
Çek Tahsilat,2025-02-10,8,1
Çek Tahsilat,2025-02-10,9,4
Çek Tahsilat,2025-02-10,10,4
Çek Tahsilat,2025-02-10,11,2
Çek Tahsilat,2025-02-10,13,1
Çek Tahsilat,2025-02-10,14,1
Çek Tahsilat,2025-02-10,15,6
Çek Tahsilat,2025-02-10,17,1
Çek Tahsilat,2025-02-10,19,1
Çek Tahsilat,2025-02-10,22,2
Çek Tahsilat,2025-02-10,23,1
Çek Tahsilat,2025-02-11,6,1
Çek Tahsilat,2025-02-11,9,12
Çek Tahsilat,2025-02-11,10,1
Çek Tahsilat,2025-02-11,11,2
Çek Tahsilat,2025-02-11,12,6
Çek Tahsilat,2025-02-11,14,3
Çek Tahsilat,2025-02-11,15,2
Çek Tahsilat,2025-02-11,16,1
Çek Tahsilat,2025-02-11,17,1
Çek Tahsilat,2025-02-12,7,2
Çek Tahsilat,2025-02-12,8,3
Çek Tahsilat,2025-02-12,9,2
Çek Tahsilat,2025-02-12,12,2
Çek Tahsilat,2025-02-12,14,1
Çek Tahsilat,2025-02-12,15,3
Çek Tahsilat,2025-02-12,16,2
Çek Tahsilat,2025-02-13,7,2
Çek Tahsilat,2025-02-13,9,3
Çek Tahsilat,2025-02-13,10,2
Çek Tahsilat,2025-02-13,11,1
Çek Tahsilat,2025-02-13,13,1
Çek Tahsilat,2025-02-13,16,4
Çek Tahsilat,2025-02-13,17,2
Çek Tahsilat,2025-02-13,18,2
Çek Tahsilat,2025-02-14,7,1
Çek Tahsilat,2025-02-14,8,3
Çek Tahsilat,2025-02-14,9,8
Çek Tahsilat,2025-02-14,10,4
Çek Tahsilat,2025-02-14,11,2
Çek Tahsilat,2025-02-14,13,2
Çek Tahsilat,2025-02-14,14,1
Çek Tahsilat,2025-02-14,16,1
Çek Tahsilat,2025-02-14,17,3
Çek Tahsilat,2025-02-17,6,1
Çek Tahsilat,2025-02-17,8,9
Çek Tahsilat,2025-02-17,9,10
Çek Tahsilat,2025-02-17,10,8
Çek Tahsilat,2025-02-17,12,5
Çek Tahsilat,2025-02-17,13,5
Çek Tahsilat,2025-02-17,14,5
Çek Tahsilat,2025-02-17,15,5
Çek Tahsilat,2025-02-17,16,7
Çek Tahsilat,2025-02-17,17,2
Çek Tahsilat,2025-02-17,18,3
Çek Tahsilat,2025-02-17,23,2
Çek Tahsilat,2025-02-18,9,2
Çek Tahsilat,2025-02-18,10,2
Çek Tahsilat,2025-02-18,11,14
Çek Tahsilat,2025-02-18,12,4
Çek Tahsilat,2025-02-18,13,2
Çek Tahsilat,2025-02-18,14,1
Çek Tahsilat,2025-02-18,15,1
Çek Tahsilat,2025-02-18,16,1
Çek Tahsilat,2025-02-18,17,4
Çek Tahsilat,2025-02-18,18,1
Çek Tahsilat,2025-02-18,19,1
Çek Tahsilat,2025-02-19,1,4
Çek Tahsilat,2025-02-19,6,2
Çek Tahsilat,2025-02-19,7,2
Çek Tahsilat,2025-02-19,8,6
Çek Tahsilat,2025-02-19,9,4
Çek Tahsilat,2025-02-19,10,8
Çek Tahsilat,2025-02-19,11,10
Çek Tahsilat,2025-02-19,12,8
Çek Tahsilat,2025-02-19,13,1
Çek Tahsilat,2025-02-19,17,4
Çek Tahsilat,2025-02-20,10,1
Çek Tahsilat,2025-02-20,11,2
Çek Tahsilat,2025-02-20,13,4
Çek Tahsilat,2025-02-20,14,2
Çek Tahsilat,2025-02-20,15,2
Çek Tahsilat,2025-02-20,16,1
Çek Tahsilat,2025-02-20,17,2
Çek Tahsilat,2025-02-21,0,5
Çek Tahsilat,2025-02-21,7,6
Çek Tahsilat,2025-02-21,8,5
Çek Tahsilat,2025-02-21,9,20
Çek Tahsilat,2025-02-21,10,2
Çek Tahsilat,2025-02-21,11,1
Çek Tahsilat,2025-02-21,12,2
Çek Tahsilat,2025-02-21,13,3
Çek Tahsilat,2025-02-21,14,11
Çek Tahsilat,2025-02-21,15,2
Çek Tahsilat,2025-02-21,16,4
Çek Tahsilat,2025-02-24,7,2
Çek Tahsilat,2025-02-24,8,1
Çek Tahsilat,2025-02-24,9,2
Çek Tahsilat,2025-02-24,10,3
Çek Tahsilat,2025-02-24,11,4
Çek Tahsilat,2025-02-24,12,4
Çek Tahsilat,2025-02-24,14,4
Çek Tahsilat,2025-02-24,15,1
Çek Tahsilat,2025-02-24,16,1
Çek Tahsilat,2025-02-24,17,8
Çek Tahsilat,2025-02-24,22,1
Çek Tahsilat,2025-02-25,8,7
Çek Tahsilat,2025-02-25,10,4
Çek Tahsilat,2025-02-25,11,11
Çek Tahsilat,2025-02-25,12,11
Çek Tahsilat,2025-02-25,13,13
Çek Tahsilat,2025-02-25,14,1
Çek Tahsilat,2025-02-25,15,1
Çek Tahsilat,2025-02-25,16,3
Çek Tahsilat,2025-02-25,19,1
Çek Tahsilat,2025-02-26,7,6
Çek Tahsilat,2025-02-26,8,15
Çek Tahsilat,2025-02-26,9,12
Çek Tahsilat,2025-02-26,10,2
Çek Tahsilat,2025-02-26,11,11
Çek Tahsilat,2025-02-26,12,14
Çek Tahsilat,2025-02-26,13,4
Çek Tahsilat,2025-02-26,14,13
Çek Tahsilat,2025-02-26,15,18
Çek Tahsilat,2025-02-26,16,10
Çek Tahsilat,2025-02-26,17,11
Çek Tahsilat,2025-02-26,18,2
Çek Tahsilat,2025-02-26,19,11
Çek Tahsilat,2025-02-26,21,1
Çek Tahsilat,2025-02-27,0,1
Çek Tahsilat,2025-02-27,3,1
Çek Tahsilat,2025-02-27,10,3
Çek Tahsilat,2025-02-27,11,3
Çek Tahsilat,2025-02-27,12,5
Çek Tahsilat,2025-02-27,13,6
Çek Tahsilat,2025-02-27,14,9
Çek Tahsilat,2025-02-27,17,1
Çek Tahsilat,2025-02-27,19,1
Çek Tahsilat,2025-02-28,7,1
Çek Tahsilat,2025-02-28,8,17
Çek Tahsilat,2025-02-28,9,4
Çek Tahsilat,2025-02-28,10,17
Çek Tahsilat,2025-02-28,11,13
Çek Tahsilat,2025-02-28,12,9
Çek Tahsilat,2025-02-28,13,5
Çek Tahsilat,2025-02-28,14,3
Çek Tahsilat,2025-02-28,15,5
Çek Tahsilat,2025-02-28,16,17
Çek Tahsilat,2025-02-28,17,1
Çek Tahsilat,2025-02-28,18,3
Çek Tahsilat,2025-03-03,5,2
Çek Tahsilat,2025-03-03,6,2
Çek Tahsilat,2025-03-03,7,1
Çek Tahsilat,2025-03-03,9,6
Çek Tahsilat,2025-03-03,10,13
Çek Tahsilat,2025-03-03,12,6
Çek Tahsilat,2025-03-03,13,7
Çek Tahsilat,2025-03-03,14,14
Çek Tahsilat,2025-03-03,15,3
Çek Tahsilat,2025-03-03,16,8
Çek Tahsilat,2025-03-03,18,7
Çek Tahsilat,2025-03-03,23,1
Çek Tahsilat,2025-03-04,1,2
Çek Tahsilat,2025-03-04,4,2
Çek Tahsilat,2025-03-04,8,2
Çek Tahsilat,2025-03-04,12,11
Çek Tahsilat,2025-03-04,14,4
Çek Tahsilat,2025-03-04,18,2
Çek Tahsilat,2025-03-04,19,1
Çek Tahsilat,2025-03-04,22,3
Çek Tahsilat,2025-03-05,2,1
Çek Tahsilat,2025-03-05,5,2
Çek Tahsilat,2025-03-05,6,1
Çek Tahsilat,2025-03-05,8,10
Çek Tahsilat,2025-03-05,10,21
Çek Tahsilat,2025-03-05,11,14
Çek Tahsilat,2025-03-05,13,23
Çek Tahsilat,2025-03-05,14,10
Çek Tahsilat,2025-03-05,15,2
Çek Tahsilat,2025-03-05,16,19
Çek Tahsilat,2025-03-05,17,14
Çek Tahsilat,2025-03-06,6,2
Çek Tahsilat,2025-03-06,7,8
Çek Tahsilat,2025-03-06,8,8
Çek Tahsilat,2025-03-06,9,4
Çek Tahsilat,2025-03-06,10,17
Çek Tahsilat,2025-03-06,11,1
Çek Tahsilat,2025-03-06,12,3
Çek Tahsilat,2025-03-06,13,3
Çek Tahsilat,2025-03-06,14,5
Çek Tahsilat,2025-03-06,15,9
Çek Tahsilat,2025-03-06,16,2
Çek Tahsilat,2025-03-06,17,3
Çek Tahsilat,2025-03-06,18,1
Çek Tahsilat,2025-03-06,23,1
Çek Tahsilat,2025-03-07,4,1
Çek Tahsilat,2025-03-07,6,1
Çek Tahsilat,2025-03-07,8,4
Çek Tahsilat,2025-03-07,9,5
Çek Tahsilat,2025-03-07,10,3
Çek Tahsilat,2025-03-07,11,2
Çek Tahsilat,2025-03-07,12,8
Çek Tahsilat,2025-03-07,13,4
Çek Tahsilat,2025-03-07,14,4
Çek Tahsilat,2025-03-07,15,2
Çek Tahsilat,2025-03-07,16,5
Çek Tahsilat,2025-03-07,18,1
Çek Tahsilat,2025-03-10,8,3
Çek Tahsilat,2025-03-10,9,1
Çek Tahsilat,2025-03-10,10,6
Çek Tahsilat,2025-03-10,11,2
Çek Tahsilat,2025-03-10,13,3
Çek Tahsilat,2025-03-10,14,2
Çek Tahsilat,2025-03-10,15,11
Çek Tahsilat,2025-03-10,16,3
Çek Tahsilat,2025-03-10,17,2
Çek Tahsilat,2025-03-10,18,1
Çek Tahsilat,2025-03-10,19,1
Çek Tahsilat,2025-03-11,3,1
Çek Tahsilat,2025-03-11,6,6
Çek Tahsilat,2025-03-11,7,2
Çek Tahsilat,2025-03-11,8,8
Çek Tahsilat,2025-03-11,9,8
Çek Tahsilat,2025-03-11,10,12
Çek Tahsilat,2025-03-11,11,9
Çek Tahsilat,2025-03-11,12,12
Çek Tahsilat,2025-03-11,13,6
Çek Tahsilat,2025-03-11,14,2
Çek Tahsilat,2025-03-11,15,2
Çek Tahsilat,2025-03-11,16,17
Çek Tahsilat,2025-03-11,17,4
Çek Tahsilat,2025-03-11,18,4
Çek Tahsilat,2025-03-12,7,1
Çek Tahsilat,2025-03-12,9,2
Çek Tahsilat,2025-03-12,10,6
Çek Tahsilat,2025-03-12,11,3
Çek Tahsilat,2025-03-12,14,4
Çek Tahsilat,2025-03-12,15,7
Çek Tahsilat,2025-03-12,16,8
Çek Tahsilat,2025-03-12,17,5
Çek Tahsilat,2025-03-12,18,3
Çek Tahsilat,2025-03-12,20,1
Çek Tahsilat,2025-03-13,7,1
Çek Tahsilat,2025-03-13,8,2
Çek Tahsilat,2025-03-13,9,6
Çek Tahsilat,2025-03-13,10,9
Çek Tahsilat,2025-03-13,11,2
Çek Tahsilat,2025-03-13,13,2
Çek Tahsilat,2025-03-13,14,3
Çek Tahsilat,2025-03-13,16,2
Çek Tahsilat,2025-03-13,19,3
Çek Tahsilat,2025-03-14,7,3
Çek Tahsilat,2025-03-14,8,3
Çek Tahsilat,2025-03-14,11,6
Çek Tahsilat,2025-03-14,12,2
Çek Tahsilat,2025-03-14,13,4
Çek Tahsilat,2025-03-14,14,3
Çek Tahsilat,2025-03-14,15,3
Çek Tahsilat,2025-03-14,16,6
Çek Tahsilat,2025-03-17,0,1
Çek Tahsilat,2025-03-17,2,4
Çek Tahsilat,2025-03-17,6,1
Çek Tahsilat,2025-03-17,8,6
Çek Tahsilat,2025-03-17,9,3
Çek Tahsilat,2025-03-17,10,3
Çek Tahsilat,2025-03-17,11,6
Çek Tahsilat,2025-03-17,12,10
Çek Tahsilat,2025-03-17,13,4
Çek Tahsilat,2025-03-17,14,7
Çek Tahsilat,2025-03-17,15,7
Çek Tahsilat,2025-03-17,16,1
Çek Tahsilat,2025-03-17,17,2
Çek Tahsilat,2025-03-17,19,1
Çek Tahsilat,2025-03-17,20,3
Çek Tahsilat,2025-03-18,5,1
Çek Tahsilat,2025-03-18,6,1
Çek Tahsilat,2025-03-18,9,3
Çek Tahsilat,2025-03-18,10,4
Çek Tahsilat,2025-03-18,11,3
Çek Tahsilat,2025-03-18,12,2
Çek Tahsilat,2025-03-18,13,2
Çek Tahsilat,2025-03-18,14,1
Çek Tahsilat,2025-03-18,15,4
Çek Tahsilat,2025-03-18,16,1
Çek Tahsilat,2025-03-18,17,1
Çek Tahsilat,2025-03-18,19,1
Çek Tahsilat,2025-03-19,1,1
Çek Tahsilat,2025-03-19,2,1
Çek Tahsilat,2025-03-19,5,2
Çek Tahsilat,2025-03-19,6,1
Çek Tahsilat,2025-03-19,7,13
Çek Tahsilat,2025-03-19,8,15
Çek Tahsilat,2025-03-19,9,21
Çek Tahsilat,2025-03-19,10,15
Çek Tahsilat,2025-03-19,11,16
Çek Tahsilat,2025-03-19,12,1
Çek Tahsilat,2025-03-19,13,21
Çek Tahsilat,2025-03-19,14,3
Çek Tahsilat,2025-03-19,15,15
Çek Tahsilat,2025-03-19,16,2
Çek Tahsilat,2025-03-19,17,8
Çek Tahsilat,2025-03-19,18,4
Çek Tahsilat,2025-03-20,10,4
Çek Tahsilat,2025-03-20,13,1
Çek Tahsilat,2025-03-20,14,3
Çek Tahsilat,2025-03-20,15,3
Çek Tahsilat,2025-03-21,6,1
Çek Tahsilat,2025-03-21,7,1
Çek Tahsilat,2025-03-21,8,1
Çek Tahsilat,2025-03-21,9,3
Çek Tahsilat,2025-03-21,10,1
Çek Tahsilat,2025-03-21,11,2
Çek Tahsilat,2025-03-21,14,2
Çek Tahsilat,2025-03-24,1,2
Çek Tahsilat,2025-03-24,2,5
Çek Tahsilat,2025-03-24,6,15
Çek Tahsilat,2025-03-24,7,1
Çek Tahsilat,2025-03-24,8,13
Çek Tahsilat,2025-03-24,9,20
Çek Tahsilat,2025-03-24,10,7
Çek Tahsilat,2025-03-24,11,7
Çek Tahsilat,2025-03-24,12,12
Çek Tahsilat,2025-03-24,13,2
Çek Tahsilat,2025-03-24,14,1
Çek Tahsilat,2025-03-24,15,7
Çek Tahsilat,2025-03-24,16,9
Çek Tahsilat,2025-03-24,17,1
Çek Tahsilat,2025-03-24,18,5
Çek Tahsilat,2025-03-24,20,1
Çek Tahsilat,2025-03-24,23,3
Çek Tahsilat,2025-03-25,6,1
Çek Tahsilat,2025-03-25,7,1
Çek Tahsilat,2025-03-25,8,3
Çek Tahsilat,2025-03-25,9,1
Çek Tahsilat,2025-03-25,10,1
Çek Tahsilat,2025-03-25,11,3
Çek Tahsilat,2025-03-25,12,3
Çek Tahsilat,2025-03-25,13,2
Çek Tahsilat,2025-03-25,14,3
Çek Tahsilat,2025-03-25,15,2
Çek Tahsilat,2025-03-25,18,2
Çek Tahsilat,2025-03-26,6,1
Çek Tahsilat,2025-03-26,7,6
Çek Tahsilat,2025-03-26,8,4
Çek Tahsilat,2025-03-26,9,2
Çek Tahsilat,2025-03-26,10,8
Çek Tahsilat,2025-03-26,11,2
Çek Tahsilat,2025-03-26,13,2
Çek Tahsilat,2025-03-26,14,4
Çek Tahsilat,2025-03-26,15,1
Çek Tahsilat,2025-03-26,16,2
Çek Tahsilat,2025-03-26,17,5
Çek Tahsilat,2025-03-26,19,1
Çek Tahsilat,2025-03-27,8,4
Çek Tahsilat,2025-03-27,9,5
Çek Tahsilat,2025-03-27,10,4
Çek Tahsilat,2025-03-27,12,4
Çek Tahsilat,2025-03-27,13,2
Çek Tahsilat,2025-03-27,15,1
Çek Tahsilat,2025-03-27,16,1
Çek Tahsilat,2025-03-27,18,1
Çek Tahsilat,2025-03-27,19,2
Çek Tahsilat,2025-03-28,7,2
Çek Tahsilat,2025-03-28,8,4
Çek Tahsilat,2025-03-28,9,2
Çek Tahsilat,2025-03-28,10,1
Çek Tahsilat,2025-03-28,11,6
Çek Tahsilat,2025-03-28,13,4
Çek Tahsilat,2025-03-28,14,6
Çek Tahsilat,2025-03-28,15,6
Çek Tahsilat,2025-03-28,16,2
Çek Tahsilat,2025-03-28,18,2
Çek Tahsilat,2025-03-28,19,1
Çek Tahsilat,2025-04-02,7,1
Çek Tahsilat,2025-04-02,11,2
Çek Tahsilat,2025-04-02,12,3
Çek Tahsilat,2025-04-02,13,2
Çek Tahsilat,2025-04-02,15,1
Çek Tahsilat,2025-04-02,16,1
Çek Tahsilat,2025-04-02,22,2
Çek Tahsilat,2025-04-03,8,1
Çek Tahsilat,2025-04-03,9,2
Çek Tahsilat,2025-04-03,10,6
Çek Tahsilat,2025-04-03,13,1
Çek Tahsilat,2025-04-03,14,5
Çek Tahsilat,2025-04-03,15,4
Çek Tahsilat,2025-04-03,16,1
Çek Tahsilat,2025-04-03,18,1
Çek Tahsilat,2025-04-04,8,7
Çek Tahsilat,2025-04-04,9,5
Çek Tahsilat,2025-04-04,10,2
Çek Tahsilat,2025-04-04,11,7
Çek Tahsilat,2025-04-04,13,1
Çek Tahsilat,2025-04-04,14,2
Çek Tahsilat,2025-04-04,16,6
Çek Tahsilat,2025-04-04,20,1
Çek Tahsilat,2025-04-07,3,1
Çek Tahsilat,2025-04-07,7,3
Çek Tahsilat,2025-04-07,8,8
Çek Tahsilat,2025-04-07,9,6
Çek Tahsilat,2025-04-07,10,32
Çek Tahsilat,2025-04-07,11,14
Çek Tahsilat,2025-04-07,12,2
Çek Tahsilat,2025-04-07,13,2
Çek Tahsilat,2025-04-07,14,5
Çek Tahsilat,2025-04-07,15,7
Çek Tahsilat,2025-04-07,16,8
Çek Tahsilat,2025-04-07,18,3
Çek Tahsilat,2025-04-07,19,1
Çek Tahsilat,2025-04-08,3,1
Çek Tahsilat,2025-04-08,8,1
Çek Tahsilat,2025-04-08,9,3
Çek Tahsilat,2025-04-08,10,3
Çek Tahsilat,2025-04-08,11,2
Çek Tahsilat,2025-04-08,12,4
Çek Tahsilat,2025-04-08,14,1
Çek Tahsilat,2025-04-08,16,1
Çek Tahsilat,2025-04-08,19,1
Çek Tahsilat,2025-04-09,6,3
Çek Tahsilat,2025-04-09,7,2
Çek Tahsilat,2025-04-09,8,1
Çek Tahsilat,2025-04-09,9,14
Çek Tahsilat,2025-04-09,10,6
Çek Tahsilat,2025-04-09,11,2
Çek Tahsilat,2025-04-09,12,4
Çek Tahsilat,2025-04-09,13,3
Çek Tahsilat,2025-04-09,14,8
Çek Tahsilat,2025-04-09,15,2
Çek Tahsilat,2025-04-09,16,2
Çek Tahsilat,2025-04-09,17,5
Çek Tahsilat,2025-04-09,18,2
Çek Tahsilat,2025-04-10,8,7
Çek Tahsilat,2025-04-10,9,17
Çek Tahsilat,2025-04-10,10,6
Çek Tahsilat,2025-04-10,11,2
Çek Tahsilat,2025-04-10,12,11
Çek Tahsilat,2025-04-10,13,14
Çek Tahsilat,2025-04-10,14,15
Çek Tahsilat,2025-04-10,15,8
Çek Tahsilat,2025-04-10,16,2
Çek Tahsilat,2025-04-10,18,7
Çek Tahsilat,2025-04-10,19,1
Çek Tahsilat,2025-04-10,22,1
Çek Tahsilat,2025-04-11,0,1
Çek Tahsilat,2025-04-11,2,2
Çek Tahsilat,2025-04-11,6,3
Çek Tahsilat,2025-04-11,8,4
Çek Tahsilat,2025-04-11,9,3
Çek Tahsilat,2025-04-11,10,9
Çek Tahsilat,2025-04-11,11,11
Çek Tahsilat,2025-04-11,12,15
Çek Tahsilat,2025-04-11,13,10
Çek Tahsilat,2025-04-11,14,6
Çek Tahsilat,2025-04-11,15,1
Çek Tahsilat,2025-04-11,16,8
Çek Tahsilat,2025-04-11,17,6
Çek Tahsilat,2025-04-11,18,1
Çek Tahsilat,2025-04-11,19,1
Çek Tahsilat,2025-04-11,23,4
Çek Tahsilat,2025-04-14,0,1
Çek Tahsilat,2025-04-14,2,3
Çek Tahsilat,2025-04-14,7,2
Çek Tahsilat,2025-04-14,8,1
Çek Tahsilat,2025-04-14,9,4
Çek Tahsilat,2025-04-14,10,14
Çek Tahsilat,2025-04-14,11,16
Çek Tahsilat,2025-04-14,12,9
Çek Tahsilat,2025-04-14,13,7
Çek Tahsilat,2025-04-14,14,22
Çek Tahsilat,2025-04-14,15,1
Çek Tahsilat,2025-04-14,16,1
Çek Tahsilat,2025-04-14,17,1
Çek Tahsilat,2025-04-14,19,5
Çek Tahsilat,2025-04-14,20,1
Çek Tahsilat,2025-04-15,4,1
Çek Tahsilat,2025-04-15,7,5
Çek Tahsilat,2025-04-15,8,3
Çek Tahsilat,2025-04-15,9,6
Çek Tahsilat,2025-04-15,10,6
Çek Tahsilat,2025-04-15,11,12
Çek Tahsilat,2025-04-15,12,2
Çek Tahsilat,2025-04-15,13,15
Çek Tahsilat,2025-04-15,14,1
Çek Tahsilat,2025-04-15,15,18
Çek Tahsilat,2025-04-15,16,12
Çek Tahsilat,2025-04-15,17,9
Çek Tahsilat,2025-04-15,18,5
Çek Tahsilat,2025-04-15,19,2
Çek Tahsilat,2025-04-16,5,1
Çek Tahsilat,2025-04-16,7,7
Çek Tahsilat,2025-04-16,8,5
Çek Tahsilat,2025-04-16,9,1
Çek Tahsilat,2025-04-16,11,12
Çek Tahsilat,2025-04-16,12,7
Çek Tahsilat,2025-04-16,13,17
Çek Tahsilat,2025-04-16,14,8
Çek Tahsilat,2025-04-16,15,2
Çek Tahsilat,2025-04-16,16,1
Çek Tahsilat,2025-04-16,17,9
Çek Tahsilat,2025-04-16,21,1
Çek Tahsilat,2025-04-17,1,2
Çek Tahsilat,2025-04-17,6,2
Çek Tahsilat,2025-04-17,7,4
Çek Tahsilat,2025-04-17,9,1
Çek Tahsilat,2025-04-17,10,5
Çek Tahsilat,2025-04-17,11,6
Çek Tahsilat,2025-04-17,12,8
Çek Tahsilat,2025-04-17,13,3
Çek Tahsilat,2025-04-17,14,2
Çek Tahsilat,2025-04-17,15,3
Çek Tahsilat,2025-04-17,16,1
Çek Tahsilat,2025-04-17,18,9
Çek Tahsilat,2025-04-17,19,1
Çek Tahsilat,2025-04-18,9,1
Çek Tahsilat,2025-04-18,10,1
Çek Tahsilat,2025-04-18,11,1
Çek Tahsilat,2025-04-18,12,1
Çek Tahsilat,2025-04-18,16,2
Çek Tahsilat,2025-04-21,3,1
Çek Tahsilat,2025-04-21,5,1
Çek Tahsilat,2025-04-21,6,1
Çek Tahsilat,2025-04-21,8,10
Çek Tahsilat,2025-04-21,9,5
Çek Tahsilat,2025-04-21,10,1
Çek Tahsilat,2025-04-21,11,7
Çek Tahsilat,2025-04-21,12,10
Çek Tahsilat,2025-04-21,13,1
Çek Tahsilat,2025-04-21,14,1
Çek Tahsilat,2025-04-21,16,4
Çek Tahsilat,2025-04-21,17,4
Çek Tahsilat,2025-04-21,19,1
Çek Tahsilat,2025-04-22,4,1
Çek Tahsilat,2025-04-22,7,14
Çek Tahsilat,2025-04-22,8,23
Çek Tahsilat,2025-04-22,9,39
Çek Tahsilat,2025-04-22,10,5
Çek Tahsilat,2025-04-22,11,4
Çek Tahsilat,2025-04-22,12,8
Çek Tahsilat,2025-04-22,13,7
Çek Tahsilat,2025-04-22,14,9
Çek Tahsilat,2025-04-22,15,8
Çek Tahsilat,2025-04-22,16,1
Çek Tahsilat,2025-04-22,17,3
Çek Tahsilat,2025-04-24,7,4
Çek Tahsilat,2025-04-24,8,6
Çek Tahsilat,2025-04-24,9,4
Çek Tahsilat,2025-04-24,10,1
Çek Tahsilat,2025-04-24,11,11
Çek Tahsilat,2025-04-24,13,3
Çek Tahsilat,2025-04-24,14,2
Çek Tahsilat,2025-04-24,15,7
Çek Tahsilat,2025-04-24,16,1
Çek Tahsilat,2025-04-24,17,4
Çek Tahsilat,2025-04-25,2,3
Çek Tahsilat,2025-04-25,6,3
Çek Tahsilat,2025-04-25,7,5
Çek Tahsilat,2025-04-25,8,7
Çek Tahsilat,2025-04-25,9,2
Çek Tahsilat,2025-04-25,10,6
Çek Tahsilat,2025-04-25,11,3
Çek Tahsilat,2025-04-25,13,9
Çek Tahsilat,2025-04-25,14,1
Çek Tahsilat,2025-04-25,15,1
Çek Tahsilat,2025-04-25,16,2
Çek Tahsilat,2025-04-25,17,13
Çek Tahsilat,2025-04-25,19,2
Çek Tahsilat,2025-04-25,22,2
Çek Tahsilat,2025-04-28,6,2
Çek Tahsilat,2025-04-28,7,13
Çek Tahsilat,2025-04-28,8,4
Çek Tahsilat,2025-04-28,9,13
Çek Tahsilat,2025-04-28,10,11
Çek Tahsilat,2025-04-28,11,1
Çek Tahsilat,2025-04-28,12,9
Çek Tahsilat,2025-04-28,13,14
Çek Tahsilat,2025-04-28,14,22
Çek Tahsilat,2025-04-28,15,7
Çek Tahsilat,2025-04-28,16,7
Çek Tahsilat,2025-04-28,17,7
Çek Tahsilat,2025-04-28,18,1
Çek Tahsilat,2025-04-28,19,7
Çek Tahsilat,2025-04-29,1,6
Çek Tahsilat,2025-04-29,7,2
Çek Tahsilat,2025-04-29,8,4
Çek Tahsilat,2025-04-29,9,27
Çek Tahsilat,2025-04-29,10,15
Çek Tahsilat,2025-04-29,11,3
Çek Tahsilat,2025-04-29,12,14
Çek Tahsilat,2025-04-29,13,3
Çek Tahsilat,2025-04-29,14,2
Çek Tahsilat,2025-04-29,15,2
Çek Tahsilat,2025-04-29,16,2
Çek Tahsilat,2025-04-29,17,2
Çek Tahsilat,2025-04-30,1,1
Çek Tahsilat,2025-04-30,6,1
Çek Tahsilat,2025-04-30,7,3
Çek Tahsilat,2025-04-30,8,5
Çek Tahsilat,2025-04-30,9,4
Çek Tahsilat,2025-04-30,10,6
Çek Tahsilat,2025-04-30,11,3
Çek Tahsilat,2025-04-30,12,2
Çek Tahsilat,2025-04-30,13,3
Çek Tahsilat,2025-04-30,14,2
Çek Tahsilat,2025-04-30,15,2
Çek Tahsilat,2025-04-30,16,13
Çek Tahsilat,2025-04-30,17,4
Çek Tahsilat,2025-04-30,18,8
Çek Tahsilat,2025-04-30,19,11
Çek Tahsilat,2025-04-30,20,1
Çek Tahsilat,2025-05-02,8,3
Çek Tahsilat,2025-05-02,9,2
Çek Tahsilat,2025-05-02,10,6
Çek Tahsilat,2025-05-02,11,1
Çek Tahsilat,2025-05-02,13,3
Çek Tahsilat,2025-05-02,14,2
Çek Tahsilat,2025-05-02,15,3
Çek Tahsilat,2025-05-02,16,1
Çek Tahsilat,2025-05-02,23,1
Çek Tahsilat,2025-05-05,4,2
Çek Tahsilat,2025-05-05,7,2
Çek Tahsilat,2025-05-05,8,70
Çek Tahsilat,2025-05-05,9,25
Çek Tahsilat,2025-05-05,10,36
Çek Tahsilat,2025-05-05,11,12
Çek Tahsilat,2025-05-05,12,1
Çek Tahsilat,2025-05-05,13,13
Çek Tahsilat,2025-05-05,14,38
Çek Tahsilat,2025-05-05,15,11
Çek Tahsilat,2025-05-05,16,10
Çek Tahsilat,2025-05-05,17,89
Çek Tahsilat,2025-05-05,18,26
Çek Tahsilat,2025-05-05,19,24
Çek Tahsilat,2025-05-05,20,4
Çek Tahsilat,2025-05-06,6,2
Çek Tahsilat,2025-05-06,8,1
Çek Tahsilat,2025-05-06,9,1
Çek Tahsilat,2025-05-06,10,2
Çek Tahsilat,2025-05-06,11,1
Çek Tahsilat,2025-05-06,18,2
Çek Tahsilat,2025-05-06,19,1
Çek Tahsilat,2025-05-07,5,6
Çek Tahsilat,2025-05-07,6,1
Çek Tahsilat,2025-05-07,8,3
Çek Tahsilat,2025-05-07,9,21
Çek Tahsilat,2025-05-07,10,9
Çek Tahsilat,2025-05-07,11,7
Çek Tahsilat,2025-05-07,12,3
Çek Tahsilat,2025-05-07,13,13
Çek Tahsilat,2025-05-07,14,25
Çek Tahsilat,2025-05-07,15,1
Çek Tahsilat,2025-05-07,16,6
Çek Tahsilat,2025-05-07,18,4
Çek Tahsilat,2025-05-07,19,5
Çek Tahsilat,2025-05-07,22,1
Çek Tahsilat,2025-05-08,2,1
Çek Tahsilat,2025-05-08,7,1
Çek Tahsilat,2025-05-08,8,1
Çek Tahsilat,2025-05-08,9,1
Çek Tahsilat,2025-05-08,10,2
Çek Tahsilat,2025-05-08,11,2
Çek Tahsilat,2025-05-08,12,1
Çek Tahsilat,2025-05-08,13,3
Çek Tahsilat,2025-05-08,14,5
Çek Tahsilat,2025-05-08,15,2
Çek Tahsilat,2025-05-08,16,1
Çek Tahsilat,2025-05-08,18,1
Çek Tahsilat,2025-05-09,0,1
Çek Tahsilat,2025-05-09,3,4
Çek Tahsilat,2025-05-09,6,4
Çek Tahsilat,2025-05-09,7,2
Çek Tahsilat,2025-05-09,8,10
Çek Tahsilat,2025-05-09,9,11
Çek Tahsilat,2025-05-09,10,3
Çek Tahsilat,2025-05-09,11,11
Çek Tahsilat,2025-05-09,13,4
Çek Tahsilat,2025-05-09,15,13
Çek Tahsilat,2025-05-09,16,5
Çek Tahsilat,2025-05-09,17,4
Çek Tahsilat,2025-05-09,18,3
Çek Tahsilat,2025-05-09,19,2
Çek Tahsilat,2025-05-12,3,8
Çek Tahsilat,2025-05-12,7,1
Çek Tahsilat,2025-05-12,8,4
Çek Tahsilat,2025-05-12,9,2
Çek Tahsilat,2025-05-12,10,4
Çek Tahsilat,2025-05-12,12,2
Çek Tahsilat,2025-05-12,13,1
Çek Tahsilat,2025-05-12,15,1
Çek Tahsilat,2025-05-12,16,2
Çek Tahsilat,2025-05-13,0,4
Çek Tahsilat,2025-05-13,5,2
Çek Tahsilat,2025-05-13,6,4
Çek Tahsilat,2025-05-13,7,3
Çek Tahsilat,2025-05-13,8,12
Çek Tahsilat,2025-05-13,9,20
Çek Tahsilat,2025-05-13,10,13
Çek Tahsilat,2025-05-13,11,5
Çek Tahsilat,2025-05-13,12,8
Çek Tahsilat,2025-05-13,13,1
Çek Tahsilat,2025-05-13,14,7
Çek Tahsilat,2025-05-13,15,6
Çek Tahsilat,2025-05-13,16,11
Çek Tahsilat,2025-05-13,17,5
Çek Tahsilat,2025-05-13,18,5
Çek Tahsilat,2025-05-13,19,1
Çek Tahsilat,2025-05-14,0,1
Çek Tahsilat,2025-05-14,7,6
Çek Tahsilat,2025-05-14,8,2
Çek Tahsilat,2025-05-14,9,6
Çek Tahsilat,2025-05-14,10,18
Çek Tahsilat,2025-05-14,12,3
Çek Tahsilat,2025-05-14,14,22
Çek Tahsilat,2025-05-14,15,8
Çek Tahsilat,2025-05-14,16,1
Çek Tahsilat,2025-05-14,17,1
Çek Tahsilat,2025-05-15,6,1
Çek Tahsilat,2025-05-15,8,1
Çek Tahsilat,2025-05-15,9,8
Çek Tahsilat,2025-05-15,10,7
Çek Tahsilat,2025-05-15,13,4
Çek Tahsilat,2025-05-15,14,2
Çek Tahsilat,2025-05-16,7,1
Çek Tahsilat,2025-05-16,8,9
Çek Tahsilat,2025-05-16,10,3
Çek Tahsilat,2025-05-16,11,7
Çek Tahsilat,2025-05-16,12,9
Çek Tahsilat,2025-05-16,13,3
Çek Tahsilat,2025-05-16,14,21
Çek Tahsilat,2025-05-16,15,2
Çek Tahsilat,2025-05-16,16,5
Çek Tahsilat,2025-05-16,17,4
Çek Tahsilat,2025-05-16,23,3
Çek Tahsilat,2025-05-20,2,5
Çek Tahsilat,2025-05-20,5,9
Çek Tahsilat,2025-05-20,6,6
Çek Tahsilat,2025-05-20,7,4
Çek Tahsilat,2025-05-20,8,3
Çek Tahsilat,2025-05-20,9,14
Çek Tahsilat,2025-05-20,10,23
Çek Tahsilat,2025-05-20,11,8
Çek Tahsilat,2025-05-20,12,6
Çek Tahsilat,2025-05-20,13,4
Çek Tahsilat,2025-05-20,14,9
Çek Tahsilat,2025-05-20,15,23
Çek Tahsilat,2025-05-20,16,6
Çek Tahsilat,2025-05-20,18,7
Çek Tahsilat,2025-05-20,19,3
Çek Tahsilat,2025-05-21,7,3
Çek Tahsilat,2025-05-21,8,4
Çek Tahsilat,2025-05-21,9,2
Çek Tahsilat,2025-05-21,10,2
Çek Tahsilat,2025-05-21,15,2
Çek Tahsilat,2025-05-21,16,1
Çek Tahsilat,2025-05-22,2,1
Çek Tahsilat,2025-05-22,8,5
Çek Tahsilat,2025-05-22,9,14
Çek Tahsilat,2025-05-22,10,9
Çek Tahsilat,2025-05-22,11,5
Çek Tahsilat,2025-05-22,13,7
Çek Tahsilat,2025-05-22,14,13
Çek Tahsilat,2025-05-22,15,2
Çek Tahsilat,2025-05-22,16,3
Çek Tahsilat,2025-05-22,17,4
Çek Tahsilat,2025-05-23,8,2
Çek Tahsilat,2025-05-23,9,2
Çek Tahsilat,2025-05-23,10,2
Çek Tahsilat,2025-05-23,12,1
Çek Tahsilat,2025-05-23,13,3
Çek Tahsilat,2025-05-23,14,3
Çek Tahsilat,2025-05-23,15,4
Çek Tahsilat,2025-05-23,17,4
Çek Tahsilat,2025-05-23,18,1
Çek Tahsilat,2025-05-26,7,2
Çek Tahsilat,2025-05-26,8,6
Çek Tahsilat,2025-05-26,9,17
Çek Tahsilat,2025-05-26,10,5
Çek Tahsilat,2025-05-26,11,3
Çek Tahsilat,2025-05-26,12,7
Çek Tahsilat,2025-05-26,13,2
Çek Tahsilat,2025-05-26,14,6
Çek Tahsilat,2025-05-26,15,5
Çek Tahsilat,2025-05-26,16,10
Çek Tahsilat,2025-05-26,18,4
Çek Tahsilat,2025-05-26,21,1
Çek Tahsilat,2025-05-27,3,2
Çek Tahsilat,2025-05-27,5,1
Çek Tahsilat,2025-05-27,6,9
Çek Tahsilat,2025-05-27,7,10
Çek Tahsilat,2025-05-27,8,14
Çek Tahsilat,2025-05-27,9,6
Çek Tahsilat,2025-05-27,10,22
Çek Tahsilat,2025-05-27,11,8
Çek Tahsilat,2025-05-27,12,22
Çek Tahsilat,2025-05-27,13,13
Çek Tahsilat,2025-05-27,14,12
Çek Tahsilat,2025-05-27,15,1
Çek Tahsilat,2025-05-27,16,3
Çek Tahsilat,2025-05-27,18,1
Çek Tahsilat,2025-05-28,5,1
Çek Tahsilat,2025-05-28,6,1
Çek Tahsilat,2025-05-28,7,1
Çek Tahsilat,2025-05-28,9,5
Çek Tahsilat,2025-05-28,10,12
Çek Tahsilat,2025-05-28,11,4
Çek Tahsilat,2025-05-28,13,13
Çek Tahsilat,2025-05-28,14,11
Çek Tahsilat,2025-05-28,15,20
Çek Tahsilat,2025-05-28,16,2
Çek Tahsilat,2025-05-28,17,6
Çek Tahsilat,2025-05-29,6,1
Çek Tahsilat,2025-05-29,7,5
Çek Tahsilat,2025-05-29,8,6
Çek Tahsilat,2025-05-29,9,10
Çek Tahsilat,2025-05-29,10,8
Çek Tahsilat,2025-05-29,11,2
Çek Tahsilat,2025-05-29,12,2
Çek Tahsilat,2025-05-29,13,2
Çek Tahsilat,2025-05-29,16,6
Çek Tahsilat,2025-05-29,17,1
Çek Tahsilat,2025-05-29,18,5
Çek Tahsilat,2025-05-29,19,1
Çek Tahsilat,2025-05-30,8,3
Çek Tahsilat,2025-05-30,9,1
Çek Tahsilat,2025-05-30,10,19
Çek Tahsilat,2025-05-30,11,3
Çek Tahsilat,2025-05-30,12,3
Çek Tahsilat,2025-05-30,13,2
Çek Tahsilat,2025-05-30,14,6
Çek Tahsilat,2025-05-30,15,7
Çek Tahsilat,2025-05-30,16,9
Çek Tahsilat,2025-05-30,17,1
Çek Tahsilat,2025-06-02,7,1
Çek Tahsilat,2025-06-02,8,9
Çek Tahsilat,2025-06-02,9,5
Çek Tahsilat,2025-06-02,10,2
Çek Tahsilat,2025-06-02,11,3
Çek Tahsilat,2025-06-02,12,1
Çek Tahsilat,2025-06-02,13,4
Çek Tahsilat,2025-06-02,15,3
Çek Tahsilat,2025-06-02,16,4
Çek Tahsilat,2025-06-02,17,4
Çek Tahsilat,2025-06-02,21,1
Çek Tahsilat,2025-06-03,7,1
Çek Tahsilat,2025-06-03,9,1
Çek Tahsilat,2025-06-03,10,11
Çek Tahsilat,2025-06-03,11,10
Çek Tahsilat,2025-06-03,12,7
Çek Tahsilat,2025-06-03,13,6
Çek Tahsilat,2025-06-03,14,10
Çek Tahsilat,2025-06-03,16,2
Çek Tahsilat,2025-06-03,17,2
Çek Tahsilat,2025-06-03,18,1
Çek Tahsilat,2025-06-03,19,2
Çek Tahsilat,2025-06-04,6,3
Çek Tahsilat,2025-06-04,7,1
Çek Tahsilat,2025-06-04,9,5
Çek Tahsilat,2025-06-04,10,6
Çek Tahsilat,2025-06-04,12,1
Çek Tahsilat,2025-06-04,13,5
Çek Tahsilat,2025-06-04,15,4
Çek Tahsilat,2025-06-04,16,5
Çek Tahsilat,2025-06-05,1,5
Çek Tahsilat,2025-06-05,4,1
Çek Tahsilat,2025-06-05,6,2
Çek Tahsilat,2025-06-05,7,2
Çek Tahsilat,2025-06-05,8,8
Çek Tahsilat,2025-06-05,9,7
Çek Tahsilat,2025-06-05,10,10
Çek Tahsilat,2025-06-05,11,18
Çek Tahsilat,2025-06-05,13,4
Çek Tahsilat,2025-06-05,14,18
Çek Tahsilat,2025-06-05,15,5
Çek Tahsilat,2025-06-05,16,1
Çek Tahsilat,2025-06-05,17,1
Çek Tahsilat,2025-06-05,18,14
Çek Tahsilat,2025-06-05,19,3
Çek Tahsilat,2025-06-10,7,1
Çek Tahsilat,2025-06-10,8,7
Çek Tahsilat,2025-06-10,9,3
Çek Tahsilat,2025-06-10,10,9
Çek Tahsilat,2025-06-10,11,18
Çek Tahsilat,2025-06-10,12,2
Çek Tahsilat,2025-06-10,13,2
Çek Tahsilat,2025-06-10,14,2
Çek Tahsilat,2025-06-10,15,7
Çek Tahsilat,2025-06-10,16,10
Çek Tahsilat,2025-06-10,17,1
Çek Tahsilat,2025-06-10,19,1
Çek Tahsilat,2025-06-11,6,2
Çek Tahsilat,2025-06-11,8,1
Çek Tahsilat,2025-06-11,9,2
Çek Tahsilat,2025-06-11,10,1
Çek Tahsilat,2025-06-11,12,1
Çek Tahsilat,2025-06-11,13,3
Çek Tahsilat,2025-06-11,15,3
Çek Tahsilat,2025-06-11,16,2
Çek Tahsilat,2025-06-11,17,1
Çek Tahsilat,2025-06-12,7,2
Çek Tahsilat,2025-06-12,8,1
Çek Tahsilat,2025-06-12,10,2
Çek Tahsilat,2025-06-12,11,7
Çek Tahsilat,2025-06-12,12,1
Çek Tahsilat,2025-06-12,13,2
Çek Tahsilat,2025-06-12,16,2
Çek Tahsilat,2025-06-13,6,2
Çek Tahsilat,2025-06-13,8,12
Çek Tahsilat,2025-06-13,9,1
Çek Tahsilat,2025-06-13,10,6
Çek Tahsilat,2025-06-13,11,20
Çek Tahsilat,2025-06-13,13,2
Çek Tahsilat,2025-06-13,14,5
Çek Tahsilat,2025-06-13,15,1
Çek Tahsilat,2025-06-13,16,8
Çek Tahsilat,2025-06-13,17,2
Çek Tahsilat,2025-06-13,18,3
Çek Tahsilat,2025-06-13,21,2
Çek Tahsilat,2025-06-16,0,2
Çek Tahsilat,2025-06-16,6,11
Çek Tahsilat,2025-06-16,7,3
Çek Tahsilat,2025-06-16,8,2
Çek Tahsilat,2025-06-16,9,14
Çek Tahsilat,2025-06-16,10,21
Çek Tahsilat,2025-06-16,11,50
Çek Tahsilat,2025-06-16,12,4
Çek Tahsilat,2025-06-16,13,10
Çek Tahsilat,2025-06-16,14,7
Çek Tahsilat,2025-06-16,15,4
Çek Tahsilat,2025-06-16,16,4
Çek Tahsilat,2025-06-16,18,5
Çek Tahsilat,2025-06-16,19,21
Çek Tahsilat,2025-06-17,7,1
Çek Tahsilat,2025-06-17,8,1
Çek Tahsilat,2025-06-17,9,5
Çek Tahsilat,2025-06-17,10,4
Çek Tahsilat,2025-06-17,11,6
Çek Tahsilat,2025-06-17,12,1
Çek Tahsilat,2025-06-17,13,3
Çek Tahsilat,2025-06-17,14,3
Çek Tahsilat,2025-06-17,15,2
Çek Tahsilat,2025-06-17,16,2
Çek Tahsilat,2025-06-17,19,4
Çek Tahsilat,2025-06-18,7,4
Çek Tahsilat,2025-06-18,8,2
Çek Tahsilat,2025-06-18,9,5
Çek Tahsilat,2025-06-18,10,1
Çek Tahsilat,2025-06-18,11,2
Çek Tahsilat,2025-06-18,13,4
Çek Tahsilat,2025-06-18,14,2
Çek Tahsilat,2025-06-18,15,3
Çek Tahsilat,2025-06-18,16,4
Çek Tahsilat,2025-06-19,6,7
Çek Tahsilat,2025-06-19,7,4
Çek Tahsilat,2025-06-19,8,13
Çek Tahsilat,2025-06-19,9,2
Çek Tahsilat,2025-06-19,10,12
Çek Tahsilat,2025-06-19,11,5
Çek Tahsilat,2025-06-19,12,2
Çek Tahsilat,2025-06-19,13,7
Çek Tahsilat,2025-06-19,14,2
Çek Tahsilat,2025-06-19,15,7
Çek Tahsilat,2025-06-19,16,4
Çek Tahsilat,2025-06-19,18,1
Çek Tahsilat,2025-06-20,0,1
Çek Tahsilat,2025-06-20,1,2
Çek Tahsilat,2025-06-20,7,3
Çek Tahsilat,2025-06-20,8,7
Çek Tahsilat,2025-06-20,9,3
Çek Tahsilat,2025-06-20,10,2
Çek Tahsilat,2025-06-20,11,2
Çek Tahsilat,2025-06-20,14,1
Çek Tahsilat,2025-06-20,15,1
Çek Tahsilat,2025-06-20,16,1
Çek Tahsilat,2025-06-20,18,1
Çek Tahsilat,2025-06-20,19,1
Çek Tahsilat,2025-06-23,1,11
Çek Tahsilat,2025-06-23,2,3
Çek Tahsilat,2025-06-23,7,16
Çek Tahsilat,2025-06-23,8,9
Çek Tahsilat,2025-06-23,9,23
Çek Tahsilat,2025-06-23,10,3
Çek Tahsilat,2025-06-23,12,2
Çek Tahsilat,2025-06-23,13,4
Çek Tahsilat,2025-06-23,14,8
Çek Tahsilat,2025-06-23,15,12
Çek Tahsilat,2025-06-23,16,17
Çek Tahsilat,2025-06-23,17,6
Çek Tahsilat,2025-06-23,18,1
Çek Tahsilat,2025-06-24,7,1
Çek Tahsilat,2025-06-24,8,9
Çek Tahsilat,2025-06-24,9,4
Çek Tahsilat,2025-06-24,10,1
Çek Tahsilat,2025-06-24,11,4
Çek Tahsilat,2025-06-24,13,4
Çek Tahsilat,2025-06-24,14,2
Çek Tahsilat,2025-06-24,15,4
Çek Tahsilat,2025-06-24,16,5
Çek Tahsilat,2025-06-24,17,5
Çek Tahsilat,2025-06-24,18,3
Çek Tahsilat,2025-06-25,1,1
Çek Tahsilat,2025-06-25,3,1
Çek Tahsilat,2025-06-25,7,6
Çek Tahsilat,2025-06-25,8,1
Çek Tahsilat,2025-06-25,9,14
Çek Tahsilat,2025-06-25,10,17
Çek Tahsilat,2025-06-25,11,20
Çek Tahsilat,2025-06-25,12,7
Çek Tahsilat,2025-06-25,13,1
Çek Tahsilat,2025-06-25,14,6
Çek Tahsilat,2025-06-25,15,5
Çek Tahsilat,2025-06-25,16,6
Çek Tahsilat,2025-06-25,17,11
Çek Tahsilat,2025-06-25,18,1
Çek Tahsilat,2025-06-26,2,1
Çek Tahsilat,2025-06-26,7,2
Çek Tahsilat,2025-06-26,8,2
Çek Tahsilat,2025-06-26,9,4
Çek Tahsilat,2025-06-26,11,4
Çek Tahsilat,2025-06-26,12,1
Çek Tahsilat,2025-06-26,13,1
Çek Tahsilat,2025-06-26,14,2
Çek Tahsilat,2025-06-26,15,1
Çek Tahsilat,2025-06-26,16,1
Çek Tahsilat,2025-06-27,1,1
Çek Tahsilat,2025-06-27,8,1
Çek Tahsilat,2025-06-27,9,4
Çek Tahsilat,2025-06-27,10,5
Çek Tahsilat,2025-06-27,12,1
Çek Tahsilat,2025-06-27,14,3
Çek Tahsilat,2025-06-27,16,2
Çek Tahsilat,2025-06-27,17,1
Çek Tahsilat,2025-06-30,1,1
Çek Tahsilat,2025-06-30,7,4
Çek Tahsilat,2025-06-30,8,1
Çek Tahsilat,2025-06-30,10,1
Çek Tahsilat,2025-06-30,14,1
Çek Tahsilat,2025-06-30,16,5
Çek Tahsilat,2025-06-30,18,1
Çek Tahsilat,2025-06-30,20,2
